# Time-averaged data for fix rdf300out
# TimeStep Number-of-rows
# Row c_rdf300[1] c_rdf300[2] c_rdf300[3] c_rdf300[4] c_rdf300[5] c_rdf300[6] c_rdf300[7] c_rdf300[8] c_rdf300[9] c_rdf300[10] c_rdf300[11] c_rdf300[12] c_rdf300[13] c_rdf300[14] c_rdf300[15] c_rdf300[16] c_rdf300[17] c_rdf300[18] c_rdf300[19] c_rdf300[20] c_rdf300[21]
10000 200
1 0.015 0 0 0 0 0 0 0 0 0 0 0 0 0 0 0 0 0 0 0 0
2 0.045 0 0 0 0 0 0 0 0 0 0 0 0 0 0 0 0 0 0 0 0
3 0.075 0 0 0 0 0 0 0 0 0 0 0 0 0 0 0 0 0 0 0 0
4 0.105 0 0 0 0 0 0 0 0 0 0 0 0 0 0 0 0 0 0 0 0
5 0.135 0 0 0 0 0 0 0 0 0 0 0 0 0 0 0 0 0 0 0 0
6 0.165 0 0 0 0 0 0 0 0 0 0 0 0 0 0 0 0 0 0 0 0
7 0.195 0 0 0 0 0 0 0 0 0 0 0 0 0 0 0 0 0 0 0 0
8 0.225 0 0 0 0 0 0 0 0 0 0 0 0 0 0 0 0 0 0 0 0
9 0.255 0 0 0 0 0 0 0 0 0 0 0 0 0 0 0 0 0 0 0 0
10 0.285 0 0 0 0 0 0 0 0 0 0 0 0 0 0 0 0 0 0 0 0
11 0.315 0 0 0 0 0 0 0 0 0 0 0 0 0 0 0 0 0 0 0 0
12 0.345 0 0 0 0 0 0 0 0 0 0 0 0 0 0 0 0 0 0 0 0
13 0.375 0 0 0 0 0 0 0 0 0 0 0 0 0 0 0 0 0 0 0 0
14 0.405 0 0 0 0 0 0 0 0 0 0 0 0 0 0 0 0 0 0 0 0
15 0.435 0 0 0 0 0 0 0 0 0 0 0 0 0 0 0 0 0 0 0 0
16 0.465 0 0 0 0 0 0 0 0 0 0 0 0 0 0 0 0 0 0 0 0
17 0.495 0 0 0 0 0 0 0 0 0 0 0 0 0 0 0 0 0 0 0 0
18 0.525 0 0 0 0 0 0 0 0 0 0 0 0 0 0 0 0 0 0 0 0
19 0.555 0 0 0 0 0 0 0 0 0 0 0 0 0 0 0 0 0 0 0 0
20 0.585 0 0 0 0 0 0 0 0 0 0 0 0 0 0 0 0 0 0 0 0
21 0.615 0 0 0 0 0 0 0 0 0 0 0 0 0 0 0 0 0 0 0 0
22 0.645 0 0 0 0 0 0 0 0 0 0 0 0 0 0 0 0 0 0 0 0
23 0.675 0 0 0 0 0 0 0 0 0 0 0 0 0 0 0 0 0 0 0 0
24 0.705 0 0 0 0 0 0 0 0 0 0 0 0 0 0 0 0 0 0 0 0
25 0.735 0 0 0 0 0 0 0 0 0 0 0 0 0 0 0 0 0 0 0 0
26 0.765 0 0 0 0 0 0 0 0 0 0 0 0 0 0 0 0 0 0 0 0
27 0.795 0 0 0 0 0 0 0 0 0 0 0 0 0 0 0 0 0 0 0 0
28 0.825 0 0 0 0 0 0 0 0 0 0 0 0 0 0 0 0 0 0 0 0
29 0.855 0 0 0 0 0 0 0 0 0 0 0 0 0 0 0 0 0 0 0 0
30 0.885 0 0 0 0 0 0 0 0 0 0 0 0 0 0 0 0 0 0 0 0
31 0.915 0 0 0 0 0 0 0 0 0 0 0 0 0 0 0 0 0 0 0 0
32 0.945 0 0 0 0 0 0 0 0 0 0 0 0 0 0 0 0 0 0 0 0
33 0.975 0 0 0 0 0 0 0 0 0 0 0 0 0 0 0 0 0 0 0 0
34 1.005 0 0 0 0 0 0 0 0 0 0 0 0 0 0 0 0 0 0 0 0
35 1.035 0 0 0 0 0 0 0 0 0 0 0 0 0 0 0 0 0 0 0 0
36 1.065 0 0 0 0 0 0 0 0 0 0 0 0 0 0 0 0 0 0 0 0
37 1.095 0 0 0 0 0 0 0 0 0 0 0 0 0 0 0 0 0 0 0 0
38 1.125 0 0 0 0 0 0 0 0 0 0 0 0 0 0 0 0 0 0 7.10571 0.00273973
39 1.155 0 0 0 0 0 0 0 0 0 0 0 0 0 0 0 0 0 0 3.36656 0.00410959
40 1.185 0 0 0 0 0 0 0 0 0 0 0 0 0 0 0 0 0 0 3.20659 0.00547945
41 1.215 0 0 0 0 0 0 0 0 0 0 0 0 0 0 0 0 0 0 0 0.00547945
42 1.245 0 0 0 0 0 0 0 0 0.021359 2.16201e-05 0 0 0 0 0 0 0 0 5.79979 0.00821918
43 1.275 0 0 0 0 0 0 0 0 0.00679422 2.88268e-05 0 0 0 0 0 0 0 0 5.53063 0.0109589
44 1.305 0 0 0 0 0 0 0 0 0.012975 4.32401e-05 0 0 0 0 0 0 0 0 0 0.0109589
45 1.335 0 0 0 0 0 0 0 0 0.0123974 5.76535e-05 0 0 0 0 0 0 0 0 0 0.0109589
46 1.365 0 0 0 0 0 0 0 0 0 5.76535e-05 0 0 0 0 0 0 0 0 0 0.0109589
47 1.395 0 0 0 0 0 0 0 0 0 5.76535e-05 0 0 0 0 0 0 0 0 2.31382 0.0123288
48 1.425 0 0 0 0 0 0 0 0 0 5.76535e-05 0 0 0 0 0 0 0 0 4.43797 0.0150685
49 1.455 0 0 0 0 0 0 0 0 0 5.76535e-05 0 0 0 0 0 0 0 0 0 0.0150685
50 1.485 0 0 0 0 0 0 0 0 0.00500203 6.48602e-05 0 0 0 0 0 0 0 0 6.1233 0.0191781
51 1.515 0 0 0 0 0 0 0 0 0.00480614 7.20669e-05 0 0 0 0 0 0 0.451204 0.000315457 0 0.0191781
52 1.545 0 0 0 0 0 0 0 0 0 7.20669e-05 0 0 0 0 0 0 0 0.000315457 0 0.0191781
53 1.575 0 0 0 0 0 0 0 0 0 7.20669e-05 0 0 0 0 0 0 0 0.000315457 0 0.0191781
54 1.605 0 0 0 0 0 0 0 0 0.00856589 8.64803e-05 0 0 0 0 0 0 0.403646 0.000630915 0 0.0191781
55 1.635 0 0 0 0 0 0 0 0 0.00413202 9.36869e-05 0 0 0 0 0.635584 0.000515464 0.387378 0.000946372 11.783 0.0287671
56 1.665 0 0 0 0 0.0512039 4.32401e-05 0 0 0 9.36869e-05 0 0 0 0 0 0.000515464 0 0.000946372 0 0.0287671
57 1.695 0 0 0 0 0.222496 0.000237821 0 0 0.0038444 0.000100894 0 0 0 0 2.35677 0.00257732 0.360686 0.00126183 4.69642 0.0328767
58 1.725 0 0 0 0 1.15313 0.00128279 0.0121147 1.44134e-05 0.0074415 0.000115307 0 0 0.358529 0.000324675 2.8433 0.00515464 0 0.00126183 9.0683 0.0410959
59 1.755 0 0 0 0 2.65111 0.0037691 0.00585203 2.16201e-05 0 0.000115307 0 0 1.45478 0.00168831 8.79226 0.0134021 0.673331 0.00189274 4.37721 0.0452055
60 1.785 0 0 0 0 4.39757 0.00803546 0 2.16201e-05 0 0.000115307 0 0 2.81127 0.00441558 10.6215 0.0237113 0.325447 0.0022082 4.23851 0.0493151
61 1.815 0 0 0 0 4.92861 0.0129792 0.0054718 2.88268e-05 0.00335733 0.000122514 0 0 3.62483 0.00805195 17.9804 0.0417526 1.88549 0.00410095 4.09537 0.0534247
62 1.845 0 0 0 0 4.0044 0.0171303 0.00529727 3.60334e-05 0 0.000122514 0 0 4.57304 0.0127922 6.95847 0.0489691 1.52106 0.00567823 3.96147 0.0575342
63 1.875 0 0 0 0 3.2113 0.0205679 0.00513364 4.32401e-05 0.00314388 0.00012972 0 0 3.88156 0.0169481 6.25568 0.0556701 0 0.00567823 1.27905 0.0589041
64 1.905 0 0 0 0 3.69761 0.0246541 0 4.32401e-05 0 0.00012972 0 0 3.76039 0.0211039 4.20024 0.0603093 1.71605 0.00757098 4.95676 0.0643836
65 1.935 0 0 0 0 4.34901 0.0296123 0.00482055 5.04468e-05 0.00294977 0.000136927 0 0 3.1315 0.0246753 3.62055 0.064433 0.829731 0.00851735 3.60148 0.0684932
66 1.965 0 0 0.00117728 1.44134e-05 4.62086 0.0350461 0.0233739 8.64803e-05 0.00286073 0.000144134 0 0 3.3696 0.0286364 0.877642 0.0654639 0.804961 0.00946372 0 0.0684932
67 1.995 0.000126807 1.44134e-05 0.00343131 5.76535e-05 4.70983 0.0407538 0.0181351 0.000115307 0.00832925 0.000165754 0 0 3.2144 0.0325325 0 0.0654639 0.259959 0.00977918 3.38861 0.0726027
68 2.025 0.00036991 5.76535e-05 0.00221712 8.64803e-05 3.80911 0.0455102 0.0176232 0.000144134 0.00808478 0.000187374 0 0 3.06815 0.0363636 0 0.0654639 0 0.00977918 2.19547 0.0753425
69 2.055 0.000836668 0.000158547 0.0102348 0.000223407 2.9141 0.0492577 0.025643 0.000187374 0.0104553 0.000216201 0 0 2.37343 0.0394156 0 0.0654639 0.245234 0.0100946 0 0.0753425
70 2.085 0.000812433 0.000259441 0.00993752 0.000360334 2.058 0.0519818 0.0622956 0.000295474 0.0533943 0.000367541 0 0 2.64999 0.0429221 0 0.0654639 0.476276 0.0107256 0 0.0753425
71 2.115 0.00169421 0.000475641 0.0233835 0.000691842 1.10576 0.053488 0.0686204 0.000417988 0.130919 0.000749496 0 0 1.71607 0.0452597 0 0.0654639 0.463955 0.0113565 0 0.0753425
72 2.145 0.00482776 0.00110983 0.0449715 0.00134765 0.853877 0.0546843 0.188389 0.000763909 0.220894 0.00141251 0.0104114 7.20669e-06 1.11164 0.0468182 0 0.0654639 0.225061 0.0116719 0 0.0753425
73 2.175 0.0131273 0.00288268 0.0942446 0.00276016 0.455459 0.0553402 0.255689 0.00124676 0.4134 0.00268809 0.0101806 1.44134e-05 1.03745 0.0483117 0.717338 0.0664948 0.438518 0.0123028 0 0.0753425
74 2.205 0.0412265 0.00860479 0.181945 0.00556356 0.24346 0.0557005 0.34899 0.00192419 0.779362 0.00515999 0.0197436 2.88268e-05 0.526268 0.0490909 0 0.0664948 0.427141 0.0129338 0 0.0753425
75 2.235 0.117435 0.0253531 0.356039 0.0111992 0.217911 0.056032 0.636038 0.00319256 1.10812 0.00877054 0.0480481 6.48602e-05 0.213235 0.0494156 0.339199 0.0670103 0.414626 0.0135647 0.901451 0.0767123
76 2.265 0.292472 0.0681897 0.710212 0.0227443 0.110789 0.056205 0.925524 0.00508792 1.76595 0.01468 0.0748106 0.000122514 0.208028 0.0497403 0 0.0670103 0.404808 0.0141956 0.87715 0.0780822
77 2.295 0.680087 0.170453 1.30752 0.0445662 0.0449429 0.056277 1.42917 0.00809311 2.40613 0.0229461 0.172954 0.000259441 0.161997 0.05 0 0.0670103 0.393238 0.0148265 0.857291 0.0794521
78 2.325 1.40356 0.387057 2.16054 0.0815725 0.0526087 0.0563635 2.13404 0.0126982 2.88623 0.0331219 0.452535 0.000626982 0.0394609 0.0500649 0.314318 0.0675258 0.191826 0.015142 0 0.0794521
79 2.355 2.62378 0.802479 3.2518 0.138714 0.0512197 0.05645 2.78674 0.0188671 3.72571 0.0465984 0.951781 0.00141972 0.15393 0.0503247 0.305128 0.0680412 0.747024 0.0164038 0 0.0794521
80 2.385 4.02088 1.45541 4.37566 0.217577 0.0291259 0.0565004 3.2917 0.0263404 4.19797 0.0621721 1.49286 0.0026953 0.0374259 0.0503896 0.29748 0.0685567 0.364695 0.0170347 0 0.0794521
81 2.415 5.42217 2.35816 5.12489 0.31228 0.00405109 0.0565076 3.72738 0.0350173 4.39547 0.0788916 2.43578 0.00482848 0.0730075 0.0505195 0.290135 0.0690722 0.177798 0.0173502 0 0.0794521
82 2.445 6.11508 3.40172 5.5014 0.416482 0.01586 0.0565365 4.13498 0.0448833 4.26622 0.0955246 3.88475 0.00831652 0.0356116 0.0505844 0 0.0690722 0 0.0173502 0 0.0794521
83 2.475 5.91567 4.43616 5.10862 0.515631 0.0270443 0.0565869 4.19453 0.0551384 4.00108 0.111509 4.89558 0.0128207 0.0348451 0.0506494 0 0.0690722 0.33892 0.0179811 0 0.0794521
84 2.505 4.88333 5.31091 4.2479 0.600086 0.0188559 0.0566229 3.91911 0.0649539 3.432 0.125555 5.1542 0.017678 0 0.0506494 0 0.0690722 0.165708 0.0182965 0 0.0794521
85 2.535 3.56319 5.96456 3.24536 0.666165 0.0220955 0.0566662 3.31843 0.073465 2.73397 0.137014 5.12913 0.022629 0.0332152 0.0507143 0.263498 0.0695876 0.161361 0.018612 0 0.0794521
86 2.565 2.32914 6.402 2.20664 0.712165 0.0251595 0.0567166 3.07097 0.0815293 2.41676 0.147384 4.10572 0.0266864 0 0.0507143 0.772429 0.071134 0.157399 0.0189274 0 0.0794521
87 2.595 1.46589 6.6838 1.52735 0.744754 0.0245953 0.0567671 2.47491 0.088181 1.85739 0.155542 3.61307 0.0303402 0 0.0507143 0 0.071134 0 0.0189274 0 0.0794521
88 2.625 0.976187 6.87583 1.18535 0.770633 0.0274814 0.0568247 2.16147 0.0941265 1.58107 0.162648 2.5418 0.0329706 0.0309772 0.0507792 0 0.071134 0 0.0189274 0.651796 0.0808219
89 2.655 0.857644 7.04841 1.11669 0.795575 0.0134398 0.0568536 1.87489 0.0994018 1.49535 0.169523 2.34152 0.0354497 0.0302811 0.0508442 0.23974 0.0716495 0 0.0189274 0 0.0808219
90 2.685 1.00694 7.25565 1.29386 0.82513 0.0525527 0.0569689 1.66267 0.104187 1.44832 0.176333 1.47091 0.0370424 0.0295887 0.0509091 0.468837 0.0726804 0 0.0189274 0 0.0808219
91 2.715 1.35151 7.54005 1.553 0.861401 0.0673936 0.0571202 1.70963 0.109217 1.40903 0.183108 1.75112 0.038981 0.144687 0.0512338 0 0.0726804 0.140497 0.0192429 0.609525 0.0821918
92 2.745 1.8272 7.93309 1.95425 0.908057 0.0596639 0.0572571 1.73972 0.114449 1.53834 0.190667 1.85294 0.0410781 0.113253 0.0514935 0.449438 0.0737113 0.137616 0.0195584 0.596801 0.0835616
93 2.775 2.33004 8.4453 2.25129 0.962986 0.0614989 0.0574013 1.83127 0.120078 1.51261 0.198263 2.05645 0.0434563 0.193853 0.0519481 0.219546 0.0742268 0.134303 0.0198738 0 0.0835616
94 2.805 2.70578 9.05304 2.49478 1.02518 0.0811885 0.0575958 1.73271 0.125519 1.52377 0.206082 2.3781 0.0462669 0.0542057 0.0520779 0.645064 0.0757732 0.131452 0.0201893 0.573892 0.0849315
95 2.835 2.78629 9.69232 2.51757 1.08929 0.117753 0.0578841 1.81302 0.131335 1.49854 0.213938 2.20896 0.0489334 0.132791 0.0524026 0.210821 0.0762887 0.128733 0.0205047 0.558811 0.0863014
96 2.865 2.6398 10.3109 2.30503 1.14924 0.173004 0.0583165 1.83249 0.137338 1.40697 0.221469 2.30895 0.0517801 0.0779258 0.0525974 0.619307 0.0778351 0.126332 0.0208202 2.73853 0.0931507
97 2.895 2.23316 10.8451 1.97472 1.20167 0.206122 0.0588426 1.62233 0.142764 1.37135 0.228964 1.89531 0.0541655 0.178179 0.0530519 1.00927 0.0804124 0.370568 0.0217666 1.07279 0.0958904
98 2.925 1.74333 11.2709 1.5534 1.24378 0.282063 0.0595777 1.46249 0.147759 1.26064 0.235997 1.79461 0.0564716 0.273958 0.0537662 0 0.0804124 0.484057 0.0230284 1.57574 0.1
99 2.955 1.23771 11.5794 1.09692 1.27413 0.471605 0.0608317 1.22834 0.152039 1.04402 0.241943 1.30242 0.0581796 0.195563 0.0542857 0.581618 0.0819588 0.712697 0.0249211 0 0.1
100 2.985 0.830378 11.7906 0.809704 1.29699 0.632187 0.0625468 1.06575 0.15583 0.979623 0.247636 1.0609 0.0595993 0.478657 0.0555844 0.380206 0.0829897 1.39552 0.0287066 1.51539 0.10411
101 3.015 0.515008 11.9243 0.535209 1.3124 0.877439 0.0649755 0.778622 0.158655 0.791329 0.252328 0.77607 0.0606587 0.679859 0.0574675 1.67735 0.0876289 1.9389 0.0340694 1.48644 0.108219
102 3.045 0.313658 12.0073 0.330907 1.32212 1.04915 0.0679374 0.603628 0.160889 0.663687 0.256342 0.636584 0.0615451 0.758863 0.0596104 0.5471 0.0891753 1.45319 0.0381703 1.93979 0.113699
103 3.075 0.180166 12.0559 0.209497 1.3284 1.30898 0.0717065 0.492618 0.162749 0.553918 0.259758 0.390661 0.0621 0.947439 0.0623377 0.89457 0.0917526 2.08154 0.044164 2.85504 0.121918
104 3.105 0.107255 12.0854 0.138005 1.33262 1.61041 0.0764341 0.404499 0.164305 0.44243 0.26254 0.258754 0.0624748 1.37105 0.0663636 0.877435 0.0943299 3.11473 0.0533123 3.26479 0.131507
105 3.135 0.0600061 12.1023 0.0916333 1.33547 1.91674 0.0821707 0.314082 0.165538 0.324872 0.264622 0.190449 0.0627558 1.60523 0.0711688 0.68941 0.0963918 2.63587 0.0611987 2.74728 0.139726
106 3.165 0.0344756 12.1121 0.0701568 1.3377 2.12172 0.0886423 0.230658 0.16646 0.272462 0.266402 0.119711 0.062936 1.91617 0.077013 1.01543 0.0994845 1.96548 0.0671924 0.897442 0.142466
107 3.195 0.0208212 12.1182 0.041221 1.33903 2.13759 0.0952868 0.194555 0.167253 0.277088 0.268247 0.0799449 0.0630585 1.98465 0.0831818 1.4928 0.104124 1.52178 0.0719243 1.32191 0.146575
108 3.225 0.0134001 12.1222 0.0297402 1.34001 2.13896 0.102061 0.152716 0.167887 0.211427 0.269681 0.0599848 0.0631522 2.00961 0.0895455 1.46418 0.108763 2.58944 0.0801262 0.863979 0.149315
109 3.255 0.00924464 12.125 0.0227538 1.34078 2.05277 0.108684 0.121029 0.168399 0.148095 0.270705 0.0271862 0.0631954 2.27422 0.0968831 1.91697 0.114948 2.34655 0.0876972 2.54745 0.157534
110 3.285 0.0058945 12.1268 0.0160147 1.34132 1.99152 0.115228 0.08533 0.168766 0.15049 0.271764 0.0177734 0.0632243 2.49021 0.105065 1.09715 0.118557 2.11205 0.0946372 1.66858 0.163014
111 3.315 0.00454744 12.1282 0.0149063 1.34184 1.6304 0.120683 0.0969239 0.169191 0.118648 0.272615 0.0131 0.0632459 1.97937 0.111688 0.770958 0.121134 3.58168 0.106625 0.409493 0.164384
112 3.345 0.00437574 12.1296 0.0140278 1.34234 1.30294 0.125123 0.0742028 0.169523 0.113544 0.273443 0.0128574 0.0632675 1.6963 0.117468 1.21078 0.125258 2.2218 0.114196 0 0.164384
113 3.375 0.00319115 12.1307 0.010179 1.34271 1.23849 0.129418 0.0744652 0.169862 0.0979768 0.274171 0.00841264 0.0632819 1.59162 0.122987 1.18785 0.129381 2.27431 0.122082 0.395317 0.165753
114 3.405 0.00357067 12.1318 0.00961278 1.34306 1.19217 0.133626 0.0731988 0.1702 0.100029 0.274928 0 0.0632819 1.15921 0.127078 0.730427 0.131959 2.94715 0.132492 1.16537 0.169863
115 3.435 0.00410728 12.1332 0.00982729 1.34343 1.21959 0.138008 0.0596514 0.170481 0.127367 0.275908 0.0284307 0.0633324 1.53659 0.132597 1.1472 0.136082 1.93102 0.139432 0.381382 0.171233
116 3.465 0.00395258 12.1346 0.0107989 1.34384 1.34837 0.142937 0.0842196 0.170885 0.114993 0.276809 0.0119876 0.063354 1.54538 0.138247 1.55162 0.141753 1.38021 0.144479 0.749125 0.173973
117 3.495 0.007066 12.137 0.0128466 1.34434 1.63532 0.14902 0.0857425 0.171303 0.157387 0.278063 0.027492 0.0634044 1.76343 0.144805 1.80237 0.148454 2.5453 0.153943 0.3684 0.175342
118 3.525 0.0104417 12.1407 0.0201335 1.34513 1.80568 0.155852 0.0901002 0.17175 0.163623 0.279389 0.0463258 0.0634909 1.85321 0.151818 1.635 0.154639 1.58409 0.159937 1.08548 0.179452
119 3.555 0.0152209 12.1462 0.0295123 1.34631 1.85591 0.162994 0.111409 0.172312 0.182698 0.280895 0.0341513 0.0635558 2.24457 0.160455 2.27674 0.163402 2.21357 0.168454 2.49066 0.189041
120 3.585 0.0214866 12.1541 0.0391098 1.3479 1.88755 0.170381 0.161467 0.173141 0.242441 0.282927 0.0709355 0.0636927 1.99097 0.168247 1.05438 0.167526 2.09537 0.176656 3.15248 0.20137
121 3.615 0.0292844 12.165 0.0600437 1.35039 1.79295 0.177515 0.150559 0.173926 0.267999 0.285212 0.0770983 0.063844 2.17035 0.176883 2.33177 0.176804 1.82291 0.183912 2.40815 0.210959
122 3.645 0.0372004 12.1792 0.0746268 1.35353 1.53912 0.183742 0.169832 0.174827 0.324301 0.288022 0.0902882 0.0640242 1.82968 0.184286 2.42006 0.186598 1.48111 0.189905 2.03285 0.219178
123 3.675 0.0467671 12.1972 0.0978403 1.35772 1.21796 0.18875 0.225917 0.176045 0.405729 0.291597 0.152748 0.0643341 1.76813 0.191558 1.50394 0.192784 1.3808 0.195584 1.99877 0.227397
124 3.705 0.0700584 12.2246 0.127245 1.36325 0.97932 0.192844 0.327447 0.177839 0.449146 0.295618 0.174749 0.0646944 1.14978 0.196364 0.986341 0.196907 1.35854 0.201262 2.29269 0.236986
125 3.735 0.1089 12.268 0.189425 1.37163 0.697273 0.195806 0.380463 0.179958 0.571799 0.300822 0.220128 0.0651557 0.840744 0.199935 0.727492 0.2 1.11396 0.205994 0.644276 0.239726
126 3.765 0.168212 12.3361 0.287667 1.38455 0.524217 0.198069 0.463605 0.182581 0.631372 0.306659 0.287662 0.0657682 0.827551 0.203506 1.19457 0.205155 0.94967 0.210095 0.634065 0.242466
127 3.795 0.268903 12.4467 0.405059 1.40303 0.386194 0.199762 0.616721 0.186127 0.70203 0.313253 0.416421 0.0666691 0.592431 0.206104 1.88059 0.213402 0.718848 0.213249 0.313526 0.243836
128 3.825 0.436426 12.6289 0.57377 1.42963 0.22968 0.200786 0.735444 0.190422 0.821669 0.321094 0.593714 0.0679735 0.349709 0.207662 0.694472 0.216495 0.708128 0.216404 0.614866 0.246575
129 3.855 0.705411 12.9282 0.838256 1.4691 0.175241 0.201578 0.854099 0.195489 0.979246 0.330585 0.723158 0.0695878 0.301585 0.209026 0.341677 0.218041 1.0455 0.221136 0.302332 0.247945
130 3.885 1.06735 13.3881 1.19288 1.52615 0.114484 0.202104 1.07421 0.20196 1.0996 0.34141 1.01094 0.0718795 0.183711 0.20987 0.897218 0.222165 1.37225 0.227445 0 0.247945
131 3.915 1.54368 14.0636 1.58266 1.60301 0.11894 0.202659 1.24632 0.209585 1.31938 0.354598 1.32424 0.0749279 0.403321 0.211753 0.441513 0.224227 1.21653 0.233123 0 0.247945
132 3.945 2.04387 14.9716 1.96619 1.69996 0.141429 0.203329 1.42707 0.218449 1.43637 0.369177 1.57552 0.0786106 0.232907 0.212857 0.979454 0.228866 1.19874 0.238801 0 0.247945
133 3.975 2.46058 16.0815 2.28149 1.81418 0.161757 0.204108 1.68104 0.22905 1.56302 0.385284 1.90708 0.0831364 0.269967 0.214156 0.856646 0.23299 0.982906 0.243533 0.854628 0.252055
134 4.005 2.68724 17.3119 2.43277 1.93782 0.216891 0.205167 1.68973 0.239867 1.56527 0.401658 2.01922 0.0880009 0.451946 0.216364 1.3713 0.239691 0.710598 0.247003 0 0.252055
135 4.035 2.65288 18.5449 2.34891 2.05899 0.308211 0.206695 1.6658 0.250692 1.65466 0.419227 2.03364 0.0929735 0.602434 0.219351 1.24747 0.245876 0.700353 0.250473 0.552799 0.254795
136 4.065 2.34845 19.6527 2.11847 2.1699 0.388151 0.208648 1.66981 0.261704 1.52808 0.435695 2.06166 0.0980902 0.683908 0.222792 1.12623 0.251546 1.19154 0.256467 0.271788 0.256164
137 4.095 1.92289 20.5731 1.73786 2.26223 0.594145 0.211682 1.57102 0.272218 1.43454 0.451384 1.84006 0.102724 1.0936 0.228377 0.908802 0.256186 0.864605 0.260883 0.536173 0.258904
138 4.125 1.41402 21.26 1.36912 2.33604 0.785806 0.215754 1.2903 0.280982 1.31308 0.465956 1.53979 0.106659 1.09051 0.234026 1.09459 0.261856 0.913588 0.265615 0.264301 0.260274
139 4.155 0.963098 21.7346 0.983771 2.38985 0.925291 0.220618 1.15785 0.288959 1.18853 0.479338 1.20341 0.109779 1.2229 0.240455 2.55019 0.275258 1.20133 0.271924 0.260826 0.261644
140 4.185 0.621436 22.0453 0.694799 2.42841 1.34043 0.227767 0.955617 0.29564 0.97971 0.49053 0.915014 0.112187 1.65586 0.249286 2.12699 0.286598 0.591361 0.275079 0.770787 0.265753
141 4.215 0.382483 22.2393 0.472149 2.45499 1.51867 0.235983 0.859744 0.301737 0.899881 0.500958 0.745443 0.114176 1.75241 0.258766 1.52451 0.294845 1.28258 0.282019 1.01281 0.271233
142 4.245 0.240213 22.3628 0.332331 2.47396 1.76536 0.245669 0.771407 0.307286 0.794081 0.510291 0.53245 0.115617 1.99971 0.26974 2.25489 0.307216 0.689288 0.285804 0.24924 0.272603
143 4.275 0.163022 22.4479 0.249153 2.48839 1.88417 0.256155 0.623292 0.311833 0.736955 0.519076 0.401707 0.11672 1.89053 0.28026 2.2229 0.319588 1.47423 0.294006 0.984939 0.278082
144 4.305 0.124063 22.5135 0.208628 2.50064 1.86695 0.266691 0.571749 0.316064 0.699947 0.527537 0.331315 0.117642 2.19762 0.292662 1.8273 0.329897 1.00545 0.299685 2.18379 0.290411
145 4.335 0.113403 22.5744 0.192433 2.5121 1.84261 0.277234 0.562885 0.320287 0.680254 0.535875 0.316667 0.118536 1.88389 0.303442 2.2514 0.342784 0.77111 0.304101 1.43699 0.29863
146 4.365 0.124035 22.6418 0.204369 2.52444 1.87939 0.288138 0.55617 0.324517 0.699372 0.544566 0.32743 0.119472 2.04824 0.315325 1.77735 0.353093 0.597868 0.307571 0.472346 0.30137
147 4.395 0.15421 22.7269 0.249613 2.53972 1.75464 0.298458 0.569233 0.328906 0.755588 0.554086 0.303007 0.120352 1.888 0.326429 1.66508 0.362887 0.911678 0.312934 1.63104 0.310959
148 4.425 0.206018 22.842 0.30674 2.55875 1.66913 0.30841 0.680445 0.334225 0.833407 0.56473 0.36509 0.121425 1.72085 0.336688 1.81519 0.373711 1.00577 0.318927 1.15061 0.317808
149 4.455 0.302932 23.0137 0.437262 2.58625 1.55972 0.317837 0.801359 0.340574 0.920197 0.576643 0.606844 0.123234 1.79419 0.347532 1.70529 0.384021 0.992322 0.324921 1.13175 0.324658
150 4.485 0.46595 23.2813 0.642763 2.62722 1.46361 0.326802 0.925295 0.348004 1.1239 0.591388 0.791898 0.125627 1.29335 0.355455 1.5146 0.393299 0.617611 0.328707 1.11792 0.331507
151 4.515 0.72986 23.706 0.889982 2.68471 1.27023 0.334686 1.14878 0.357351 1.27378 0.608324 0.993241 0.128668 1.11924 0.362403 1.32786 0.401546 0.914512 0.334385 1.10406 0.338356
152 4.545 1.10328 24.3567 1.26732 2.76766 1.12171 0.341741 1.26645 0.367793 1.5174 0.628769 1.29366 0.132682 0.949862 0.368377 0.737933 0.406186 0.652097 0.338486 0.653684 0.342466
153 4.575 1.61679 25.3227 1.74421 2.88333 0.960044 0.34786 1.64241 0.381515 1.72956 0.652378 1.68968 0.137994 0.865982 0.373896 0.889529 0.411856 0.643284 0.342587 0 0.342466
154 4.605 2.22601 26.6703 2.27794 3.03639 0.79129 0.352969 1.8672 0.397319 1.96501 0.679555 2.09743 0.144674 0.462427 0.376883 0.957842 0.418041 0.488421 0.345741 1.06128 0.349315
155 4.635 2.87763 28.4351 2.78174 3.22574 0.694088 0.357509 2.10289 0.41535 2.1125 0.709152 2.31162 0.152133 0.565826 0.380584 0.394267 0.420619 0.530512 0.349211 0.418399 0.352055
156 4.665 3.3885 30.5402 3.20127 3.44647 0.460051 0.360558 2.34227 0.435695 2.34887 0.742491 2.69452 0.16094 0.372354 0.383052 0.77757 0.425773 0.428729 0.35205 0.20664 0.353425
157 4.695 3.73345 32.8895 3.43374 3.68629 0.35971 0.362972 2.47044 0.45743 2.40774 0.777104 2.96504 0.170755 0.309545 0.38513 0.537203 0.429381 0.611124 0.356151 0.204846 0.354795
158 4.725 3.78643 35.3026 3.49823 3.93373 0.241744 0.364615 2.54525 0.48011 2.46601 0.813008 2.96815 0.180708 0.210311 0.386558 0.607073 0.433505 0.417613 0.358991 0.403112 0.357534
159 4.755 3.59139 37.6206 3.30608 4.17057 0.228235 0.366186 2.60998 0.503661 2.42562 0.848775 2.90082 0.190559 0.226363 0.388117 0.299267 0.435567 0.458048 0.362145 0.597369 0.361644
160 4.785 3.21264 39.7204 3.02183 4.38978 0.152987 0.367253 2.52677 0.526751 2.31702 0.883374 2.77054 0.200086 0.167546 0.389286 0.443983 0.43866 0.498102 0.365615 0.196666 0.363014
161 4.815 2.82316 41.5888 2.68935 4.58733 0.134753 0.368204 2.36774 0.54866 2.22536 0.917022 2.58293 0.20908 0.0828045 0.38987 0.0729835 0.439175 0.268332 0.367508 0 0.363014
162 4.845 2.4597 43.2371 2.38947 4.76505 0.128025 0.369119 2.26374 0.569869 2.1202 0.949481 2.39793 0.217534 0.199893 0.391299 0.21626 0.440722 0.264575 0.369401 0.575229 0.367123
163 4.875 2.1399 44.6888 2.08862 4.92232 0.149425 0.3702 2.00207 0.588858 1.8859 0.978711 2.25526 0.225584 0.188479 0.392662 0.570819 0.444845 0.479298 0.372871 0.189998 0.368493
164 4.905 1.86161 45.9674 1.83058 5.06186 0.217435 0.371793 1.83728 0.6065 1.69335 1.00528 2.0105 0.232848 0.150715 0.393766 0.421578 0.447938 0.344206 0.375394 0.18667 0.369863
165 4.935 1.59345 47.0752 1.56501 5.18262 0.253596 0.373674 1.63101 0.622355 1.45013 1.02832 1.80463 0.239449 0.323988 0.396169 0.347326 0.450515 0.552895 0.379495 0.36967 0.372603
166 4.965 1.29855 47.9889 1.29171 5.28351 0.362903 0.376398 1.43262 0.636451 1.30444 1.04929 1.56112 0.245229 0.458494 0.39961 0.824371 0.456701 0.924584 0.386435 1.27823 0.382192
167 4.995 1.00766 48.7066 1.02954 5.3649 0.474306 0.380001 1.2042 0.648443 1.08368 1.06692 1.34053 0.250252 0.478614 0.403247 1.01712 0.464433 0.581281 0.390852 1.62275 0.394521
168 5.025 0.720438 49.2259 0.769666 5.42647 0.620484 0.384772 0.97672 0.658288 0.916375 1.08201 1.02051 0.254122 0.666873 0.408377 0.602845 0.469072 0.656179 0.395899 0.890686 0.40137
169 5.055 0.500847 49.5913 0.556336 5.47151 0.779812 0.39084 0.88885 0.667354 0.789616 1.09517 0.890059 0.257538 1.0684 0.416688 1.05938 0.47732 1.13522 0.404732 1.23261 0.410959
170 5.085 0.327489 49.833 0.400502 5.50432 0.949151 0.398314 0.671767 0.674287 0.618348 1.1056 0.549297 0.259671 1.02262 0.42474 0.916281 0.484536 1.08148 0.413249 2.43475 0.430137
171 5.115 0.213537 49.9925 0.273503 5.527 1.15877 0.407545 0.540295 0.679929 0.485205 1.11388 0.405325 0.261264 1.28825 0.435 1.0357 0.492784 1.06907 0.421767 1.37538 0.441096
172 5.145 0.139342 50.0978 0.191961 5.5431 1.401 0.418838 0.443307 0.684614 0.472907 1.12205 0.329937 0.262576 1.34528 0.445844 1.02435 0.501031 1.2137 0.431546 1.69936 0.454795
173 5.175 0.0898392 50.1664 0.135464 5.55459 1.52709 0.431291 0.388314 0.688765 0.353173 1.12821 0.232918 0.263513 1.80751 0.460584 1.45321 0.512887 1.19958 0.441325 0.83946 0.461644
174 5.205 0.065919 50.2174 0.104936 5.5636 1.70972 0.445395 0.311177 0.69213 0.296485 1.13345 0.198342 0.26432 2.14159 0.478247 0.749839 0.519072 1.26202 0.451735 1.49559 0.473973
175 5.235 0.0493034 50.256 0.074446 5.57006 1.75219 0.460017 0.23847 0.694739 0.245936 1.13785 0.147078 0.264925 1.86743 0.493831 1.05026 0.527835 1.32299 0.462776 1.64159 0.487671
176 5.265 0.0360831 50.2845 0.0638351 5.57567 1.93034 0.476312 0.21816 0.697153 0.237166 1.14214 0.103842 0.265357 1.9464 0.51026 1.28329 0.53866 1.60715 0.476341 1.7849 0.50274
177 5.295 0.0304161 50.3089 0.059789 5.58098 1.91029 0.49262 0.177049 0.699135 0.204918 1.14588 0.0940904 0.265754 1.97731 0.527143 0.725146 0.544845 0.960431 0.484543 0.480955 0.506849
178 5.325 0.0304651 50.3335 0.0562256 5.58603 1.8547 0.508634 0.176351 0.701131 0.181966 1.14925 0.0778275 0.266085 2.03785 0.54474 0.656484 0.550515 1.46118 0.497161 0.792987 0.513699
179 5.355 0.0330816 50.3606 0.0570207 5.59122 1.74391 0.523861 0.173143 0.703113 0.198051 1.15295 0.0719234 0.266395 1.7702 0.560195 1.71283 0.565464 1.04765 0.506309 1.41293 0.526027
180 5.385 0.0403903 50.3941 0.0668173 5.59736 1.58998 0.5379 0.179895 0.705196 0.192401 1.15659 0.110871 0.266878 1.72806 0.575455 1.45967 0.578351 1.10789 0.516088 0.775599 0.532877
181 5.415 0.0566619 50.4415 0.0855462 5.6053 1.32376 0.549719 0.191483 0.707437 0.206133 1.16054 0.130894 0.267455 1.51272 0.588961 1.61643 0.592784 0.989459 0.524921 1.07492 0.542466
182 5.445 0.0831978 50.5119 0.111772 5.6158 1.19975 0.560551 0.214344 0.709974 0.243375 1.16524 0.156999 0.268154 1.31612 0.600844 1.08472 0.602577 0.978568 0.533754 2.12431 0.561644
183 5.475 0.123473 50.6176 0.151366 5.63018 0.918312 0.568932 0.270418 0.71321 0.267238 1.17047 0.216045 0.269127 1.11685 0.611039 0.507905 0.607216 1.03713 0.543218 0.900539 0.569863
184 5.505 0.182488 50.7755 0.204742 5.64984 0.709934 0.575483 0.274057 0.716525 0.28402 1.17608 0.250125 0.270265 0.949825 0.619805 0.781593 0.614433 0.547204 0.548265 1.48347 0.583562
185 5.535 0.256752 51 0.279797 5.677 0.577856 0.580873 0.328883 0.720546 0.325697 1.18259 0.327344 0.271771 0.779483 0.627078 0.718409 0.621134 0.439607 0.552366 0.146785 0.584932
186 5.565 0.343612 51.3038 0.347008 5.71106 0.465453 0.585262 0.353315 0.724914 0.371418 1.19009 0.342394 0.273364 0.723193 0.633896 0.765293 0.628351 0.568565 0.557729 0.435828 0.589041
187 5.595 0.44206 51.6989 0.418811 5.75259 0.448364 0.589536 0.39857 0.729893 0.410172 1.19846 0.42614 0.275368 0.660987 0.640195 0.70299 0.635052 0.628536 0.563722 0.719327 0.59589
188 5.625 0.521592 52.17 0.494222 5.80214 0.457027 0.593939 0.428006 0.735298 0.434427 1.20743 0.411007 0.277321 0.586179 0.645844 0.588757 0.640722 0.949392 0.572871 0.568613 0.60137
189 5.655 0.572979 52.693 0.530682 5.85591 0.480304 0.598616 0.453932 0.741093 0.500662 1.21787 0.474091 0.279598 0.506835 0.650779 0.528826 0.645876 0.518456 0.577918 0.281253 0.60411
190 5.685 0.586615 53.2342 0.55283 5.91252 0.574168 0.604266 0.488266 0.747391 0.519352 1.22882 0.443939 0.281753 0.646549 0.657143 0.366663 0.649485 0.705579 0.584858 0.974579 0.613699
191 5.715 0.557754 53.7543 0.52266 5.9666 0.681123 0.611041 0.473808 0.753567 0.556846 1.24068 0.445172 0.283936 0.790139 0.665 0.881311 0.658247 0.856552 0.593375 0.550837 0.619178
192 5.745 0.500179 54.2255 0.485935 6.01742 0.821736 0.6193 0.475379 0.75983 0.577799 1.25312 0.417262 0.286005 0.917333 0.674221 1.02539 0.668557 0.941796 0.602839 0.409405 0.623288
193 5.775 0.422262 54.6275 0.431377 6.063 0.901253 0.628452 0.501876 0.766511 0.675813 1.26782 0.35826 0.287799 1.33643 0.687792 1.62408 0.685052 0.869523 0.611672 0.404611 0.627397
194 5.805 0.341374 54.9559 0.389508 6.10459 1.11815 0.639925 0.495572 0.773177 0.768855 1.28472 0.357401 0.289608 1.51843 0.703377 1.35632 0.698969 0.768698 0.619558 0.40006 0.631507
195 5.835 0.274995 55.2232 0.340425 6.14132 1.2241 0.652616 0.545631 0.780592 0.848247 1.30356 0.326974 0.29128 1.45947 0.718506 2.38678 0.723711 1.09571 0.630915 1.58497 0.647945
196 5.865 0.232431 55.4514 0.304222 6.17447 1.42971 0.667592 0.533214 0.787914 0.762219 1.32066 0.326409 0.292966 1.45069 0.733701 1.27953 0.737113 1.02413 0.64164 1.30824 0.661644
197 5.895 0.221575 55.6712 0.280248 6.20533 1.60256 0.684549 0.494527 0.794775 0.613666 1.33457 0.306488 0.294566 1.17238 0.746104 0.828629 0.745876 1.07352 0.652997 1.29371 0.675342
198 5.925 0.241695 55.9135 0.314079 6.24027 1.77775 0.703553 0.50245 0.801816 0.576293 1.34777 0.347161 0.296397 1.39117 0.760974 0.626958 0.752577 1.44608 0.668454 0.383859 0.679452
199 5.955 0.307196 56.2245 0.404415 6.28572 1.80394 0.723033 0.665415 0.811235 0.645612 1.3627 0.506043 0.299092 1.72011 0.779545 0.955034 0.762887 1.69403 0.686751 1.14136 0.691781
200 5.985 0.434017 56.6683 0.547561 6.34787 1.77143 0.742354 0.802855 0.822715 0.751464 1.38025 0.604061 0.302342 1.5299 0.796234 1.70113 0.781443 2.2267 0.711041 0.754359 0.7
20000 200
1 0.015 0 0 0 0 0 0 0 0 0 0 0 0 0 0 0 0 0 0 0 0
2 0.045 0 0 0 0 0 0 0 0 0 0 0 0 0 0 0 0 0 0 0 0
3 0.075 0 0 0 0 0 0 0 0 0 0 0 0 0 0 0 0 0 0 0 0
4 0.105 0 0 0 0 0 0 0 0 0 0 0 0 0 0 0 0 0 0 0 0
5 0.135 0 0 0 0 0 0 0 0 0 0 0 0 0 0 0 0 0 0 0 0
6 0.165 0 0 0 0 0 0 0 0 0 0 0 0 0 0 0 0 0 0 0 0
7 0.195 0 0 0 0 0 0 0 0 0 0 0 0 0 0 0 0 0 0 0 0
8 0.225 0 0 0 0 0 0 0 0 0 0 0 0 0 0 0 0 0 0 0 0
9 0.255 0 0 0 0 0 0 0 0 0 0 0 0 0 0 0 0 0 0 0 0
10 0.285 0 0 0 0 0 0 0 0 0 0 0 0 0 0 0 0 0 0 0 0
11 0.315 0 0 0 0 0 0 0 0 0 0 0 0 0 0 0 0 0 0 0 0
12 0.345 0 0 0 0 0 0 0 0 0 0 0 0 0 0 0 0 0 0 0 0
13 0.375 0 0 0 0 0 0 0 0 0 0 0 0 0 0 0 0 0 0 0 0
14 0.405 0 0 0 0 0 0 0 0 0 0 0 0 0 0 0 0 0 0 0 0
15 0.435 0 0 0 0 0 0 0 0 0 0 0 0 0 0 0 0 0 0 0 0
16 0.465 0 0 0 0 0 0 0 0 0 0 0 0 0 0 0 0 0 0 0 0
17 0.495 0 0 0 0 0 0 0 0 0 0 0 0 0 0 0 0 0 0 0 0
18 0.525 0 0 0 0 0 0 0 0 0 0 0 0 0 0 0 0 0 0 0 0
19 0.555 0 0 0 0 0 0 0 0 0 0 0 0 0 0 0 0 0 0 0 0
20 0.585 0 0 0 0 0 0 0 0 0 0 0 0 0 0 0 0 0 0 0 0
21 0.615 0 0 0 0 0 0 0 0 0 0 0 0 0 0 0 0 0 0 0 0
22 0.645 0 0 0 0 0 0 0 0 0 0 0 0 0 0 0 0 0 0 0 0
23 0.675 0 0 0 0 0 0 0 0 0 0 0 0 0 0 0 0 0 0 0 0
24 0.705 0 0 0 0 0 0 0 0 0 0 0 0 0 0 0 0 0 0 0 0
25 0.735 0 0 0 0 0 0 0 0 0 0 0 0 0 0 0 0 0 0 0 0
26 0.765 0 0 0 0 0 0 0 0 0 0 0 0 0 0 0 0 0 0 0 0
27 0.795 0 0 0 0 0 0 0 0 0 0 0 0 0 0 0 0 0 0 0 0
28 0.825 0 0 0 0 0 0 0 0 0 0 0 0 0 0 0 0 0 0 0 0
29 0.855 0 0 0 0 0 0 0 0 0 0 0 0 0 0 0 0 0 0 0 0
30 0.885 0 0 0 0 0 0 0 0 0 0 0 0 0 0 0 0 0 0 0 0
31 0.915 0 0 0 0 0 0 0 0 0 0 0 0 0 0 0 0 0 0 0 0
32 0.945 0 0 0 0 0 0 0 0 0 0 0 0 0 0 0 0 0 0 0 0
33 0.975 0 0 0 0 0 0 0 0 0 0 0 0 0 0 0 0 0 0 0 0
34 1.005 0 0 0 0 0 0 0 0 0 0 0 0 0 0 0 0 0 0 0 0
35 1.035 0 0 0 0 0 0 0 0 0 0 0 0 0 0 0 0 0 0 0 0
36 1.065 0 0 0 0 0 0 0 0 0 0 0 0 0 0 0 0 0 0 0 0
37 1.095 0 0 0 0 0 0 0 0 0 0 0 0 0 0 0 0 0 0 0 0
38 1.125 0 0 0 0 0 0 0 0 0 0 0 0 0 0 0 0 0 0 0 0
39 1.155 0 0 0 0 0 0 0 0 0.0082612 7.20669e-06 0 0 0 0 0 0 0 0 3.36389 0.00136986
40 1.185 0 0 0 0 0 0 0 0 0 7.20669e-06 0 0 0 0 0 0 0 0 9.5929 0.00547945
41 1.215 0 0 0 0 0 0 0 0 0 7.20669e-06 0 0 0 0 0 0 0 0 0 0.00547945
42 1.245 0 0 0 0 0 0 0 0 0.0284587 3.60334e-05 0 0 0 0 0 0 0 0 5.7939 0.00821918
43 1.275 0 0 0 0 0 0 0 0 0.0271412 6.48602e-05 0 0 0 0 0 0 0 0 8.28591 0.0123288
44 1.305 0 0 0 0 0 0 0 0 0 6.48602e-05 0 0 0 0 0 0 0 0 2.63825 0.0136986
45 1.335 0 0 0 0 0 0 0 0 0.0061906 7.20669e-05 0 0 0 0 0 0 0 0 2.52109 0.0150685
46 1.365 0 0 0 0 0 0 0 0 0 7.20669e-05 0 0 0 0 0 0 0 0 0 0.0150685
47 1.395 0 0 0 0 0 0 0 0 0.00566926 7.92736e-05 0 0 0 0 0 0 0 0 0 0.0150685
48 1.425 0 0 0 0 0 0 0 0 0.0108547 9.36869e-05 0 0 0 0 0 0 0 0 0 0.0150685
49 1.455 0 0 0 0 0 0 0 0 0.0156376 0.000115307 0 0 0 0 0 0 0 0 0 0.0150685
50 1.485 0 0 0 0 0 0 0 0 0.0200071 0.000144134 0 0 0 0 0 0 0 0 0 0.0150685
51 1.515 0 0 0 0 0 0 0 0 0.00480016 0.00015134 0 0 0 0 0 0 0 0 1.9571 0.0164384
52 1.545 0 0 0 0 0 0 0 0 0.0184799 0.000180167 0 0 0 0 0 0 0 0 1.87916 0.0178082
53 1.575 0 0 0 0 0 0 0 0 0.00444774 0.000187374 0 0 0 0 0 0 0 0 7.2434 0.0232877
54 1.605 0 0 0 0 0 0 0 0 0.00856337 0.000201787 0 0 0 0 0 0 0 0 0 0.0232877
55 1.635 0 0 0 0 0.00883162 7.20669e-06 0.00673661 7.20669e-06 0.00412328 0.000208994 0 0 0 0 0 0 0 0 10.0791 0.0315068
56 1.665 0 0 0 0 0.0340871 3.60334e-05 0.00649904 1.44134e-05 0.00397901 0.000216201 0 0 0.0768094 6.49351e-05 1.21859 0.00103093 0 0 0 0.0315068
57 1.695 0 0 0 0 0.287832 0.000288268 0 1.44134e-05 0.00384008 0.000223407 0 0 0 6.49351e-05 2.35213 0.00309278 0.360138 0.000315457 10.9413 0.0410959
58 1.725 0 0 0 0 1.07978 0.00126838 0.0181692 3.60334e-05 0 0.000223407 0 0 0.500707 0.000519481 6.24594 0.00876289 0 0.000315457 9.05396 0.0493151
59 1.755 0 0 0 0 2.43132 0.0035529 0 3.60334e-05 0 0.000223407 0 0 0.898344 0.00136364 9.32707 0.0175258 0 0.000315457 5.82996 0.0547945
60 1.785 0 0 0 0 4.65591 0.0080787 0.00565964 4.32401e-05 0 0.000223407 0 0 2.2711 0.00357143 14.3191 0.0314433 1.29875 0.00157729 5.63669 0.060274
61 1.815 0 0 0 0 4.67546 0.0127775 0.00547154 5.04468e-05 0 0.000223407 0 0 3.87645 0.00746753 16.926 0.0484536 0 0.00157729 4.08964 0.0643836
62 1.845 0 0 0 0 4.08738 0.0170222 0.0423602 0.0001081 0 0.000223407 0 0 4.44003 0.0120779 8.43809 0.0572165 3.03684 0.00473186 3.95649 0.0684932
63 1.875 0 0 0 0 3.56127 0.0208417 0 0.0001081 0 0.000223407 0 0 3.51136 0.0158442 5.76589 0.0634021 0.588468 0.00536278 0 0.0684932
64 1.905 0 0 0 0 3.97723 0.025245 0.0248374 0.000144134 0 0.000223407 0.0132055 7.20669e-06 2.99136 0.0191558 4.19046 0.0680412 0.285033 0.00567823 1.23775 0.069863
65 1.935 0 0 0 0 4.47943 0.0303618 0.0240651 0.000180167 0 0.000223407 0 7.20669e-06 3.69547 0.0233766 2.70771 0.071134 1.38087 0.00725552 2.39968 0.0726027
66 1.965 0 0 0.000588058 7.20669e-06 4.75982 0.0359686 0.0326719 0.000230614 0 0.000223407 0 7.20669e-06 3.30721 0.0272727 0.437882 0.0716495 0.267732 0.00757098 3.48735 0.0767123
67 1.995 0.000506547 5.76535e-05 0.00114059 2.16201e-05 4.36256 0.0412655 0.040745 0.000295474 0.00553894 0.000237821 0 7.20669e-06 2.83473 0.0307143 0.848515 0.0726804 0.259851 0.00788644 1.12839 0.0780822
68 2.025 0.000368804 0.000100894 0.00332307 6.48602e-05 4.07286 0.0463606 0.0263591 0.000338714 0.00268802 0.000245027 0.0233569 2.16201e-05 3.01069 0.0344805 0.412216 0.0731959 0.251986 0.00820189 1.09475 0.0794521
69 2.055 0.000835364 0.000201787 0.00913851 0.000187374 2.91445 0.0501153 0.0512093 0.000425195 0.0208928 0.000302681 0.0226828 3.60334e-05 2.87266 0.0381818 0.800239 0.0742268 0.489913 0.00883281 2.12554 0.0821918
70 2.085 0.00115898 0.000345921 0.0172309 0.000425195 1.86387 0.0525872 0.0746172 0.000554915 0.0456656 0.000432401 0.0220332 5.04468e-05 2.35024 0.0412987 0.388805 0.0747423 0.237802 0.00914826 0 0.0821918
71 2.115 0.00191531 0.000590948 0.0258825 0.000792736 1.1196 0.054115 0.181273 0.000879216 0.155337 0.000886423 0 5.04468e-05 1.61771 0.0435065 0 0.0747423 0 0.00914826 0 0.0821918
72 2.145 0.00525792 0.00128279 0.0532882 0.00157106 0.687952 0.0550807 0.199783 0.00124676 0.261272 0.00167195 0 5.04468e-05 1.52687 0.0456494 0 0.0747423 0.224611 0.00946372 0 0.0821918
73 2.175 0.0169384 0.00357452 0.112292 0.00325742 0.399499 0.0556572 0.323823 0.00185933 0.489576 0.00318536 0.0202416 6.48602e-05 1.07975 0.0472078 0 0.0747423 0 0.00946372 0 0.0821918
74 2.205 0.0457095 0.00993082 0.181641 0.00606082 0.189486 0.0559383 0.441098 0.00271692 0.848343 0.00588066 0 6.48602e-05 0.525335 0.047987 0 0.0747423 0 0.00946372 0 0.0821918
75 2.235 0.12349 0.0275728 0.404029 0.0124676 0.156052 0.0561761 0.725112 0.00416547 1.27175 0.0100317 0 6.48602e-05 0.383419 0.0485714 0.338386 0.0752577 0.207144 0.00977918 0 0.0821918
76 2.265 0.318272 0.0742721 0.725296 0.0242793 0.0782763 0.0562986 0.959017 0.00613289 1.86823 0.0162943 0.00933006 7.20669e-05 0.290448 0.049026 0 0.0752577 0.201351 0.0100946 0 0.0821918
77 2.295 0.729758 0.184203 1.37281 0.0472326 0.0583173 0.0563923 1.59442 0.00949121 2.49817 0.0248919 0.172735 0.000208994 0.16173 0.0492857 0 0.0752577 0.196401 0.0104101 0 0.0821918
78 2.325 1.49891 0.415941 2.18853 0.0847867 0.0349667 0.05645 2.39039 0.0146584 3.04823 0.0356587 0.407554 0.000540502 0.078767 0.0494156 0 0.0752577 0 0.0104101 0 0.0821918
79 2.355 2.66107 0.838037 3.32882 0.143391 0.0340588 0.0565076 2.84985 0.0209787 3.58941 0.0486668 1.03625 0.0014053 0.115142 0.0496104 0 0.0752577 0.373078 0.011041 0 0.0821918
80 2.385 4.14535 1.51242 4.39228 0.222701 0.024912 0.0565509 3.39636 0.0287042 4.19769 0.0642692 1.5997 0.00277457 0.149685 0.0498701 0.29716 0.0757732 0 0.011041 0 0.0821918
81 2.415 5.39945 2.41307 5.13906 0.317844 0.0121523 0.0565725 3.64008 0.0371937 4.20384 0.0802897 2.61964 0.00507351 0 0.0498701 0 0.0757732 0.354626 0.0116719 0 0.0821918
82 2.445 6.03878 3.44555 5.30084 0.418435 0.0197591 0.0566085 4.01843 0.0468002 4.14374 0.0964759 4.31025 0.00895071 0.106834 0.0500649 0.282442 0.0762887 0.172851 0.0119874 0 0.0821918
83 2.475 5.8144 4.4642 5.07669 0.517152 0.00770962 0.0566229 3.88349 0.0563131 3.91057 0.112129 4.74594 0.0133252 0 0.0500649 0 0.0762887 0.337544 0.0126183 0 0.0821918
84 2.505 4.80915 5.32728 4.14978 0.599813 0.0338925 0.0566878 3.75368 0.0657322 3.41154 0.126117 5.1061 0.0181464 0.0678082 0.0501948 0.538488 0.0773196 0 0.0126183 0 0.0821918
85 2.535 3.51169 5.9727 3.15343 0.66414 0.0220603 0.056731 3.10449 0.07371 2.90568 0.138318 5.08284 0.0230614 0.0331355 0.0502597 0.263021 0.0778351 0 0.0126183 0 0.0821918
86 2.565 2.33817 6.41267 2.24951 0.71112 0.0107684 0.0567527 2.77476 0.0810104 2.2832 0.148133 4.22203 0.0272413 0.0323656 0.0503247 0.256552 0.0783505 0 0.0126183 0 0.0821918
87 2.595 1.47992 6.69769 1.53767 0.74399 0.007011 0.0567671 2.49156 0.0877198 2.00144 0.15694 3.42789 0.0307149 0.12644 0.0505844 0.250849 0.078866 0 0.0126183 0 0.0821918
88 2.625 1.00264 6.89529 1.26089 0.77157 0.0274285 0.0568247 2.24146 0.0938959 1.61981 0.164233 2.64118 0.0334534 0.0618114 0.0507143 0.245252 0.0793814 0 0.0126183 0 0.0821918
89 2.655 0.879009 7.0725 1.15558 0.797427 0.0335115 0.0568968 1.85612 0.099128 1.60531 0.171627 2.14697 0.0357308 0.0302011 0.0507792 0.23964 0.0798969 0 0.0126183 0 0.0821918
90 2.685 1.01906 7.28262 1.28263 0.82678 0.0229476 0.0569472 1.78739 0.104281 1.44573 0.178438 1.76717 0.0376477 0 0.0507792 0 0.0798969 0 0.0126183 0 0.0821918
91 2.715 1.39308 7.5763 1.63635 0.865069 0.0192248 0.0569905 1.75053 0.109441 1.40946 0.185226 1.70884 0.0395431 0.028881 0.0508442 0.229375 0.0804124 0 0.0126183 0.608815 0.0835616
92 2.745 1.85691 7.97648 1.91774 0.91094 0.0501571 0.0571058 1.8081 0.114889 1.34954 0.191871 1.7606 0.0415393 0.0564795 0.050974 0.448392 0.0814433 0.137323 0.0129338 1.78865 0.0876712
93 2.775 2.34479 8.49289 2.29515 0.967044 0.0736171 0.0572788 1.79735 0.120424 1.4738 0.199287 2.13328 0.0440112 0.0828839 0.0511688 0.438825 0.0824742 0.671381 0.014511 1.74868 0.0917808
94 2.805 2.67807 9.09553 2.47745 1.02892 0.0900764 0.057495 1.65374 0.125627 1.427 0.206623 2.00875 0.0463894 0.0270372 0.0512338 0.644107 0.0840206 0.394287 0.0154574 0.57056 0.0931507
95 2.835 2.74572 9.72668 2.47555 1.09208 0.120498 0.0577904 1.71979 0.131155 1.41065 0.214031 2.30622 0.0491784 0.0794616 0.0514286 0.840936 0.0860825 0.385965 0.0164038 1.11703 0.0958904
96 2.865 2.56486 10.3288 2.25833 1.15092 0.195696 0.0582805 1.60277 0.136415 1.37458 0.221404 2.13558 0.0518161 0.103726 0.0516883 0 0.0860825 0.881952 0.018612 1.64121 0.1
97 2.895 2.20453 10.8572 1.90702 1.20166 0.262134 0.0589507 1.5375 0.141568 1.2712 0.228366 2.04586 0.0543961 0.126975 0.052013 0.201689 0.0865979 0.246806 0.0192429 1.07135 0.10274
98 2.925 1.70704 11.2749 1.51864 1.2429 0.295429 0.0597218 1.4366 0.146483 1.17049 0.234909 1.80245 0.0567166 0.348224 0.0529221 0.197569 0.0871134 0.724776 0.0211356 2.62442 0.109589
99 2.955 1.21511 11.5784 1.12085 1.27397 0.432851 0.0608749 1.16196 0.150541 1.02184 0.240739 1.20111 0.0582949 0.487577 0.0542208 0.386836 0.0881443 1.18404 0.0242902 0 0.109589
100 2.985 0.82318 11.7882 0.769737 1.29574 0.628344 0.0625829 0.948618 0.15392 0.959301 0.246325 1.18253 0.0598804 0.597094 0.0558442 0.379079 0.0891753 1.0445 0.0271293 2.01558 0.115068
101 3.015 0.516588 11.9225 0.538963 1.31129 0.977151 0.0652926 0.848551 0.157005 0.860237 0.251434 0.763964 0.0609253 0.632304 0.0575974 0.371944 0.0902062 0.796228 0.0293375 1.4826 0.119178
102 3.045 0.306876 12.0038 0.334714 1.32114 1.05734 0.0682834 0.614223 0.159282 0.669698 0.255491 0.464909 0.0615739 0.964308 0.0603247 0 0.0902062 1.00355 0.0321767 2.42135 0.126027
103 3.075 0.181107 12.0528 0.213922 1.32757 1.3016 0.0720381 0.510757 0.161214 0.503879 0.258605 0.339358 0.0620568 1.26063 0.063961 1.42949 0.0943299 1.42193 0.0362776 0.949626 0.128767
104 3.105 0.105855 12.082 0.14129 1.33189 1.58282 0.0766936 0.457991 0.162979 0.465627 0.261538 0.233453 0.0623955 1.4129 0.0681169 0.350153 0.0953608 2.0378 0.0422713 3.26042 0.138356
105 3.135 0.060865 12.0991 0.101176 1.33505 1.86521 0.082286 0.355723 0.164377 0.403976 0.264132 0.194931 0.0626838 1.60262 0.0729221 1.20331 0.0989691 2.41993 0.0495268 3.65484 0.149315
106 3.165 0.0348141 12.1091 0.0589237 1.33692 2.18846 0.0889738 0.268061 0.165451 0.302771 0.266114 0.100405 0.0628351 2.06104 0.0792208 1.51764 0.103608 3.09679 0.0589905 3.58588 0.160274
107 3.195 0.0223637 12.1156 0.0540398 1.33867 2.35126 0.0962958 0.234799 0.16641 0.298196 0.268103 0.0609777 0.0629288 2.12694 0.0858442 1.65567 0.108763 2.93717 0.0681388 1.75931 0.165753
108 3.225 0.0150689 12.1201 0.03187 1.33972 2.26915 0.103495 0.180202 0.167159 0.215258 0.269566 0.041442 0.0629937 2.21035 0.0928571 1.62424 0.113918 2.38598 0.0757098 1.29525 0.169863
109 3.255 0.00927625 12.1229 0.0252859 1.34057 2.10705 0.110306 0.168396 0.167873 0.156137 0.270647 0.0497239 0.0630729 2.2099 0.1 1.7545 0.119588 3.4161 0.0867508 1.69566 0.175342
110 3.285 0.00677165 12.125 0.0214569 1.34131 1.88262 0.116503 0.11691 0.168377 0.166601 0.271822 0.0221859 0.063109 2.15024 0.107078 1.56566 0.124742 2.20411 0.0940063 1.24885 0.179452
111 3.315 0.00559411 12.1268 0.0190058 1.34197 1.63369 0.12198 0.129561 0.168946 0.136491 0.272802 0.0217986 0.063145 1.53019 0.112208 1.38353 0.129381 2.7289 0.103155 0 0.179452
112 3.345 0.00517933 12.1284 0.0131881 1.34244 1.31324 0.126463 0.119198 0.16948 0.159676 0.273969 0.0128427 0.0631666 1.78809 0.118312 1.96343 0.136082 2.03299 0.110095 0 0.179452
113 3.375 0.00398169 12.1297 0.0141522 1.34295 1.11577 0.13034 0.129734 0.170071 0.133629 0.274964 0.0126198 0.0631882 1.25196 0.122662 1.18663 0.140206 2.08787 0.11735 0.788448 0.182192
114 3.405 0.00434659 12.1311 0.0109643 1.34336 1.21226 0.134628 0.0839315 0.17046 0.11035 0.2758 0 0.0631882 1.70721 0.128701 2.47778 0.148969 2.05121 0.124606 0 0.182192
115 3.435 0.00503983 12.1328 0.0107751 1.34376 1.18323 0.138887 0.106908 0.170964 0.12991 0.276802 0 0.0631882 1.5153 0.134156 1.28857 0.153608 2.36631 0.133123 1.9025 0.189041
116 3.465 0.0054986 12.1347 0.013426 1.34427 1.20217 0.143291 0.117064 0.171526 0.138702 0.27789 0.0199314 0.0632243 1.63104 0.14013 1.97025 0.160825 1.98084 0.140379 1.87054 0.19589
117 3.495 0.00833386 12.1376 0.0176559 1.34496 1.51045 0.148919 0.135739 0.172189 0.167033 0.279223 0.0313695 0.0632819 1.5334 0.145844 2.7666 0.171134 2.11666 0.148265 1.47112 0.20137
118 3.525 0.0131404 12.1423 0.0208269 1.34578 1.71866 0.155434 0.126202 0.172816 0.190834 0.280773 0.0231324 0.0633252 2.19274 0.154156 1.63181 0.17732 1.74763 0.15489 1.08463 0.205479
119 3.555 0.0187023 12.1491 0.0287432 1.34693 1.89915 0.162756 0.152577 0.173587 0.208579 0.282495 0.0530537 0.0634261 2.22336 0.162727 1.2031 0.181959 2.5365 0.164669 0.710461 0.208219
120 3.585 0.0239192 12.1579 0.0369194 1.34844 1.93735 0.170352 0.158432 0.174402 0.258313 0.284664 0.0409859 0.0635053 2.0869 0.170909 1.7095 0.18866 1.60932 0.170978 2.79517 0.219178
121 3.615 0.0293088 12.1688 0.0614931 1.35099 1.75165 0.177335 0.17928 0.175339 0.309732 0.287309 0.0623025 0.0636278 1.98715 0.178831 1.93952 0.196392 1.89921 0.178549 2.74918 0.230137
122 3.645 0.038804 12.1836 0.0806538 1.35439 1.50071 0.183417 0.268567 0.176766 0.371065 0.29053 0.151417 0.0639305 1.55393 0.18513 2.16196 0.205155 1.47865 0.184543 1.68976 0.236986
123 3.675 0.0518292 12.2036 0.09817 1.3586 1.3538 0.188995 0.284211 0.178301 0.459742 0.294588 0.124104 0.0641828 1.44994 0.191104 1.87689 0.212887 1.37802 0.190221 1.66155 0.243836
124 3.705 0.0749312 12.233 0.144216 1.36488 0.918978 0.192844 0.334787 0.180138 0.517459 0.299229 0.216307 0.0646296 1.33349 0.196688 0.492443 0.214948 1.73271 0.197476 1.63527 0.250685
125 3.735 0.113542 12.2783 0.203097 1.37388 0.658743 0.195647 0.426338 0.182517 0.572402 0.304447 0.260905 0.0651773 0.884966 0.200455 1.3322 0.220619 1.03791 0.201893 0.321937 0.252055
126 3.765 0.179431 12.3511 0.289243 1.38689 0.484916 0.197744 0.513616 0.185428 0.691679 0.310853 0.317595 0.0658547 0.645623 0.203247 0.715407 0.223711 0.875438 0.205678 0.950115 0.256164
127 3.795 0.283051 12.4676 0.428607 1.40649 0.311661 0.199114 0.64569 0.189147 0.732112 0.317743 0.415673 0.0667555 0.487748 0.20539 1.40754 0.229897 1.14906 0.210726 0.935008 0.260274
128 3.825 0.46598 12.6626 0.611848 1.4349 0.232522 0.200151 0.736606 0.193456 0.873701 0.326095 0.504129 0.0678654 0.40732 0.207208 0.692985 0.23299 1.48377 0.21735 0.613706 0.263014
129 3.855 0.737778 12.9762 0.88804 1.47679 0.189159 0.201009 0.876756 0.198667 0.958088 0.335399 0.802431 0.0696598 0.272146 0.208442 0.56828 0.235567 1.11311 0.222397 0 0.263014
130 3.885 1.12243 13.4607 1.22153 1.53532 0.151819 0.201708 1.04482 0.204973 1.12606 0.346505 1.04077 0.0720236 0.324332 0.209935 0.559763 0.238144 1.0961 0.227445 0.59504 0.265753
131 3.915 1.57669 14.1519 1.60829 1.61357 0.144866 0.202385 1.30043 0.212943 1.18731 0.358396 1.30304 0.0750288 0.30553 0.211364 0.661471 0.241237 0.877162 0.231546 0.292795 0.267123
132 3.945 2.05817 15.068 1.97373 1.71108 0.150279 0.203099 1.35718 0.221389 1.36208 0.372247 1.59109 0.0787547 0.382998 0.213182 0.868449 0.245361 1.19613 0.237224 0.288575 0.268493
133 3.975 2.45493 16.1774 2.27076 1.82497 0.155494 0.203848 1.48499 0.230773 1.51958 0.387936 1.85503 0.0831652 0.39065 0.215065 0.962342 0.25 1.17833 0.242902 0 0.268493
134 4.005 2.65328 17.3946 2.36921 1.9456 0.216496 0.204908 1.62356 0.241186 1.54783 0.404158 1.85732 0.0876477 0.557341 0.217792 1.15911 0.25567 0.902218 0.247319 0.560194 0.271233
135 4.035 2.60849 18.6092 2.29438 2.06418 0.3134 0.206464 1.58286 0.251492 1.49505 0.420063 2.09443 0.0927789 0.679761 0.221169 1.14178 0.26134 0.952754 0.25205 0.551881 0.273973
136 4.065 2.32206 19.7066 2.07104 2.17282 0.467482 0.208821 1.50945 0.261466 1.46507 0.435882 2.09263 0.0979821 0.863018 0.225519 1.02244 0.266495 0.813375 0.256151 0 0.273973
137 4.095 1.86682 20.6019 1.73091 2.26495 0.53248 0.211545 1.4681 0.27131 1.39367 0.451153 1.80221 0.10253 0.93928 0.230325 1.41049 0.273711 1.47977 0.263722 0.535329 0.276712
138 4.125 1.38937 21.278 1.3257 2.33656 0.8552 0.215984 1.37689 0.280679 1.2633 0.465199 1.50586 0.106385 0.813122 0.234545 1.4894 0.281443 1.51942 0.271609 0.263939 0.278082
139 4.155 0.943648 21.7439 0.971292 2.38979 1.0933 0.221743 1.15665 0.288664 1.15313 0.478207 1.31776 0.109808 1.07266 0.240195 1.8595 0.291237 1.07811 0.277287 0.260032 0.279452
140 4.185 0.616325 22.0527 0.702841 2.42886 1.25437 0.228445 1.02486 0.295842 1.05793 0.490314 0.946125 0.112302 1.78663 0.24974 1.25436 0.297938 1.35778 0.284543 0 0.279452
141 4.215 0.384338 22.248 0.490191 2.45651 1.5823 0.237021 0.890615 0.302169 0.975267 0.501636 0.665832 0.114082 1.53365 0.258052 1.71191 0.307216 0.873015 0.289274 1.26318 0.286301
142 4.245 0.238923 22.3711 0.34054 2.47599 1.65963 0.246144 0.813047 0.308028 0.883801 0.512042 0.613956 0.115747 2.01997 0.269156 2.34463 0.320103 1.54934 0.297792 0 0.286301
143 4.275 0.159416 22.4544 0.255403 2.4908 1.86785 0.256558 0.710984 0.313224 0.774887 0.521296 0.466462 0.117029 2.21272 0.281494 2.12633 0.331959 0.961925 0.303155 1.96586 0.29726
144 4.305 0.127751 22.5221 0.202734 2.50273 1.89672 0.267282 0.695282 0.318377 0.751023 0.530391 0.266173 0.117772 2.07882 0.293247 1.64111 0.341237 0.781236 0.307571 1.6956 0.306849
145 4.335 0.121483 22.5874 0.206343 2.51504 1.82402 0.277739 0.595534 0.322852 0.806378 0.540293 0.259947 0.118507 2.37851 0.306883 2.15758 0.353608 1.04564 0.313565 2.38909 0.320548
146 4.365 0.130768 22.6587 0.217336 2.52819 1.84119 0.28844 0.666847 0.327933 0.822564 0.550533 0.32428 0.119436 1.96614 0.318312 2.21722 0.366495 1.24835 0.32082 2.82787 0.336986
147 4.395 0.161677 22.748 0.254459 2.54379 1.81127 0.299114 0.693187 0.333288 0.840479 0.561142 0.334742 0.120409 1.68606 0.328247 2.36177 0.380412 0.695924 0.324921 1.6274 0.346575
148 4.425 0.22191 22.8723 0.345282 2.56525 1.64684 0.308951 0.743648 0.339111 0.896133 0.572607 0.428066 0.121671 1.53279 0.337403 1.89816 0.391753 1.21436 0.332177 0.917792 0.352055
149 4.455 0.328193 23.0586 0.471861 2.59498 1.52828 0.318204 0.837215 0.345755 1.00695 0.585666 0.571859 0.123378 1.52287 0.346623 0.936636 0.397423 0.781572 0.336909 0.90495 0.357534
150 4.485 0.501922 23.3473 0.661719 2.63723 1.39989 0.326794 0.973869 0.353589 1.10259 0.600159 0.761847 0.125685 1.36505 0.355 1.26033 0.405155 1.18237 0.344164 0.446173 0.360274
151 4.515 0.771514 23.7971 0.943848 2.69831 1.25499 0.334599 1.15639 0.363015 1.35152 0.618161 1.07366 0.128978 1.06511 0.361623 1.90668 0.41701 0.659451 0.348265 1.10165 0.367123
152 4.545 1.16308 24.4843 1.32489 2.78518 1.16304 0.341929 1.41507 0.374705 1.54517 0.639017 1.30532 0.133035 0.906811 0.367338 1.06351 0.423711 0.650801 0.352366 0.652453 0.371233
153 4.575 1.69172 25.497 1.81031 2.90546 0.931145 0.347874 1.58001 0.387929 1.6783 0.66197 1.68869 0.138354 0.823696 0.372597 0.968555 0.429897 0.345764 0.354574 0.214677 0.372603
154 4.605 2.2875 26.8843 2.31245 3.06113 0.803184 0.35307 1.79996 0.403193 1.87082 0.687893 2.10265 0.145063 0.49188 0.375779 1.11542 0.437113 0.926711 0.360568 0.21153 0.373973
155 4.635 2.90382 28.6685 2.82876 3.25404 0.648797 0.357322 2.05357 0.420835 2.11615 0.717599 2.28518 0.15245 0.505311 0.379091 0.629032 0.441237 0.529598 0.364038 0 0.373973
156 4.665 3.39251 30.78 3.17452 3.47334 0.470034 0.360442 2.26331 0.44053 2.17675 0.748551 2.75316 0.161466 0.459643 0.382143 0.854193 0.446907 0.665081 0.368454 0 0.373973
157 4.695 3.69377 33.1087 3.41416 3.71223 0.346151 0.36277 2.25404 0.460399 2.33364 0.782163 2.96364 0.171296 0.270359 0.383961 0.459781 0.45 0.891234 0.374448 0.20359 0.375342
158 4.725 3.72995 35.4903 3.39216 3.95263 0.276155 0.364651 2.36843 0.481544 2.36879 0.81672 3.00336 0.181385 0.20021 0.385325 0.454216 0.453093 0.555665 0.378233 0.201079 0.376712
159 4.755 3.52562 37.7701 3.2457 4.18558 0.199565 0.366028 2.41595 0.503387 2.3161 0.850937 3.03118 0.191698 0.122409 0.386169 0.448371 0.456186 0.182971 0.379495 0 0.376712
160 4.785 3.18879 39.8583 2.96326 4.40095 0.173329 0.367238 2.45026 0.525822 2.20762 0.883965 2.80926 0.201376 0.185926 0.387468 0.590241 0.460309 0.406527 0.382334 0.784555 0.382192
161 4.815 2.78704 41.7063 2.64797 4.59583 0.150798 0.368305 2.18277 0.546058 2.11648 0.916028 2.5678 0.210334 0.183631 0.388766 0.364406 0.462887 0.312097 0.384543 0.774767 0.387671
162 4.845 2.44134 43.3453 2.3408 4.77025 0.157991 0.369436 2.13279 0.566078 1.97288 0.946289 2.48915 0.219127 0.190422 0.39013 0.359883 0.465464 0.396563 0.387382 0 0.387671
163 4.875 2.12033 44.7865 2.0745 4.92675 0.171953 0.370683 1.93676 0.584484 1.83358 0.974762 2.20469 0.227011 0.188086 0.391494 0.497682 0.469072 0.391603 0.390221 0.189068 0.389041
164 4.905 1.84033 46.0528 1.80299 5.06445 0.210121 0.372225 1.84197 0.602205 1.65996 1.00086 1.94492 0.234052 0.221182 0.393117 0.842996 0.475258 0.558705 0.394322 0.560118 0.393151
165 4.935 1.56997 47.1463 1.5371 5.18328 0.286162 0.374351 1.56137 0.617411 1.47637 1.02435 1.72857 0.240386 0.3933 0.396039 0.277486 0.47732 0.382218 0.397161 0.92177 0.4
166 4.965 1.27821 48.0474 1.26689 5.28242 0.380457 0.377212 1.39928 0.631205 1.27242 1.04485 1.49602 0.245935 0.483543 0.399675 1.0966 0.485567 0.796852 0.403155 0.728789 0.405479
167 4.995 0.977271 48.7448 1.00402 5.36193 0.473421 0.380816 1.23661 0.643543 1.11044 1.06295 1.15945 0.250288 0.460708 0.403182 0.609396 0.490206 0.663212 0.408202 1.07921 0.413699
168 5.025 0.707015 49.2554 0.767391 5.42344 0.626802 0.385644 0.990625 0.653546 0.942585 1.0785 1.07736 0.254382 0.590047 0.407727 1.27135 0.5 0.573275 0.412618 2.13395 0.430137
169 5.055 0.487674 49.6118 0.56213 5.46904 0.829261 0.392109 0.865377 0.662388 0.76309 1.09124 0.721604 0.257156 0.924655 0.414935 1.05785 0.508247 0.688099 0.417981 1.58186 0.442466
170 5.085 0.318628 49.8474 0.396948 5.50162 1.0132 0.400101 0.715112 0.669782 0.661568 1.10242 0.57419 0.25939 0.839663 0.421558 1.11072 0.51701 1.07977 0.426498 2.25692 0.460274
171 5.115 0.201985 49.9985 0.288175 5.52555 1.19367 0.409628 0.628206 0.676355 0.552243 1.11186 0.521704 0.261444 1.28537 0.431818 0.710341 0.52268 0.948335 0.434069 1.02987 0.468493
172 5.145 0.134411 50.1003 0.196403 5.54206 1.36629 0.420662 0.50516 0.681702 0.466649 1.11993 0.294914 0.262619 1.51976 0.444091 0.893822 0.529897 1.17186 0.443533 2.37523 0.487671
173 5.175 0.0904962 50.1696 0.133772 5.55343 1.53748 0.433223 0.386947 0.685846 0.389177 1.12674 0.230696 0.263549 1.62146 0.457338 1.13585 0.539175 0.772362 0.449842 1.34157 0.49863
174 5.205 0.0633394 50.2187 0.103661 5.56235 1.6698 0.447024 0.35322 0.689673 0.334224 1.13266 0.171471 0.264248 2.05071 0.474286 0.935564 0.546907 1.48845 0.462145 0.828711 0.505479
175 5.235 0.0477575 50.2561 0.0825089 5.56952 1.80934 0.46215 0.290657 0.692858 0.298215 1.138 0.145061 0.264846 1.73981 0.488831 1.10966 0.556186 1.32071 0.473186 1.4747 0.517808
176 5.265 0.0378517 50.2861 0.0722339 5.57588 1.874 0.477998 0.265894 0.695806 0.259806 1.14271 0.0898396 0.265221 1.74305 0.503571 1.15811 0.565979 1.23127 0.483596 0.809855 0.524658
177 5.295 0.0333614 50.3129 0.0588684 5.58112 1.90756 0.494314 0.221767 0.698292 0.238387 1.14707 0.100783 0.265646 2.23203 0.522662 0.964182 0.574227 1.43823 0.495899 0.960828 0.532877
178 5.325 0.0319375 50.3388 0.0613289 5.58664 1.86285 0.510428 0.203387 0.700598 0.211592 1.15099 0.0912054 0.266035 1.91424 0.539221 0.65536 0.579897 1.34917 0.507571 1.4251 0.545205
179 5.355 0.034568 50.3671 0.0613566 5.59222 1.72835 0.525548 0.221229 0.703135 0.222681 1.15517 0.0768237 0.266366 1.82606 0.555195 1.00183 0.58866 1.33453 0.519243 0.939366 0.553425
180 5.385 0.0461756 50.4054 0.073436 5.59898 1.5185 0.538981 0.214406 0.705621 0.215644 1.15925 0.0941267 0.266777 1.79842 0.571104 0.699128 0.594845 0.641844 0.524921 0.774069 0.560274
181 5.415 0.0613229 50.4569 0.0908175 5.60744 1.35509 0.551103 0.209583 0.708079 0.225306 1.16357 0.129043 0.267346 1.65505 0.585909 0.864347 0.602577 1.02278 0.534069 0.765756 0.567123
182 5.445 0.0901224 50.5333 0.120986 5.61882 1.09001 0.560961 0.278399 0.711379 0.25891 1.16859 0.171215 0.26811 1.3568 0.598182 0.855051 0.610309 1.15077 0.544479 1.0602 0.576712
183 5.475 0.135001 50.649 0.168517 5.63486 0.926013 0.569429 0.270536 0.714622 0.281476 1.1741 0.242841 0.269206 1.12198 0.608442 0.901961 0.618557 0.552 0.549527 0.299545 0.579452
184 5.505 0.191642 50.8151 0.216279 5.65566 0.717154 0.576059 0.316965 0.718464 0.292243 1.17989 0.263916 0.270409 0.990284 0.617597 0.724798 0.625258 0.784926 0.556782 1.33376 0.591781
185 5.535 0.269068 51.0509 0.287153 5.68359 0.620738 0.581861 0.315301 0.722326 0.31788 1.18625 0.318918 0.27188 0.7712 0.624805 0.772129 0.632474 0.607485 0.562461 1.46618 0.605479
186 5.565 0.353207 51.3637 0.362132 5.71919 0.472946 0.586329 0.390478 0.727162 0.368946 1.19372 0.33249 0.273429 0.673569 0.631169 0.600191 0.638144 0.500835 0.567192 1.30477 0.617808
187 5.595 0.447342 51.7642 0.433111 5.76223 0.493532 0.591042 0.401858 0.732192 0.431604 1.20254 0.396271 0.275295 0.523585 0.636169 0.6478 0.64433 0.594529 0.572871 0.143539 0.619178
188 5.625 0.510342 52.226 0.494012 5.81185 0.474109 0.595618 0.422051 0.737532 0.424211 1.21131 0.435921 0.277371 0.605516 0.642013 0.693996 0.651031 0.261446 0.575394 0.283789 0.621918
189 5.655 0.568893 52.7464 0.51889 5.86452 0.511905 0.600613 0.440685 0.743168 0.468711 1.22111 0.464287 0.279605 0.525809 0.647143 0.792527 0.658763 0.452821 0.579811 0.561741 0.627397
190 5.685 0.578588 53.2812 0.538009 5.91972 0.538697 0.605924 0.494047 0.749553 0.51461 1.23198 0.457925 0.281832 0.665141 0.653701 0.784198 0.666495 0.479815 0.584543 0.555592 0.632877
191 5.715 0.553737 53.7984 0.517998 5.97342 0.689299 0.612792 0.499361 0.756075 0.582502 1.24441 0.472178 0.284152 0.912348 0.662792 1.29343 0.679381 0.696571 0.591483 0.13757 0.634247
192 5.745 0.492484 54.2633 0.489554 6.02471 0.789455 0.620741 0.496901 0.762633 0.611517 1.2576 0.361331 0.285947 1.10278 0.673896 1.22863 0.691753 0.783215 0.599369 0.136141 0.635616
193 5.775 0.418456 54.6624 0.418857 6.06905 0.949858 0.630405 0.516622 0.769523 0.742429 1.27377 0.376266 0.287835 1.30841 0.687208 1.21587 0.704124 0.992225 0.609464 0.403899 0.639726
194 5.805 0.337002 54.9872 0.384894 6.11023 1.13495 0.642073 0.580781 0.777349 0.844426 1.29237 0.349644 0.289608 1.4022 0.701623 1.60458 0.720619 0.889961 0.618612 0.932629 0.649315
195 5.835 0.274162 55.2542 0.349739 6.14803 1.21906 0.654735 0.612929 0.785695 0.95301 1.31357 0.310876 0.291201 1.68797 0.719156 1.88592 0.740206 0.911093 0.628076 0.52779 0.654795
196 5.865 0.241578 55.4918 0.313233 6.18223 1.36872 0.669098 0.596207 0.793896 0.841334 1.33248 0.304913 0.292779 1.54707 0.73539 0.884339 0.749485 0.841702 0.636909 1.17484 0.667123
197 5.895 0.228247 55.7187 0.294509 6.21472 1.59748 0.686033 0.566828 0.801773 0.672524 1.34775 0.319734 0.294451 1.49454 0.751234 0.729271 0.757216 1.22009 0.649842 1.03371 0.678082
198 5.925 0.255257 55.975 0.331565 6.25166 1.79399 0.705246 0.564167 0.809693 0.577435 1.361 0.384708 0.296483 1.22483 0.764351 0.62578 0.763918 1.14865 0.662145 0.895174 0.687671
199 5.955 0.332715 56.3124 0.437891 6.30096 1.84329 0.725187 0.690138 0.81948 0.666187 1.37643 0.533458 0.29933 1.56062 0.781234 0.857605 0.773196 2.07062 0.684543 1.13964 0.7
200 5.985 0.464098 56.7879 0.580309 6.36694 1.78788 0.744725 0.83016 0.831371 0.777453 1.39463 0.716646 0.303193 1.59848 0.798701 1.2266 0.786598 2.85784 0.715773 0.376116 0.70411
30000 200
1 0.015 0 0 0 0 0 0 0 0 0 0 0 0 0 0 0 0 0 0 0 0
2 0.045 0 0 0 0 0 0 0 0 0 0 0 0 0 0 0 0 0 0 0 0
3 0.075 0 0 0 0 0 0 0 0 0 0 0 0 0 0 0 0 0 0 0 0
4 0.105 0 0 0 0 0 0 0 0 0 0 0 0 0 0 0 0 0 0 0 0
5 0.135 0 0 0 0 0 0 0 0 0 0 0 0 0 0 0 0 0 0 0 0
6 0.165 0 0 0 0 0 0 0 0 0 0 0 0 0 0 0 0 0 0 0 0
7 0.195 0 0 0 0 0 0 0 0 0 0 0 0 0 0 0 0 0 0 0 0
8 0.225 0 0 0 0 0 0 0 0 0 0 0 0 0 0 0 0 0 0 0 0
9 0.255 0 0 0 0 0 0 0 0 0 0 0 0 0 0 0 0 0 0 0 0
10 0.285 0 0 0 0 0 0 0 0 0 0 0 0 0 0 0 0 0 0 0 0
11 0.315 0 0 0 0 0 0 0 0 0 0 0 0 0 0 0 0 0 0 0 0
12 0.345 0 0 0 0 0 0 0 0 0 0 0 0 0 0 0 0 0 0 0 0
13 0.375 0 0 0 0 0 0 0 0 0 0 0 0 0 0 0 0 0 0 0 0
14 0.405 0 0 0 0 0 0 0 0 0 0 0 0 0 0 0 0 0 0 0 0
15 0.435 0 0 0 0 0 0 0 0 0 0 0 0 0 0 0 0 0 0 0 0
16 0.465 0 0 0 0 0 0 0 0 0 0 0 0 0 0 0 0 0 0 0 0
17 0.495 0 0 0 0 0 0 0 0 0 0 0 0 0 0 0 0 0 0 0 0
18 0.525 0 0 0 0 0 0 0 0 0 0 0 0 0 0 0 0 0 0 0 0
19 0.555 0 0 0 0 0 0 0 0 0 0 0 0 0 0 0 0 0 0 0 0
20 0.585 0 0 0 0 0 0 0 0 0 0 0 0 0 0 0 0 0 0 0 0
21 0.615 0 0 0 0 0 0 0 0 0 0 0 0 0 0 0 0 0 0 0 0
22 0.645 0 0 0 0 0 0 0 0 0 0 0 0 0 0 0 0 0 0 0 0
23 0.675 0 0 0 0 0 0 0 0 0 0 0 0 0 0 0 0 0 0 0 0
24 0.705 0 0 0 0 0 0 0 0 0 0 0 0 0 0 0 0 0 0 0 0
25 0.735 0 0 0 0 0 0 0 0 0 0 0 0 0 0 0 0 0 0 0 0
26 0.765 0 0 0 0 0 0 0 0 0 0 0 0 0 0 0 0 0 0 0 0
27 0.795 0 0 0 0 0 0 0 0 0 0 0 0 0 0 0 0 0 0 0 0
28 0.825 0 0 0 0 0 0 0 0 0 0 0 0 0 0 0 0 0 0 0 0
29 0.855 0 0 0 0 0 0 0 0 0 0 0 0 0 0 0 0 0 0 0 0
30 0.885 0 0 0 0 0 0 0 0 0 0 0 0 0 0 0 0 0 0 0 0
31 0.915 0 0 0 0 0 0 0 0 0 0 0 0 0 0 0 0 0 0 0 0
32 0.945 0 0 0 0 0 0 0 0 0 0 0 0 0 0 0 0 0 0 0 0
33 0.975 0 0 0 0 0 0 0 0 0 0 0 0 0 0 0 0 0 0 0 0
34 1.005 0 0 0 0 0 0 0 0 0 0 0 0 0 0 0 0 0 0 0 0
35 1.035 0 0 0 0 0 0 0 0 0 0 0 0 0 0 0 0 0 0 4.19077 0.00136986
36 1.065 0 0 0 0 0 0 0 0 0 0 0 0 0 0 0 0 0 0 3.95506 0.00273973
37 1.095 0 0 0 0 0 0 0 0 0 0 0 0 0 0 0 0 0 0 11.2265 0.00684932
38 1.125 0 0 0 0 0 0 0 0 0 0 0 0 0 0 0 0 0 0 3.54565 0.00821918
39 1.155 0 0 0 0 0 0 0 0 0 0 0 0 0 0 0 0 0 0 0 0.00821918
40 1.185 0 0 0 0 0 0 0 0 0.00784731 7.20669e-06 0 0 0 0 0 0 0 0 6.389 0.0109589
41 1.215 0 0 0 0 0 0 0 0 0.0149399 2.16201e-05 0 0 0 0 0 0 0 0 0 0.0109589
42 1.245 0 0 0 0 0 0 0 0 0.028431 5.04468e-05 0 0 0 0 0 0 0 0 2.89694 0.0123288
43 1.275 0 0 0 0 0 0 0 0 0.00677751 5.76535e-05 0 0 0 0 0 0 0 0 2.75848 0.0136986
44 1.305 0 0 0 0 0 0 0 0 0.0129469 7.20669e-05 0 0 0 0 0 0 0 0 0 0.0136986
45 1.335 0 0 0 0 0 0 0 0 0 7.20669e-05 0 0 0 0 0 0 0 0 2.51692 0.0150685
46 1.365 0 0 0 0 0 0 0 0 0 7.20669e-05 0 0 0 0 0 0 0 0 0 0.0150685
47 1.395 0 0 0 0 0 0 0 0 0.00566259 7.92736e-05 0 0 0 0 0 0 0 0 2.30548 0.0164384
48 1.425 0 0 0 0 0 0 0 0 0.00542802 8.64803e-05 0 0 0 0 0 0 0 0 2.20833 0.0178082
49 1.455 0 0 0 0 0 0 0 0 0.00520476 9.36869e-05 0 0 0 0 0 0 0 0 0 0.0178082
50 1.485 0 0 0 0 0 0 0 0 0.00999415 0.0001081 0 0 0 0 0 0 0 0 4.06975 0.0205479
51 1.515 0 0 0 0 0 0 0 0 0.024009 0.000144134 0 0 0 0 0 0 0 0 0 0.0205479
52 1.545 0 0 0 0 0 0 0 0 0.0184718 0.000172961 0 0 0 0 0 0 0 0 0 0.0205479
53 1.575 0 0 0 0 0 0 0 0 0.0133278 0.000194581 0 0 0 0 0 0 0 0 0 0.0205479
54 1.605 0 0 0 0 0 0 0 0 0.0042802 0.000201787 0 0 0 0 0 0 0 0 5.22459 0.0246575
55 1.635 0 0 0 0 0.00882514 7.20669e-06 0 0 0.00412325 0.000208994 0 0 0 0 0 0 0 0 6.71118 0.030137
56 1.665 0 0 0 0 0.0170262 2.16201e-05 0 0 0.00397312 0.000216201 0 0 0 0 0 0 0 0 8.09502 0.0369863
57 1.695 0 0 0 0 0.295794 0.000281061 0.00627289 7.20669e-06 0 0.000216201 0 0 0.222204 0.000194805 4.11283 0.00360825 0 0 4.68415 0.0410959
58 1.725 0 0 0 0 1.06307 0.00124676 0.0121016 2.16201e-05 0 0.000216201 0 0 0.643323 0.000779221 3.971 0.00721649 0 0 4.52499 0.0452055
59 1.755 0 0 0 0 2.84344 0.00392044 0.0292309 5.76535e-05 0 0.000216201 0 0 1.17404 0.00188312 13.7061 0.0201031 0 0 0 0.0452055
60 1.785 0 0 0 0 4.40821 0.00820842 0.0339118 0.000100894 0 0.000216201 0 0 2.1361 0.00396104 9.00812 0.028866 0 0 8.45241 0.0534247
61 1.815 0 0 0 0 4.64351 0.0128784 0.00546607 0.0001081 0 0.000216201 0 0 3.29291 0.00727273 10.2521 0.0391753 0.941425 0.000946372 6.81189 0.060274
62 1.845 0 0 0 0 3.89733 0.0169285 0.0105831 0.000122514 0 0.000216201 0 0 4.2493 0.0116883 9.42374 0.0489691 0.910391 0.00189274 2.63568 0.0630137
63 1.875 0 0 0 0 3.53863 0.0207264 0.00512475 0.00012972 0 0.000216201 0 0 3.75098 0.0157143 7.20463 0.056701 1.17551 0.00315457 3.83035 0.0671233
64 1.905 0 0 0 0 3.69483 0.0248198 0.00992606 0.000144134 0 0.000216201 0 0 3.75098 0.0198701 5.5842 0.0628866 1.70822 0.00504732 1.23631 0.0684932
65 1.935 0.000134418 1.44134e-05 0 0 4.23683 0.0296627 0.0240417 0.000180167 0 0.000216201 0 0 3.18134 0.0235065 2.70566 0.0659794 0.827929 0.00599369 2.39736 0.0712329
66 1.965 0 1.44134e-05 0 0 4.90932 0.0354497 0.0326431 0.000230614 0 0.000216201 0 0 3.85627 0.0280519 3.06079 0.0695876 0.267812 0.00630915 4.64724 0.0767123
67 1.995 0.00037958 5.76535e-05 0.0022798 2.88268e-05 4.75691 0.0412295 0.0316798 0.000281061 0.00553797 0.000230614 0.0120262 7.20669e-06 2.67212 0.0312987 1.27222 0.071134 0.778851 0.00725552 1.12754 0.0780822
68 2.025 0.00049143 0.000115307 0.00553204 0.000100894 4.15628 0.0464327 0.0263488 0.000324301 0.00806396 0.000252234 0.0116697 1.44134e-05 2.74901 0.0347403 0 0.071134 0.504195 0.00788644 1.09411 0.0794521
69 2.055 0.000238519 0.000144134 0.00805911 0.000208994 2.9682 0.0502594 0.0426462 0.000396368 0.010438 0.000281061 0.0339885 3.60334e-05 2.61919 0.0381169 0 0.071134 0.489351 0.00851735 1.06231 0.0808219
70 2.085 0.000810877 0.000245027 0.0125243 0.000381954 1.84088 0.0527025 0.107712 0.000583742 0.0608507 0.000454021 0.0220164 5.04468e-05 2.44628 0.0413636 0.776797 0.0721649 0.475269 0.00914826 0 0.0808219
71 2.115 0.0032653 0.000663015 0.0299217 0.000807149 1.16103 0.054288 0.161045 0.000872009 0.137972 0.000857596 0.0106978 5.76535e-05 1.47393 0.0433766 0 0.0721649 0 0.00914826 0 0.0808219
72 2.145 0.00569135 0.00141251 0.0493072 0.00152782 0.692682 0.0552609 0.238756 0.00131162 0.292237 0.00173681 0.0208105 7.20669e-05 1.10951 0.0449351 0 0.0721649 0 0.00914826 0.974962 0.0821918
73 2.175 0.0165007 0.00364658 0.105985 0.0031205 0.45413 0.0559167 0.308356 0.00189536 0.503203 0.00329346 0.0101157 7.92736e-05 1.34896 0.0468831 0 0.0721649 0.218456 0.00946372 0 0.0821918
74 2.205 0.0469207 0.0101758 0.21184 0.00639233 0.218469 0.056241 0.466711 0.0028034 0.899912 0.00615451 0.0196922 9.36869e-05 0.699938 0.0479221 0 0.0721649 0.212398 0.00977918 0 0.0821918
75 2.235 0.127028 0.0283367 0.384676 0.0124964 0.137031 0.05645 0.72105 0.00424474 1.37018 0.0106299 0.0287463 0.000115307 0.425785 0.0485714 0 0.0721649 0.206885 0.0100946 0 0.0821918
76 2.265 0.32659 0.07629 0.769457 0.025036 0.0690016 0.0565581 1.20408 0.00671663 1.81962 0.0167339 0.0839809 0.000180167 0.207357 0.0488961 0 0.0721649 0.201568 0.0104101 0 0.0821918
77 2.295 0.742738 0.188253 1.36413 0.0478596 0.0493013 0.0566374 1.73354 0.0103704 2.53614 0.0254684 0.245367 0.000374748 0.0807799 0.049026 0 0.0721649 0 0.0104101 0 0.0821918
78 2.325 1.51511 0.422658 2.2 0.0856371 0.0524054 0.0567238 2.29544 0.0153358 3.12151 0.0365019 0.495763 0.000778322 0.157393 0.0492857 0 0.0721649 0.382357 0.011041 0 0.0821918
79 2.355 2.71641 0.853834 3.34857 0.144631 0.0297942 0.0567743 2.76989 0.0214831 3.82347 0.0503675 1.05281 0.00165754 0.153466 0.0495455 0 0.0721649 0 0.011041 0 0.0821918
80 2.385 4.13519 1.52704 4.40317 0.224193 0.0166028 0.0568031 3.31804 0.0290357 4.00496 0.0652638 1.7922 0.00319256 0.0747838 0.0496753 0 0.0721649 0.363326 0.0116719 0 0.0821918
81 2.415 5.4138 2.43071 5.20781 0.320676 0.02834 0.0568536 3.69619 0.0376622 4.03839 0.0806645 2.68332 0.00554915 0.0364655 0.0497403 0.289472 0.0726804 0 0.0116719 0 0.0821918
82 2.445 6.02395 3.46137 5.42918 0.423775 0.0236942 0.0568968 3.85 0.0468723 4.10029 0.0966921 3.93102 0.00908763 0.0355704 0.0498052 0 0.0726804 0.345648 0.0123028 0 0.0821918
83 2.475 5.74948 4.46936 5.0043 0.521152 0.0154218 0.0569256 3.81611 0.0562266 3.93126 0.112439 4.9143 0.0136206 0.104201 0.05 0.551291 0.0737113 0 0.0123028 0 0.0821918
84 2.505 4.82225 5.3354 4.06408 0.602162 0.00752871 0.05694 3.73662 0.0656097 3.25983 0.125814 4.94223 0.0182906 0.0339115 0.0500649 0.538212 0.0747423 0.16465 0.0126183 0 0.0821918
85 2.535 3.49064 5.9774 3.14517 0.666366 0.0146961 0.0569689 3.05183 0.0734578 2.91729 0.138073 4.72927 0.0228668 0.0661868 0.0501948 0.262586 0.0752577 0 0.0126183 0 0.0821918
86 2.565 2.30907 6.41219 2.19034 0.712143 0.0143488 0.0569977 2.81666 0.0808735 2.28995 0.147924 4.081 0.0269098 0.0969686 0.0503896 0.513599 0.0762887 0 0.0126183 0 0.0821918
87 2.595 1.48464 6.69833 1.60228 0.746418 0.0175253 0.0570337 2.39081 0.0873162 1.93942 0.156464 3.58209 0.0305419 0 0.0503896 0.752327 0.0778351 0 0.0126183 0 0.0821918
88 2.625 1.01421 6.89834 1.22578 0.773249 0.0205585 0.057077 2.22412 0.0934491 1.73068 0.164262 2.7087 0.0333526 0 0.0503896 0.490016 0.078866 0 0.0126183 0 0.0821918
89 2.655 0.89026 7.07795 1.14415 0.798869 0.0200979 0.0571202 2.04136 0.0992073 1.56669 0.171483 1.91461 0.0353848 0.030188 0.0504545 0.479163 0.0798969 0 0.0126183 0 0.0821918
90 2.685 1.04532 7.29363 1.31447 0.828971 0.0392937 0.0572067 1.80111 0.104403 1.45388 0.178337 1.7726 0.037309 0.0294927 0.0505195 0.468299 0.0809278 0.143316 0.0129338 0 0.0821918
91 2.715 1.38732 7.58631 1.60383 0.866525 0.0320222 0.0572788 1.71998 0.109477 1.42192 0.18519 1.77899 0.0392837 0 0.0505195 0 0.0809278 0.140097 0.0132492 0 0.0821918
92 2.745 1.87313 7.99026 1.92933 0.912705 0.043859 0.0573796 1.84037 0.115026 1.47144 0.19244 1.9119 0.0414529 0 0.0505195 1.12076 0.0835052 0.274314 0.0138801 1.19177 0.0849315
93 2.775 2.33727 8.50538 2.31003 0.969213 0.0643729 0.057531 1.61132 0.119991 1.42263 0.199604 2.23124 0.0440401 0.0552287 0.0506494 0.43826 0.0845361 0.402692 0.0148265 2.33002 0.090411
94 2.805 2.67785 9.10839 2.4509 1.03047 0.0690055 0.0576967 1.76022 0.125533 1.36015 0.206601 2.1776 0.0466201 0.0270307 0.0507143 0 0.0845361 0.788156 0.0167192 0.57023 0.0917808
95 2.835 2.75925 9.7431 2.44535 1.0929 0.114548 0.0579778 1.64917 0.130837 1.34108 0.213649 2.26288 0.0493586 0.052923 0.0508442 0 0.0845361 0.514208 0.0179811 0.558363 0.0931507
96 2.865 2.55527 10.3434 2.22937 1.15103 0.135145 0.0583165 1.6631 0.1363 1.40185 0.221173 2.25064 0.0521404 0.0777301 0.051039 0 0.0845361 1.00702 0.0205047 1.09341 0.0958904
97 2.895 2.16585 10.8629 1.88024 1.20109 0.225345 0.0588931 1.47835 0.141258 1.30056 0.228301 1.87303 0.0545042 0.152293 0.0514286 0 0.0845361 0.73984 0.0223975 3.21229 0.10411
98 2.925 1.70114 11.2794 1.48814 1.24153 0.35317 0.0598155 1.46084 0.14626 1.16969 0.234844 1.67817 0.0566662 0.198868 0.0519481 0.197326 0.0850515 0.96599 0.0249211 1.04889 0.106849
99 2.955 1.20124 11.5796 1.15123 1.27346 0.454189 0.0610262 1.1921 0.150425 1.07411 0.240977 1.28803 0.0583598 0.26795 0.0526623 0 0.0850515 1.18329 0.0280757 0.513725 0.108219
100 2.985 0.81129 11.7865 0.783971 1.29565 0.574917 0.0625901 0.964101 0.153863 0.82875 0.245806 0.97762 0.0596714 0.763935 0.0547403 0.758048 0.0871134 1.97154 0.0334385 2.51821 0.115068
101 3.015 0.514787 11.9205 0.535338 1.31111 0.823208 0.0648746 0.810272 0.15681 0.794157 0.250526 0.795007 0.0607596 0.842304 0.0570779 0.185722 0.0876289 0.795737 0.0356467 1.48073 0.119178
102 3.045 0.310735 12.0029 0.347447 1.32135 1.17882 0.0682113 0.642904 0.159196 0.678734 0.254641 0.521368 0.0614875 0.940627 0.0597403 0.728495 0.0896907 1.44869 0.0397476 3.38742 0.128767
103 3.075 0.178475 12.0512 0.211132 1.32769 1.40804 0.0722759 0.52565 0.161185 0.509374 0.25779 0.404923 0.062064 1.3272 0.0635714 0.714041 0.0917526 1.85773 0.0451104 1.89823 0.134247
104 3.105 0.104471 12.0801 0.144724 1.33212 1.66993 0.0771908 0.463259 0.162972 0.509861 0.261005 0.20354 0.0623595 1.36792 0.0675974 0.875712 0.0943299 3.53692 0.0555205 2.79222 0.142466
105 3.135 0.0613883 12.0973 0.0944101 1.33507 1.96237 0.0830787 0.29867 0.164147 0.352132 0.263268 0.150938 0.0625829 1.68802 0.0726623 1.37449 0.0984536 2.20803 0.0621451 2.73937 0.150685
106 3.165 0.0390137 12.1085 0.0588855 1.33694 2.15627 0.0896728 0.29664 0.165336 0.356469 0.265602 0.124219 0.0627703 1.97467 0.0787013 2.19115 0.105155 1.85647 0.0678233 2.68775 0.158904
107 3.195 0.0225952 12.1151 0.0437819 1.33836 2.38197 0.0970957 0.211715 0.166201 0.292592 0.267555 0.0797078 0.0628928 2.08373 0.0851948 2.15014 0.111856 1.5184 0.0725552 1.75951 0.164384
108 3.225 0.0142845 12.1194 0.0362121 1.33956 2.26291 0.104281 0.187002 0.166979 0.242663 0.269206 0.0414151 0.0629576 2.16784 0.0920779 2.59748 0.120103 2.58349 0.0807571 1.72579 0.169863
109 3.255 0.0100768 12.1224 0.0267646 1.34046 1.93621 0.110543 0.161479 0.167664 0.202845 0.270611 0.0361385 0.0630153 2.04777 0.0987013 1.27525 0.124227 2.24328 0.0880126 0.423258 0.171233
110 3.285 0.00728047 12.1247 0.0203935 1.34116 1.80037 0.116474 0.145191 0.168291 0.176699 0.271858 0.0443523 0.0630873 1.8331 0.10474 2.34701 0.131959 1.91495 0.0943218 0.831767 0.173973
111 3.315 0.00659916 12.1267 0.0189951 1.34182 1.6326 0.121952 0.152417 0.168961 0.148437 0.272924 0.0261276 0.0631306 1.83885 0.110909 1.38282 0.136598 2.63264 0.103155 1.22464 0.178082
112 3.345 0.00477074 12.1283 0.013991 1.34232 1.34818 0.126557 0.135195 0.169566 0.132975 0.273897 0.012828 0.0631522 1.63489 0.116494 1.05627 0.140206 2.40117 0.111356 0 0.178082
113 3.375 0.00495188 12.1299 0.0109542 1.34271 1.11704 0.130441 0.1502 0.170251 0.141262 0.27495 0.0126105 0.0631738 1.54992 0.121883 1.33394 0.144845 3.0844 0.122082 0.787958 0.180822
114 3.405 0.00395272 12.1312 0.0152622 1.34328 1.13007 0.134441 0.152227 0.170957 0.146408 0.276059 0 0.0631738 1.81615 0.128312 1.0193 0.148454 3.74358 0.135331 0.774018 0.183562
115 3.435 0.00478015 12.1328 0.0105754 1.34367 1.12438 0.138491 0.0900545 0.171382 0.143847 0.277169 0.012166 0.0631954 1.76666 0.134675 2.71868 0.158247 2.01456 0.142587 1.52103 0.189041
116 3.465 0.00700517 12.1352 0.0171949 1.34433 1.33306 0.143377 0.113997 0.17193 0.154224 0.27838 0.0239205 0.0632387 1.39962 0.139805 1.82815 0.164948 2.23804 0.150789 0.373694 0.190411
117 3.495 0.00968853 12.1386 0.0183872 1.34504 1.49972 0.148969 0.113527 0.172485 0.158799 0.279648 0.019588 0.0632747 1.88072 0.146818 2.35028 0.173711 2.03012 0.15836 0.73433 0.193151
118 3.525 0.0136989 12.1435 0.0233703 1.34596 1.87133 0.156068 0.131891 0.173141 0.201345 0.281284 0.0423696 0.063354 1.76324 0.153506 2.17433 0.181959 1.91283 0.165615 0.72239 0.19589
119 3.555 0.0184502 12.1501 0.0344667 1.34735 1.86789 0.163275 0.13538 0.173825 0.23283 0.283208 0.056805 0.0634621 2.23838 0.162143 2.53843 0.191753 1.96202 0.173186 2.1298 0.20411
120 3.585 0.0242164 12.1591 0.0448364 1.34918 1.7982 0.17033 0.173753 0.174719 0.245253 0.28527 0.0633022 0.0635846 2.08527 0.170325 2.89015 0.203093 1.6884 0.179811 2.09485 0.212329
121 3.615 0.0304057 12.1704 0.0595456 1.35165 1.72334 0.177205 0.188809 0.175706 0.342407 0.288195 0.0842377 0.0637504 2.19734 0.179091 1.42136 0.208763 1.73959 0.186751 2.06028 0.220548
122 3.645 0.0414309 12.1862 0.0780354 1.35494 1.51921 0.183367 0.253479 0.177054 0.414776 0.291799 0.129668 0.0640098 1.58491 0.185519 1.27083 0.213918 1.78888 0.194006 2.36384 0.230137
123 3.675 0.0528759 12.2066 0.106166 1.3595 1.20605 0.18834 0.308044 0.178719 0.463532 0.295892 0.106307 0.064226 1.51205 0.191753 0.875253 0.217526 1.22422 0.199054 1.9935 0.238356
124 3.705 0.0779963 12.2373 0.147917 1.36595 0.950997 0.192325 0.358168 0.180686 0.54436 0.300778 0.19524 0.0646296 1.39466 0.197597 0.983934 0.221649 0.752624 0.202208 1.63485 0.245205
125 3.735 0.115089 12.2832 0.215156 1.37548 0.665042 0.195157 0.453118 0.183216 0.569638 0.305974 0.250464 0.0651557 1.21978 0.202792 0.605335 0.224227 1.55557 0.208833 1.28665 0.250685
126 3.765 0.18325 12.3576 0.301691 1.38907 0.509584 0.197362 0.525978 0.186199 0.682655 0.312302 0.388276 0.0659844 0.870305 0.206558 0.952953 0.228351 1.02066 0.213249 0 0.250685
127 3.795 0.294253 12.4788 0.442014 1.40929 0.340925 0.198861 0.631499 0.189839 0.740781 0.319278 0.478524 0.0670222 0.561191 0.209026 0.586261 0.230928 1.00447 0.217666 0.311475 0.252055
128 3.825 0.476978 12.6786 0.633906 1.43875 0.208141 0.199791 0.765617 0.194321 0.84595 0.327371 0.549555 0.0682329 0.363469 0.210649 0.92329 0.235052 0.918157 0.221767 0.306658 0.253425
129 3.855 0.748039 12.9967 0.909094 1.48167 0.166788 0.200548 0.861602 0.199445 0.957449 0.336675 0.682735 0.0697607 0.42937 0.212597 0.454377 0.237113 1.32083 0.22776 0.604006 0.256164
130 3.885 1.13069 13.4852 1.21918 1.54012 0.148586 0.201232 1.07387 0.205931 1.11066 0.347636 1.04322 0.0721317 0.352315 0.214221 1.23045 0.242784 0.821624 0.231546 1.18911 0.261644
131 3.915 1.58221 14.1792 1.61531 1.61877 0.144778 0.20191 1.2173 0.213397 1.1793 0.359455 1.27399 0.0750721 0.29144 0.215584 0.550897 0.245361 0.741503 0.235016 0.585955 0.264384
132 3.945 2.05475 15.0944 1.98443 1.71687 0.159274 0.202666 1.35505 0.221836 1.39864 0.373688 1.58069 0.0787763 0.300707 0.217013 0.651038 0.248454 0.929554 0.239432 1.15348 0.269863
133 3.975 2.45727 16.2057 2.23571 1.82909 0.183776 0.203553 1.52047 0.23145 1.43134 0.388477 1.87502 0.0832372 0.363455 0.218766 0.748085 0.252062 0.981066 0.244164 0 0.269863
134 4.005 2.64385 17.4194 2.38015 1.95036 0.232525 0.204692 1.53818 0.241323 1.5 0.404209 2.03792 0.0881594 0.530395 0.221364 0.842111 0.256186 1.41734 0.251104 0.279897 0.271233
135 4.035 2.59425 18.6282 2.29862 2.06924 0.303031 0.206198 1.53975 0.251355 1.49945 0.420172 2.15477 0.0934419 0.574855 0.224221 1.14076 0.261856 0.82533 0.255205 0.275497 0.272603
136 4.065 2.3051 19.7183 2.05077 2.17689 0.40144 0.208223 1.52909 0.261466 1.4527 0.435868 1.98397 0.0983785 0.72088 0.227857 1.63491 0.270103 1.93845 0.264984 0.271671 0.273973
137 4.095 1.86975 20.6157 1.6979 2.26733 0.602516 0.211307 1.5175 0.271649 1.3421 0.450584 1.82089 0.102976 0.811795 0.232013 1.30902 0.276804 1.60203 0.273186 0.267619 0.275342
138 4.125 1.37688 21.2862 1.32037 2.3387 0.774148 0.215329 1.21185 0.279901 1.30063 0.465055 1.42041 0.106616 0.850036 0.236429 1.58731 0.285052 1.03239 0.278549 0.791234 0.279452
139 4.155 0.941706 21.7515 0.968248 2.3918 1.04058 0.220813 1.1475 0.287828 1.11784 0.477674 1.24475 0.109852 1.26908 0.243117 1.17377 0.291237 1.31683 0.285489 0.519827 0.282192
140 4.185 0.606229 22.0554 0.687703 2.43006 1.27779 0.227645 1.11568 0.295647 1.07167 0.489947 0.915441 0.112266 1.45732 0.250909 2.1213 0.302577 1.35712 0.292744 0.512174 0.284932
141 4.215 0.381207 22.2492 0.486526 2.45752 1.58252 0.236228 0.940685 0.302335 0.988857 0.501434 0.759685 0.114298 1.67617 0.26 1.71082 0.311856 1.39585 0.300315 1.76775 0.294521
142 4.245 0.239229 22.3726 0.330739 2.47645 1.70041 0.245582 0.809517 0.308172 0.873382 0.511725 0.51788 0.115703 1.9358 0.270649 1.49914 0.320103 1.08943 0.306309 0.747074 0.29863
143 4.275 0.163741 22.4582 0.259695 2.49152 1.87816 0.256061 0.727245 0.313491 0.837057 0.521728 0.44783 0.116936 1.97853 0.281688 1.47832 0.328351 0.848092 0.311041 2.21003 0.310959
144 4.305 0.128478 22.5264 0.224512 2.50474 1.90047 0.266813 0.68216 0.31855 0.809967 0.531544 0.320226 0.117829 2.07737 0.293442 1.54854 0.337113 0.613336 0.314511 1.69463 0.320548
145 4.335 0.119041 22.5904 0.208978 2.51722 1.93581 0.277919 0.69479 0.323775 0.804665 0.541431 0.305616 0.118694 1.96941 0.30474 2.06639 0.348969 0.879888 0.319558 1.43275 0.328767
146 4.365 0.134221 22.6636 0.215641 2.53027 1.8374 0.288606 0.684307 0.328993 0.803468 0.551441 0.28134 0.119501 1.95365 0.316104 2.12703 0.36134 0.542411 0.322713 1.88397 0.339726
147 4.395 0.171945 22.7587 0.265682 2.54657 1.79531 0.299193 0.721644 0.33457 0.871275 0.562446 0.309698 0.120402 2.02625 0.328052 2.4477 0.375773 1.17698 0.329653 1.859 0.350685
148 4.425 0.230656 22.8879 0.358831 2.56889 1.63361 0.308958 0.788225 0.340747 0.935509 0.574423 0.491301 0.121851 1.60773 0.337662 1.46603 0.384536 1.00262 0.335647 1.60398 0.360274
149 4.455 0.335021 23.0782 0.492324 2.59993 1.57958 0.318528 0.898323 0.347881 1.08565 0.588513 0.5474 0.123487 1.404 0.346169 1.53153 0.393814 0.83296 0.340694 1.58271 0.369863
150 4.485 0.518374 23.3767 0.679981 2.64338 1.34138 0.326766 1.04752 0.356313 1.1479 0.603611 0.737577 0.125721 1.27946 0.354026 1.42681 0.402577 0.616505 0.344479 0.892266 0.375342
151 4.515 0.786101 23.8353 0.972348 2.70634 1.28888 0.334787 1.19354 0.366049 1.35488 0.621671 1.10581 0.129115 1.21043 0.361558 1.49084 0.411856 0.760253 0.349211 0 0.375342
152 4.545 1.18311 24.5348 1.34439 2.79456 1.07994 0.341597 1.36266 0.377313 1.53873 0.642455 1.29055 0.133129 0.978267 0.367727 1.38951 0.420619 0.600296 0.352997 0.651779 0.379452
153 4.575 1.70541 25.5564 1.79149 2.91367 1.01167 0.348061 1.60039 0.390718 1.64818 0.665012 1.67608 0.138412 0.985756 0.374026 1.21004 0.428351 0.740541 0.357729 0 0.379452
154 4.605 2.30191 26.9534 2.32507 3.07029 0.830471 0.353438 1.82247 0.406183 1.8934 0.691265 2.07184 0.145027 0.772342 0.379026 0.796176 0.433505 0.730901 0.362461 0.211471 0.380822
155 4.635 2.90679 28.7407 2.78454 3.26032 0.597783 0.357358 1.95155 0.422961 2.09929 0.720755 2.50404 0.153128 0.465341 0.382078 0.392894 0.436082 1.01012 0.369085 0.417584 0.383562
156 4.665 3.38404 30.8484 3.17668 3.47992 0.484859 0.360579 2.08296 0.4411 2.19645 0.752011 2.65225 0.161819 0.64507 0.386364 1.16395 0.443814 0.569809 0.372871 0 0.383562
157 4.695 3.70761 33.1874 3.38107 3.71667 0.348066 0.362922 2.30151 0.461401 2.23398 0.78421 2.88339 0.171389 0.26054 0.388117 0.766118 0.448969 0.703136 0.377603 0.203485 0.384932
158 4.725 3.72571 35.568 3.40494 3.95814 0.242138 0.364572 2.3256 0.482178 2.26001 0.817202 2.86621 0.181025 0.152457 0.389156 0.529333 0.452577 0.648077 0.382019 0 0.384932
159 4.755 3.50639 37.837 3.22374 4.18968 0.222396 0.366107 2.35213 0.503459 2.27641 0.850858 2.9825 0.191179 0.169313 0.390325 0.0746686 0.453093 0.685496 0.386751 0.396921 0.387671
160 4.785 3.18121 39.9216 3.0033 4.40811 0.177329 0.367346 2.30381 0.524568 2.19984 0.883792 2.81142 0.200872 0.111463 0.391104 0.590068 0.457216 0.361053 0.389274 0.391782 0.390411
161 4.815 2.78056 41.7666 2.65531 4.60367 0.151716 0.36842 2.29853 0.545892 2.07363 0.915228 2.55567 0.209794 0.174304 0.392338 0.509761 0.460825 0.713101 0.394322 0.387167 0.393151
162 4.845 2.42346 43.3948 2.34224 4.77832 0.158895 0.369559 2.09597 0.565581 1.9518 0.945186 2.41812 0.218341 0.135953 0.393312 0.719254 0.465979 0.3081 0.39653 0.382337 0.39589
163 4.875 2.10269 44.8249 2.05434 4.93341 0.164886 0.370755 1.98844 0.584491 1.75718 0.972492 2.181 0.226146 0.187969 0.394675 0.923514 0.47268 0.608848 0.400946 0.377681 0.39863
164 4.905 1.83434 46.088 1.80665 5.07148 0.223719 0.372398 1.74038 0.601247 1.62993 0.998133 2.09073 0.23372 0.238711 0.396429 0.701783 0.477835 0.515487 0.404732 0.372996 0.40137
165 4.935 1.54798 47.167 1.50734 5.18809 0.314068 0.374733 1.60615 0.6169 1.44816 1.02119 1.68217 0.239889 0.296952 0.398636 0.693294 0.48299 0.424123 0.407886 0.184327 0.40274
166 4.965 1.26011 48.056 1.24308 5.28544 0.350485 0.377371 1.38878 0.6306 1.29657 1.04209 1.55125 0.245647 0.345126 0.401234 0.821934 0.489175 0.54494 0.411987 0.36392 0.405479
167 4.995 0.970041 48.7487 0.9925 5.3641 0.49388 0.381133 1.21337 0.642714 1.13528 1.06062 1.22768 0.250259 0.528546 0.40526 1.42123 0.5 0.331321 0.414511 1.7985 0.419178
168 5.025 0.706436 49.2592 0.761727 5.42519 0.595533 0.385724 1.05698 0.653394 0.932754 1.07602 0.996989 0.25405 0.665506 0.41039 0.936226 0.507216 0.613765 0.419243 1.24422 0.428767
169 5.055 0.478072 49.6088 0.549306 5.46978 0.809284 0.392037 0.846445 0.66205 0.810456 1.08956 0.839092 0.257279 0.715918 0.415974 0.858993 0.513918 0.849225 0.425868 2.28266 0.446575
170 5.085 0.32047 49.846 0.391144 5.50191 0.988734 0.399841 0.729223 0.669595 0.644488 1.10045 0.596041 0.259599 1.1845 0.425325 1.24067 0.523711 0.79935 0.432177 2.25592 0.464384
171 5.115 0.206156 50.0004 0.274361 5.52471 1.22533 0.409628 0.593354 0.675807 0.58429 1.11045 0.449999 0.261372 1.21134 0.435 0.83895 0.530412 0.710878 0.437855 1.20091 0.473973
172 5.145 0.134184 50.102 0.191464 5.54081 1.31541 0.420258 0.474891 0.680837 0.472561 1.11863 0.345327 0.262749 1.41415 0.446429 1.21195 0.540206 1.05405 0.446372 1.01691 0.482192
173 5.175 0.0890613 50.1703 0.140712 5.55278 1.53554 0.432812 0.467355 0.685846 0.385615 1.12538 0.209104 0.263592 1.71557 0.460455 1.07199 0.548969 1.4662 0.45836 1.67545 0.49589
174 5.205 0.0640759 50.22 0.105513 5.56186 1.80199 0.447715 0.364277 0.689795 0.333186 1.13128 0.185489 0.264349 1.90001 0.476169 0.43623 0.552577 1.29688 0.469085 1.15932 0.505479
175 5.235 0.0464195 50.2564 0.0838595 5.56916 1.80547 0.462821 0.30887 0.693182 0.30725 1.13679 0.12574 0.264867 1.87056 0.491818 0.739301 0.558763 1.50822 0.481703 1.80131 0.520548
176 5.265 0.0380968 50.2866 0.0730855 5.5756 1.87013 0.478647 0.271562 0.696195 0.259631 1.1415 0.105315 0.265307 1.91828 0.508052 0.97455 0.56701 1.45383 0.494006 1.29485 0.531507
177 5.295 0.0331946 50.3132 0.064006 5.5813 1.86246 0.494588 0.222251 0.698688 0.251983 1.14612 0.0870655 0.265675 2.08629 0.525909 0.903368 0.574742 1.03186 0.502839 1.92057 0.547945
178 5.325 0.0324484 50.3396 0.0655282 5.5872 1.85902 0.51068 0.228009 0.701276 0.239039 1.15055 0.0793271 0.266013 1.89039 0.542273 0.95258 0.58299 1.27537 0.51388 0.632763 0.553425
179 5.355 0.0373727 50.3703 0.0655075 5.59317 1.7444 0.525951 0.210392 0.70369 0.236751 1.15499 0.0851195 0.266381 1.85447 0.558506 0.824392 0.590206 0.864867 0.521451 0.782495 0.560274
180 5.385 0.0459002 50.4083 0.0773753 5.6003 1.60456 0.540156 0.217366 0.706212 0.241727 1.15957 0.112229 0.266871 1.71646 0.573701 0.757051 0.596907 0.605927 0.526814 1.23772 0.571233
181 5.415 0.0634108 50.4616 0.0912972 5.6088 1.40406 0.552724 0.241982 0.709052 0.227403 1.16393 0.117525 0.26739 1.50157 0.587143 0.92136 0.605155 0.810502 0.534069 0.459086 0.575342
182 5.445 0.0933556 50.5408 0.127715 5.62083 1.09722 0.562655 0.258767 0.712122 0.268399 1.16913 0.166275 0.268132 1.1766 0.597792 0.911365 0.613402 0.69713 0.540379 1.36197 0.587671
183 5.475 0.134859 50.6565 0.169228 5.63694 0.84346 0.570373 0.263145 0.715278 0.275025 1.17452 0.218733 0.269119 0.908272 0.606104 0.788551 0.620619 0.586001 0.545741 0.898316 0.59589
184 5.505 0.196375 50.8268 0.219868 5.65811 0.686257 0.576722 0.33992 0.7194 0.308401 1.18064 0.285848 0.270424 0.814185 0.613636 0.947023 0.629381 0.511484 0.550473 0.444232 0.6
185 5.535 0.270674 51.0641 0.287916 5.68613 0.567884 0.582034 0.338013 0.723544 0.359039 1.18783 0.284336 0.271735 0.888697 0.621948 0.826719 0.637113 0.505928 0.555205 0.439546 0.60411
186 5.565 0.357072 51.3806 0.353684 5.72092 0.483272 0.586603 0.394848 0.728438 0.376883 1.19546 0.360074 0.273415 0.741777 0.628961 0.545305 0.642268 0.634039 0.561199 0.579503 0.609589
187 5.595 0.446531 51.7807 0.432954 5.76397 0.478105 0.591172 0.394086 0.733374 0.416866 1.20399 0.42502 0.275418 0.638739 0.635065 0.755086 0.649485 0.627091 0.567192 0.430147 0.613699
188 5.625 0.518723 52.2504 0.493385 5.81356 0.479728 0.595806 0.409816 0.738563 0.440639 1.21311 0.400849 0.277328 0.551254 0.64039 0.853805 0.657732 0.391857 0.570978 0.992653 0.623288
189 5.655 0.571123 52.7731 0.530727 5.86748 0.525598 0.600937 0.431944 0.744091 0.480097 1.22315 0.471436 0.279598 0.605303 0.646299 0.369579 0.66134 0.743195 0.578233 0.561377 0.628767
190 5.685 0.580769 53.3103 0.540374 5.92295 0.60989 0.606954 0.466413 0.750123 0.524141 1.23422 0.456107 0.281818 0.697663 0.653182 0.783659 0.669072 0.703539 0.585174 0.555482 0.634247
191 5.715 0.546212 53.8209 0.514294 5.97631 0.701812 0.613952 0.495705 0.756601 0.573992 1.24648 0.487962 0.284217 0.911707 0.662273 1.03396 0.679381 0.569519 0.590852 0.274814 0.636986
192 5.745 0.486444 54.2804 0.47725 6.02635 0.80752 0.622088 0.511271 0.763354 0.606418 1.25957 0.439382 0.286401 1.12138 0.673571 0.971897 0.689175 0.907991 0.6 0.543796 0.642466
193 5.775 0.411036 54.6727 0.432986 6.07222 0.969034 0.631954 0.54432 0.770618 0.737282 1.27565 0.370244 0.28826 1.33297 0.687143 1.46826 0.704124 0.650724 0.606625 0.941929 0.652055
194 5.805 0.338067 54.9988 0.393645 6.11436 1.12436 0.643521 0.576661 0.778394 0.88045 1.29505 0.330922 0.289939 1.26873 0.700195 1.70387 0.721649 0.674538 0.613565 0.133078 0.653425
195 5.835 0.279207 55.2708 0.361023 6.1534 1.25012 0.656515 0.619396 0.786833 1.00933 1.31752 0.309251 0.291525 1.37443 0.714481 2.23165 0.744845 1.12294 0.625237 1.31759 0.667123
196 5.865 0.238905 55.506 0.321327 6.18851 1.40757 0.671296 0.59057 0.794963 0.858379 1.33683 0.303313 0.293096 1.23678 0.727468 0.981825 0.755155 0.961372 0.635331 1.0437 0.678082
197 5.895 0.23106 55.7358 0.296786 6.22127 1.62423 0.688527 0.558127 0.802724 0.66126 1.35185 0.336061 0.294854 1.38944 0.742208 0.583043 0.76134 0.862342 0.644479 0.516732 0.683562
198 5.925 0.264677 56.0018 0.34264 6.25948 1.83108 0.708151 0.561218 0.810608 0.602466 1.36568 0.358537 0.29675 1.55717 0.758896 0.577098 0.767526 1.64843 0.662145 0.894882 0.693151
199 5.955 0.33863 56.3455 0.438039 6.30883 1.81935 0.727847 0.710468 0.82069 0.638992 1.3805 0.477769 0.299301 1.65546 0.776818 0.619005 0.774227 2.18533 0.685804 0.632595 0.7
200 5.985 0.478286 56.8358 0.60169 6.37729 1.74316 0.746908 0.906494 0.833684 0.764291 1.3984 0.777625 0.303495 1.87645 0.797338 1.31972 0.78866 2.13481 0.709148 1.00225 0.710959
40000 200
1 0.015 0 0 0 0 0 0 0 0 0 0 0 0 0 0 0 0 0 0 0 0
2 0.045 0 0 0 0 0 0 0 0 0 0 0 0 0 0 0 0 0 0 0 0
3 0.075 0 0 0 0 0 0 0 0 0 0 0 0 0 0 0 0 0 0 0 0
4 0.105 0 0 0 0 0 0 0 0 0 0 0 0 0 0 0 0 0 0 0 0
5 0.135 0 0 0 0 0 0 0 0 0 0 0 0 0 0 0 0 0 0 0 0
6 0.165 0 0 0 0 0 0 0 0 0 0 0 0 0 0 0 0 0 0 0 0
7 0.195 0 0 0 0 0 0 0 0 0 0 0 0 0 0 0 0 0 0 0 0
8 0.225 0 0 0 0 0 0 0 0 0 0 0 0 0 0 0 0 0 0 0 0
9 0.255 0 0 0 0 0 0 0 0 0 0 0 0 0 0 0 0 0 0 0 0
10 0.285 0 0 0 0 0 0 0 0 0 0 0 0 0 0 0 0 0 0 0 0
11 0.315 0 0 0 0 0 0 0 0 0 0 0 0 0 0 0 0 0 0 0 0
12 0.345 0 0 0 0 0 0 0 0 0 0 0 0 0 0 0 0 0 0 0 0
13 0.375 0 0 0 0 0 0 0 0 0 0 0 0 0 0 0 0 0 0 0 0
14 0.405 0 0 0 0 0 0 0 0 0 0 0 0 0 0 0 0 0 0 0 0
15 0.435 0 0 0 0 0 0 0 0 0 0 0 0 0 0 0 0 0 0 0 0
16 0.465 0 0 0 0 0 0 0 0 0 0 0 0 0 0 0 0 0 0 0 0
17 0.495 0 0 0 0 0 0 0 0 0 0 0 0 0 0 0 0 0 0 0 0
18 0.525 0 0 0 0 0 0 0 0 0 0 0 0 0 0 0 0 0 0 0 0
19 0.555 0 0 0 0 0 0 0 0 0 0 0 0 0 0 0 0 0 0 0 0
20 0.585 0 0 0 0 0 0 0 0 0 0 0 0 0 0 0 0 0 0 0 0
21 0.615 0 0 0 0 0 0 0 0 0 0 0 0 0 0 0 0 0 0 0 0
22 0.645 0 0 0 0 0 0 0 0 0 0 0 0 0 0 0 0 0 0 0 0
23 0.675 0 0 0 0 0 0 0 0 0 0 0 0 0 0 0 0 0 0 0 0
24 0.705 0 0 0 0 0 0 0 0 0 0 0 0 0 0 0 0 0 0 0 0
25 0.735 0 0 0 0 0 0 0 0 0 0 0 0 0 0 0 0 0 0 0 0
26 0.765 0 0 0 0 0 0 0 0 0 0 0 0 0 0 0 0 0 0 0 0
27 0.795 0 0 0 0 0 0 0 0 0 0 0 0 0 0 0 0 0 0 0 0
28 0.825 0 0 0 0 0 0 0 0 0 0 0 0 0 0 0 0 0 0 0 0
29 0.855 0 0 0 0 0 0 0 0 0 0 0 0 0 0 0 0 0 0 0 0
30 0.885 0 0 0 0 0 0 0 0 0 0 0 0 0 0 0 0 0 0 0 0
31 0.915 0 0 0 0 0 0 0 0 0 0 0 0 0 0 0 0 0 0 0 0
32 0.945 0 0 0 0 0 0 0 0 0 0 0 0 0 0 0 0 0 0 0 0
33 0.975 0 0 0 0 0 0 0 0 0 0 0 0 0 0 0 0 0 0 0 0
34 1.005 0 0 0 0 0 0 0 0 0 0 0 0 0 0 0 0 0 0 0 0
35 1.035 0 0 0 0 0 0 0 0 0 0 0 0 0 0 0 0 0 0 0 0
36 1.065 0 0 0 0 0 0 0 0 0 0 0 0 0 0 0 0 0 0 0 0
37 1.095 0 0 0 0 0 0 0 0 0 0 0 0 0 0 0 0 0 0 3.74268 0.00136986
38 1.125 0 0 0 0 0 0 0 0 0 0 0 0 0 0 0 0 0 0 3.5412 0.00273973
39 1.155 0 0 0 0 0 0 0 0 0.0165155 1.44134e-05 0 0 0 0 0 0 0 0 0 0.00273973
40 1.185 0 0 0 0 0 0 0 0 0.0078422 2.16201e-05 0 0 0 0 0 0 0 0 9.58001 0.00684932
41 1.215 0 0 0 0 0 0 0 0 0.00746662 2.88268e-05 0 0 0 0 0 0 0 0 3.03823 0.00821918
42 1.245 0 0 0 0 0 0 0 0 0.0213099 5.04468e-05 0 0 0 0 0 0 0 0 0 0.00821918
43 1.275 0 0 0 0 0 0 0 0 0.0135514 6.48602e-05 0 0 0 0 0 0 0 0 5.51687 0.0109589
44 1.305 0 0 0 0 0 0 0 0 0.00646954 7.20669e-05 0 0 0 0 0 0 0 0 0 0.0109589
45 1.335 0 0 0 0 0 0 0 0 0 7.20669e-05 0 0 0 0 0 0 0 0 0 0.0109589
46 1.365 0 0 0 0 0 0 0 0 0 7.20669e-05 0 0 0 0 0 0 0 0 0 0.0109589
47 1.395 0 0 0 0 0 0 0 0 0.00566097 7.92736e-05 0 0 0 0 0 0 0 0 2.30311 0.0123288
48 1.425 0 0 0 0 0 0 0 0 0.00542224 8.64803e-05 0 0 0 0 0 0 0 0 0 0.0123288
49 1.455 0 0 0 0 0 0 0 0 0.00520251 9.36869e-05 0 0 0 0 0 0 0 0 0 0.0123288
50 1.485 0 0 0 0 0 0 0 0 0.0199807 0.000122514 0 0 0 0 0 0 0 0 2.03315 0.0136986
51 1.515 0 0 0 0 0 0 0 0 0.0143962 0.000144134 0 0 0 0 0 0 0 0 0 0.0136986
52 1.545 0 0 0 0 0 0 0 0 0.0184588 0.000172961 0 0 0 0 0 0 0 0 1.87924 0.0150685
53 1.575 0 0 0 0 0 0 0 0 0.00887905 0.000187374 0 0 0 0 0 0 0 0 0 0.0150685
54 1.605 0 0 0 0 0 0 0 0 0.00854989 0.000201787 0 0 0 0 0 0 0 0 5.22419 0.0191781
55 1.635 0 0 0 0 0 0 0 0 0.00824345 0.000216201 0 0 0.0795439 6.49351e-05 0 0 0 0 13.4213 0.030137
56 1.665 0 0 0 0 0.0255395 2.16201e-05 0.00648872 7.20669e-06 0 0.000216201 0 0 0 6.49351e-05 0 0 0 0 6.47052 0.0356164
57 1.695 0 0 0 0 0.19707 0.000194581 0.00626141 1.44134e-05 0 0.000216201 0 0 0.295989 0.000324675 0 0 0 0 1.56002 0.0369863
58 1.725 0 0 0 0 1.12583 0.00121793 0 1.44134e-05 0 0.000216201 0 0 0.785695 0.00103896 7.37322 0.00670103 0 0 7.53436 0.0438356
59 1.755 0 0 0 0 2.81882 0.00386999 0.0175292 3.60334e-05 0 0.000216201 0 0 0.966201 0.00194805 12.0522 0.0180412 0 0 4.36738 0.0479452
60 1.785 0 0 0 0 4.22059 0.0079778 0.0282426 7.20669e-05 0 0.000216201 0 0 2.46836 0.00435065 10.0628 0.0278351 0.648184 0.000630915 11.261 0.0589041
61 1.815 0 0 0 0 4.71961 0.012727 0.0437126 0.00012972 0 0.000216201 0 0 4.00097 0.00837662 13.3183 0.0412371 1.2541 0.00189274 6.80569 0.0657534
62 1.845 0 0 0 0 3.83268 0.0167123 0.0105772 0.000144134 0 0.000216201 0 0 3.12258 0.0116234 8.92347 0.0505155 0.910183 0.00283912 1.31836 0.0671233
63 1.875 0 0 0 0 3.50971 0.0204814 0.0102389 0.000158547 0 0.000216201 0 0 3.74904 0.0156494 7.67963 0.0587629 0.881108 0.00378549 3.82724 0.0712329
64 1.905 0 0 0 0 3.97223 0.0248847 0.0198423 0.000187374 0 0.000216201 0 0 3.86638 0.0199351 4.18495 0.0634021 0.284609 0.00410095 1.23624 0.0726027
65 1.935 0 0 0 0 4.80135 0.0303762 0.0096135 0.000201787 0 0.000216201 0 0 3.51991 0.023961 3.60509 0.0675258 1.65496 0.00599369 1.19704 0.0739726
66 1.965 0.000130276 1.44134e-05 0 0 4.72315 0.035947 0.00932295 0.000216201 0 0.000216201 0 0 2.9728 0.0274675 1.74848 0.0695876 0.534823 0.00662461 4.64553 0.0794521
67 1.995 0.000252887 4.32401e-05 0.00227808 2.88268e-05 4.70657 0.0416691 0.0271274 0.000259441 0 0.000216201 0.0240384 1.44134e-05 2.99094 0.0311039 0.84832 0.0706186 0.518929 0.00725552 0 0.0794521
68 2.025 0.000859114 0.000144134 0.00497729 9.36869e-05 4.15395 0.0468723 0.0307264 0.000309888 0.008057 0.000237821 0.0233261 2.88268e-05 2.9032 0.0347403 0 0.0706186 0.251716 0.00757098 1.0934 0.0808219
69 2.055 0.000357519 0.000187374 0.00966386 0.000223407 2.8101 0.0504973 0.0511381 0.000396368 0.0365141 0.000338714 0.011331 3.60334e-05 2.41638 0.0378571 1.19859 0.0721649 0.489174 0.00820189 0 0.0808219
70 2.085 0.00127363 0.000345921 0.0172139 0.000461228 1.85612 0.0529619 0.115927 0.000598155 0.0506739 0.000482848 0.0220047 5.04468e-05 2.34704 0.040974 0 0.0721649 0.237627 0.00851735 1.03151 0.0821918
71 2.115 0.00326282 0.000763909 0.0364938 0.00098011 1.21837 0.0546267 0.148856 0.000864803 0.12558 0.000850389 0.0320774 7.20669e-05 1.56818 0.0431169 0 0.0721649 0.461697 0.00914826 0 0.0821918
72 2.145 0.00459481 0.00136927 0.0581472 0.0018305 0.630632 0.0555131 0.258184 0.00134044 0.306436 0.00177285 0.0207876 8.64803e-05 0.739211 0.0441558 0 0.0721649 0.224484 0.00946372 0 0.0821918
73 2.175 0.0202147 0.00410781 0.115024 0.0035601 0.384033 0.056068 0.372865 0.0020467 0.530889 0.00341597 0.0303301 0.0001081 1.16832 0.0458442 0 0.0721649 0 0.00946372 0 0.0821918
74 2.205 0.046377 0.010565 0.216386 0.00690401 0.208681 0.0563779 0.470136 0.00296195 0.897144 0.00626982 0.0196712 0.000122514 0.349799 0.0463636 0 0.0721649 0 0.00946372 0 0.0821918
75 2.235 0.133708 0.0296916 0.432118 0.0137648 0.099166 0.0565293 0.706227 0.00437446 1.33846 0.0106443 0.0287243 0.000144134 0.468138 0.0470779 0 0.0721649 0 0.00946372 0 0.0821918
76 2.265 0.333466 0.0786826 0.780936 0.026499 0.0874004 0.0566662 1.21387 0.00686797 1.96239 0.0172312 0.0466191 0.000180167 0.24865 0.0474675 0 0.0721649 0 0.00946372 0 0.0821918
77 2.295 0.75568 0.192664 1.36977 0.0494307 0.0313636 0.0567166 1.78381 0.0106299 2.54722 0.0260089 0.227056 0.000360334 0.201803 0.0477922 0 0.0721649 0.392132 0.0100946 0 0.0821918
78 2.325 1.52921 0.429389 2.25075 0.0881018 0.0305529 0.0567671 2.14424 0.015271 3.19509 0.037309 0.380482 0.000670222 0.196656 0.0481169 0 0.0721649 0 0.0100946 0 0.0821918
79 2.355 2.71945 0.8613 3.27387 0.145813 0.0723094 0.0568896 3.0441 0.0220308 3.66435 0.0506054 0.871069 0.0013981 0.0383158 0.0481818 0 0.0721649 0.186285 0.0104101 0 0.0821918
80 2.385 4.15381 1.53794 4.38703 0.22513 0.0165905 0.0569184 3.20213 0.029324 4.05876 0.0657106 1.82471 0.00296195 0.149519 0.0484416 0 0.0721649 0.181685 0.0107256 0 0.0821918
81 2.415 5.41773 2.44279 5.10564 0.319775 0.0283132 0.0569689 3.73098 0.0380369 4.20597 0.0817599 2.96078 0.00556356 0 0.0484416 0 0.0721649 0.354129 0.0113565 0 0.0821918
82 2.445 6.0286 3.47485 5.38502 0.422096 0.035521 0.0570337 3.69727 0.0468867 4.1273 0.0979029 3.90457 0.00908043 0.0355659 0.0485065 0.564449 0.0731959 0.345521 0.0119874 0 0.0821918
83 2.475 5.72197 4.4786 4.95767 0.518622 0.0269582 0.0570842 3.78741 0.0561761 3.77793 0.113044 4.89585 0.013599 0.0693696 0.0486364 0.275593 0.0737113 0.168505 0.0123028 0 0.0821918
84 2.505 4.78927 5.33922 4.12641 0.600922 0.0150386 0.057113 3.48214 0.0649251 3.22987 0.126304 5.22142 0.0185356 0.0338581 0.0487013 0.80678 0.0752577 0 0.0123028 0 0.0821918
85 2.535 3.50099 5.9835 3.19451 0.666172 0.00367106 0.0571202 3.35254 0.0735515 2.91215 0.138549 4.75627 0.0231407 0.0330845 0.0487662 0.262783 0.0757732 0 0.0123028 0 0.0821918
86 2.565 2.31208 6.41911 2.21902 0.712576 0.0143491 0.057149 2.9025 0.0811978 2.31041 0.148494 4.00583 0.0271116 0.032316 0.0488312 0.513092 0.0768041 0 0.0123028 0 0.0821918
87 2.595 1.48123 6.70476 1.59731 0.746764 0.0175188 0.0571851 2.34412 0.087518 1.95143 0.157091 3.63677 0.0308014 0.0631286 0.048961 0.250626 0.0773196 0.153273 0.0126183 0.665821 0.0835616
88 2.625 1.00952 6.90396 1.24348 0.773998 0.034236 0.0572571 2.25155 0.0937302 1.64008 0.164485 2.39485 0.0332877 0.12341 0.0492208 0.734634 0.078866 0 0.0126183 0 0.0835616
89 2.655 0.900237 7.08569 1.17789 0.800389 0.013395 0.057286 2.05802 0.0995388 1.46105 0.171224 2.14424 0.035565 0.0603284 0.0493506 0 0.078866 0.146549 0.0129338 0 0.0835616
90 2.685 1.06713 7.306 1.34357 0.831176 0.016364 0.057322 1.80005 0.104735 1.45454 0.178084 1.7848 0.0375036 0.0294723 0.0494156 0.234112 0.0793814 0.143178 0.0132492 0 0.0835616
91 2.715 1.41415 7.60451 1.60995 0.868896 0.0192048 0.0573652 1.67504 0.109679 1.35835 0.184635 1.63524 0.0393197 0 0.0494156 0 0.0793814 0.280264 0.0138801 0.608637 0.0849315
92 2.745 1.87177 8.0084 1.8888 0.914132 0.0469717 0.0574733 1.74369 0.114939 1.34487 0.191265 1.81552 0.0413808 0 0.0494156 0.447709 0.0804124 0.136987 0.0141956 0 0.0849315
93 2.775 2.33009 8.52224 2.29514 0.970308 0.0704614 0.0576391 1.63379 0.119977 1.48334 0.198739 1.9629 0.0436581 0.0828391 0.0496104 0.876657 0.0824742 0.402347 0.015142 1.74689 0.0890411
94 2.805 2.66848 9.12349 2.4374 1.03126 0.116936 0.0579201 1.77968 0.125584 1.40276 0.20596 2.1824 0.0462453 0.0540456 0.0497403 0.643505 0.0840206 0.524866 0.0164038 1.14014 0.0917808
95 2.835 2.7105 9.74735 2.43006 1.09334 0.152646 0.0582949 1.76012 0.131248 1.37596 0.213195 2.31508 0.0490487 0.0529044 0.0498701 0.420009 0.0850515 0.514058 0.0176656 0.557768 0.0931507
96 2.865 2.52624 10.3412 2.2245 1.15138 0.192575 0.0587777 1.58104 0.136444 1.37414 0.220575 2.13279 0.0516864 0.0776899 0.0500649 0.410991 0.0860825 0.251643 0.0182965 1.63875 0.0972603
97 2.895 2.17594 10.8634 1.85939 1.20091 0.208314 0.059311 1.44103 0.14128 1.20519 0.227184 1.96322 0.0541655 0.0760844 0.0502597 0 0.0860825 0.862443 0.0205047 2.1403 0.10274
98 2.925 1.68815 11.277 1.49255 1.2415 0.375035 0.0602912 1.41368 0.146123 1.1175 0.233439 1.77783 0.0564572 0.298222 0.051039 0.197127 0.0865979 0.965791 0.0230284 1.57202 0.106849
99 2.955 1.20144 11.5774 1.13004 1.27286 0.448527 0.0614875 1.12133 0.150043 1.03564 0.239356 1.30919 0.0581796 0.340803 0.0519481 0 0.0865979 0.946033 0.0255521 1.54075 0.110959
100 2.985 0.816806 11.7859 0.772563 1.29474 0.587785 0.0630873 1.00192 0.153618 0.914795 0.244689 1.14881 0.0597218 0.42942 0.0531169 0.568425 0.0881443 1.15906 0.0287066 3.01962 0.119178
101 3.015 0.509835 11.9186 0.521312 1.3098 0.788995 0.0652782 0.849419 0.156709 0.827611 0.249611 0.773466 0.0607812 0.654759 0.0549351 1.29938 0.0917526 1.4769 0.0328076 1.97337 0.124658
102 3.045 0.309524 12.0008 0.349931 1.32011 1.07375 0.0683194 0.59983 0.158936 0.709217 0.253913 0.53136 0.0615235 0.985777 0.0577273 0.909978 0.0943299 2.11617 0.0388013 2.41783 0.131507
103 3.075 0.180925 12.0498 0.236911 1.32723 1.3598 0.072247 0.586277 0.161156 0.553346 0.257336 0.318698 0.0619775 1.21398 0.0612338 0.178538 0.0948454 2.73056 0.0466877 2.84561 0.139726
104 3.105 0.107282 12.0794 0.136639 1.33142 1.69589 0.0772413 0.412582 0.162749 0.448995 0.260169 0.287761 0.0623955 1.80802 0.0665584 1.57506 0.0994845 1.92804 0.0523659 2.32561 0.146575
105 3.135 0.0633476 12.0972 0.0959747 1.33442 2.0357 0.0833526 0.3333 0.16406 0.370968 0.262554 0.180068 0.0626622 2.07658 0.0727922 1.37342 0.103608 1.78629 0.0577287 5.01974 0.161644
106 3.165 0.0364772 12.1077 0.0658674 1.33652 2.03728 0.0895863 0.300043 0.165264 0.377171 0.265026 0.0954905 0.0628063 1.86762 0.0785065 1.68485 0.108763 2.06213 0.0640379 2.2391 0.168493
107 3.195 0.0228285 12.1143 0.0424254 1.33789 2.25805 0.0966273 0.227444 0.166193 0.305374 0.267065 0.0421734 0.0628711 2.43649 0.0861039 1.65283 0.113918 3.03516 0.0735016 0 0.168493
108 3.225 0.0138403 12.1185 0.0329186 1.33898 2.18673 0.103575 0.145373 0.166799 0.247821 0.268752 0.0506065 0.0629504 2.16642 0.092987 1.78468 0.119588 2.08496 0.0801262 3.01899 0.178082
109 3.255 0.0115911 12.122 0.0286769 1.33995 2.14215 0.110507 0.176672 0.167548 0.227681 0.27033 0.0496541 0.0630297 2.2271 0.100195 1.59274 0.124742 1.9499 0.0864353 0.846431 0.180822
110 3.285 0.00755588 12.1243 0.0239524 1.34077 1.82339 0.116518 0.185133 0.168348 0.173534 0.271555 0.0265955 0.0630729 2.04887 0.106948 0.938506 0.127835 2.77535 0.0955836 1.24639 0.184932
111 3.315 0.00622909 12.1263 0.0169192 1.34136 1.66384 0.122103 0.129387 0.168918 0.171403 0.272788 0.0217629 0.063109 1.8957 0.113312 1.99638 0.134536 2.06741 0.102524 0 0.184932
112 3.345 0.00521845 12.1279 0.0184405 1.34201 1.28205 0.126485 0.151212 0.169595 0.161446 0.273969 0.008548 0.0631234 1.89985 0.119805 1.65872 0.140206 2.86104 0.112303 0 0.184932
113 3.375 0.00614206 12.13 0.0173174 1.34264 1.13505 0.130434 0.142214 0.170244 0.146026 0.275058 0.0462018 0.0632027 1.69833 0.125714 2.07374 0.147423 2.44793 0.12082 0.393509 0.186301
114 3.405 0.00494921 12.1316 0.0160356 1.34323 1.13954 0.13447 0.119537 0.170799 0.166253 0.276319 0.0164969 0.0632315 1.39343 0.130649 2.03773 0.154639 1.95977 0.12776 0.77338 0.189041
115 3.435 0.00588651 12.1336 0.0155648 1.34382 1.2477 0.138967 0.123557 0.171382 0.151227 0.277486 0.0121589 0.0632531 1.58534 0.136364 1.71646 0.160825 2.10053 0.135331 0.759858 0.191781
116 3.465 0.00712659 12.136 0.0171853 1.34447 1.3264 0.143831 0.128928 0.172002 0.152292 0.278683 0.0199144 0.0632891 1.71756 0.142662 3.09232 0.172165 1.80637 0.141956 1.12064 0.19589
117 3.495 0.00931238 12.1393 0.0226452 1.34535 1.49883 0.149423 0.139982 0.172687 0.180353 0.280124 0.0195794 0.0633252 1.79262 0.149351 1.24327 0.176804 2.02892 0.149527 1.46884 0.20137
118 3.525 0.0142989 12.1444 0.0270052 1.34642 1.69742 0.155866 0.163683 0.173501 0.204773 0.281789 0.0423547 0.0634044 1.98463 0.156883 3.12357 0.18866 2.24403 0.158044 2.88703 0.212329
119 3.555 0.0196737 12.1515 0.032295 1.34772 1.8948 0.163181 0.168037 0.174351 0.243175 0.283799 0.0643305 0.063527 2.28762 0.165714 2.00318 0.196392 1.63444 0.164353 2.12955 0.220548
120 3.585 0.0247499 12.1606 0.0479864 1.34968 1.94039 0.170799 0.166654 0.175209 0.274251 0.286106 0.0930474 0.0637071 2.00129 0.173571 1.83827 0.203608 1.76774 0.171293 0.348738 0.221918
121 3.615 0.0318516 12.1725 0.0643686 1.35235 1.67175 0.177472 0.212112 0.176319 0.328718 0.288916 0.0878464 0.0638801 1.80573 0.180779 1.16209 0.208247 2.37081 0.180757 2.74544 0.232877
122 3.645 0.0415953 12.1884 0.0878848 1.35606 1.45083 0.18336 0.287195 0.177847 0.411215 0.292491 0.1008 0.0640819 2.00024 0.188896 0.761941 0.21134 1.86558 0.188328 1.68768 0.239726
123 3.675 0.0560119 12.21 0.11114 1.36083 1.263 0.18857 0.301193 0.179475 0.462439 0.296577 0.081462 0.0642476 1.58968 0.195455 1.37452 0.21701 1.91145 0.196215 0.33193 0.241096
124 3.705 0.0781352 12.2407 0.157249 1.36769 0.902325 0.192354 0.354003 0.181421 0.543248 0.301456 0.188153 0.0646368 1.11501 0.20013 1.96714 0.225258 1.65505 0.203155 0 0.241096
125 3.735 0.122271 12.2896 0.235187 1.37812 0.652832 0.195135 0.492852 0.184174 0.641142 0.307308 0.219439 0.065098 0.914308 0.204026 0.846576 0.228866 1.40651 0.209148 1.28617 0.246575
126 3.765 0.188326 12.366 0.310465 1.39211 0.42109 0.196959 0.533302 0.187201 0.675265 0.31357 0.334038 0.0658115 0.824737 0.207597 0.476106 0.230928 1.09265 0.21388 0.94908 0.250685
127 3.795 0.297368 12.4887 0.449477 1.41268 0.314524 0.198342 0.70608 0.191273 0.761769 0.320748 0.448365 0.0667844 0.634624 0.21039 0 0.230928 1.72084 0.221451 0.622647 0.253425
128 3.825 0.482101 12.6907 0.627636 1.44187 0.211246 0.199287 0.772576 0.195799 0.895903 0.329324 0.608081 0.0681248 0.464925 0.212468 0.461266 0.23299 1.27066 0.227129 0.919677 0.257534
129 3.855 0.749464 13.0096 0.894375 1.48412 0.20798 0.200231 0.879283 0.201031 0.979869 0.338851 0.811094 0.0699409 0.371993 0.214156 0.11357 0.233505 1.18147 0.232492 0 0.257534
130 3.885 1.13663 13.5009 1.22718 1.54299 0.170386 0.201016 1.0613 0.207445 1.04581 0.349178 1.09334 0.0724272 0.338023 0.215714 0.111782 0.234021 1.16317 0.237855 0.297166 0.258904
131 3.915 1.59487 14.2009 1.59795 1.62083 0.14777 0.201708 1.22365 0.214954 1.1937 0.361149 1.37626 0.0756054 0.429979 0.217727 0.770666 0.237629 0.808597 0.24164 0.292676 0.260274
132 3.945 2.07172 15.1242 2.01197 1.72036 0.175842 0.202544 1.33576 0.223278 1.32989 0.37469 1.5398 0.0792159 0.341502 0.219351 0.759102 0.241237 1.06177 0.246688 0 0.260274
133 3.975 2.4564 16.2357 2.20228 1.83096 0.209039 0.203553 1.4763 0.232617 1.46186 0.389803 1.94654 0.0838498 0.390116 0.221234 1.28142 0.247423 1.11107 0.25205 0.567587 0.263014
134 4.005 2.65123 17.4535 2.33777 1.95014 0.248571 0.204771 1.4655 0.242029 1.50733 0.405621 2.05758 0.0888224 0.556642 0.223961 1.15747 0.253093 1.48084 0.259306 0.559491 0.265753
135 4.035 2.56347 18.6487 2.29185 2.06874 0.326043 0.206392 1.54432 0.252097 1.49788 0.421577 2.02716 0.093795 0.522294 0.226558 0.82905 0.257216 1.45896 0.266562 0.550815 0.268493
136 4.065 2.28274 19.7289 2.04107 2.17594 0.431188 0.208569 1.54783 0.262338 1.44317 0.437179 1.93653 0.0986163 0.668904 0.229935 1.5318 0.264948 1.12511 0.27224 0.542779 0.271233
137 4.095 1.85322 20.6189 1.70921 2.26704 0.596552 0.211624 1.49085 0.272348 1.40504 0.452594 1.74571 0.103027 0.82401 0.234156 0.905626 0.269588 1.10848 0.277918 1.06979 0.276712
138 4.125 1.36563 21.2843 1.34025 2.33953 0.765366 0.215602 1.27461 0.281032 1.22477 0.466229 1.4702 0.106796 1.08692 0.239805 1.18996 0.275773 1.03176 0.283281 0.527139 0.279452
139 4.155 0.945554 21.7518 0.962553 2.39235 1.03588 0.221065 1.18852 0.289248 1.15676 0.479295 1.21632 0.10996 1.13286 0.245779 1.46626 0.283505 0.777659 0.287382 0.259871 0.280822
140 4.185 0.606621 22.056 0.68044 2.43022 1.33495 0.228207 1.09754 0.296944 1.04149 0.491229 0.983169 0.112554 1.56574 0.254156 2.21607 0.295361 1.47426 0.295268 0.511849 0.283562
141 4.215 0.381489 22.2501 0.485608 2.45765 1.55765 0.23666 0.955361 0.30374 0.969065 0.502494 0.691898 0.114406 1.91437 0.264545 1.99471 0.306186 1.395 0.302839 0.757254 0.287671
142 4.245 0.241518 22.3747 0.34728 2.47754 1.72821 0.246173 0.770088 0.309297 0.865546 0.512698 0.552113 0.115905 1.75775 0.274221 1.40482 0.313918 1.2608 0.309779 1.49342 0.29589
143 4.275 0.168715 22.463 0.260661 2.49268 1.89768 0.256767 0.707121 0.314471 0.854047 0.52291 0.410896 0.117037 2.0821 0.285844 2.30844 0.326804 1.07369 0.315773 1.71785 0.305479
144 4.305 0.129924 22.532 0.227921 2.5061 1.95663 0.267844 0.683694 0.319545 0.81187 0.532754 0.317463 0.117923 2.11059 0.297792 1.54807 0.335567 1.2818 0.323028 2.42019 0.319178
145 4.335 0.127703 22.6007 0.213681 2.51887 1.90453 0.278776 0.712578 0.324906 0.832327 0.542988 0.251968 0.118636 2.0137 0.309351 2.51433 0.35 1.04411 0.329022 1.67035 0.328767
146 4.365 0.138315 22.6762 0.231697 2.5329 1.7794 0.289132 0.699042 0.330239 0.852141 0.553611 0.276147 0.119429 1.65122 0.318961 1.7712 0.360309 0.97562 0.3347 2.1182 0.341096
147 4.395 0.175155 22.7731 0.276205 2.54986 1.71609 0.299258 0.719354 0.335803 0.881594 0.564752 0.373914 0.120517 1.72784 0.329156 2.27174 0.373711 0.801921 0.339432 1.62515 0.350685
148 4.425 0.239412 22.9073 0.359779 2.57225 1.58567 0.308742 0.81076 0.342159 0.934385 0.576722 0.451923 0.121851 1.63939 0.338961 2.06842 0.386082 0.421929 0.341956 0.687129 0.354795
149 4.455 0.346845 23.1044 0.498321 2.60368 1.5335 0.318038 0.921366 0.349481 1.09723 0.59097 0.57603 0.123573 1.53174 0.348247 1.10533 0.392784 0.832402 0.347003 1.58197 0.364384
150 4.485 0.527129 23.4081 0.698517 2.64834 1.42744 0.326809 1.01647 0.357668 1.13516 0.605909 0.76807 0.125901 1.42658 0.357013 1.59391 0.402577 0.513422 0.350158 1.11434 0.371233
151 4.515 0.80514 23.8781 0.980344 2.71186 1.331 0.335097 1.19284 0.367404 1.30872 0.623364 1.08405 0.12923 1.14713 0.364156 0.910608 0.408247 0.608025 0.353943 1.09989 0.378082
152 4.545 1.19692 24.5861 1.35797 2.80102 1.1421 0.342303 1.4246 0.379187 1.47973 0.643363 1.34065 0.133403 0.885091 0.36974 0.898445 0.413918 0.750039 0.358675 0.217082 0.379452
153 4.575 1.72105 25.6177 1.82912 2.92271 0.985176 0.348602 1.57709 0.392404 1.68245 0.666402 1.63627 0.138563 0.751586 0.374545 1.2095 0.421649 0.888073 0.364353 0.428446 0.382192
154 4.605 2.31958 27.0263 2.30191 3.07786 0.763228 0.353546 1.75778 0.407329 1.85852 0.692188 2.12253 0.145344 0.571446 0.378247 1.19358 0.429381 0.827966 0.369716 0.211399 0.383562
155 4.635 2.90971 28.8164 2.81068 3.26978 0.610599 0.357553 1.97221 0.424294 2.08063 0.721433 2.39348 0.153092 0.564056 0.381948 0.942529 0.435567 0.624778 0.373817 0 0.383562
156 4.665 3.39946 30.935 3.18577 3.49014 0.461823 0.360623 2.09328 0.442534 2.13141 0.75178 2.73866 0.162071 0.341893 0.384221 0.930498 0.441753 0.806798 0.37918 0 0.383562
157 4.695 3.67104 33.2523 3.33374 3.72371 0.353193 0.363001 2.30505 0.462878 2.24569 0.784167 2.8708 0.171606 0.298954 0.386234 0.765455 0.446907 0.796437 0.384543 0 0.383562
158 4.725 3.69445 35.6143 3.35835 3.96202 0.291673 0.36499 2.29521 0.483396 2.21378 0.816503 2.88382 0.181306 0.23805 0.387857 0.680286 0.451546 0.78645 0.389905 0 0.383562
159 4.755 3.50289 37.8823 3.21524 4.19308 0.209737 0.366438 2.28627 0.504093 2.25073 0.849798 2.94268 0.19133 0.225641 0.389416 0.597167 0.45567 0.685156 0.394637 0 0.383562
160 4.785 3.14882 39.9469 2.94055 4.40708 0.182382 0.367714 2.30408 0.525216 2.20385 0.882812 2.92056 0.201405 0.148556 0.390455 0.442188 0.458763 0.676447 0.399369 0 0.383562
161 4.815 2.76387 41.7819 2.63195 4.60102 0.156715 0.368824 2.18382 0.545489 2.0843 0.914428 2.59748 0.210479 0.210922 0.391948 0.655051 0.463402 0.668214 0.404101 0.386729 0.386301
162 4.845 2.4045 43.3983 2.31384 4.77366 0.155782 0.369941 2.08863 0.56512 1.95909 0.944516 2.35555 0.218809 0.108665 0.392727 0.50309 0.46701 0.395918 0.40694 0.190938 0.387671
163 4.875 2.11627 44.8386 2.04339 4.92801 0.199527 0.371389 1.97288 0.583893 1.7821 0.972225 2.19984 0.226686 0.116253 0.393571 0.283983 0.469072 0.347573 0.409464 0.377458 0.390411
164 4.905 1.82509 46.096 1.80671 5.06617 0.193188 0.372809 1.77823 0.601023 1.59601 0.997348 2.00998 0.233972 0.220925 0.395195 0.771538 0.474742 0.558107 0.413565 0.186534 0.391781
165 4.935 1.5504 47.1773 1.52507 5.18422 0.296434 0.375014 1.61703 0.616792 1.52012 1.02157 1.7598 0.24043 0.340413 0.397727 0.277147 0.476804 0.296883 0.415773 0.921014 0.39863
166 4.965 1.2579 48.0653 1.25431 5.2825 0.366565 0.377775 1.36901 0.630304 1.27036 1.04206 1.45914 0.245849 0.517411 0.401623 1.027 0.484536 0.335161 0.418297 1.45534 0.409589
167 4.995 0.965198 48.7549 1.00029 5.36183 0.513462 0.381688 1.17804 0.642073 1.0865 1.05979 1.27298 0.250634 0.613463 0.406299 0.946995 0.491753 0.33113 0.42082 0.539457 0.413699
168 5.025 0.698766 49.2602 0.751765 5.42216 0.600787 0.386322 1.04355 0.652623 0.895144 1.07458 1.02861 0.254547 0.799767 0.412468 1.33653 0.502062 0.531704 0.424921 1.77598 0.427397
169 5.055 0.477927 49.6099 0.557503 5.46744 0.837423 0.392858 0.856497 0.661387 0.790569 1.0878 0.778694 0.257545 0.956683 0.419935 0.858565 0.508763 0.969867 0.432492 0.701655 0.432877
170 5.085 0.318472 49.8457 0.395651 5.49996 0.987239 0.400656 0.725314 0.668896 0.68031 1.09931 0.566054 0.259751 1.01122 0.427922 0.913515 0.515979 0.718813 0.43817 2.08108 0.449315
171 5.115 0.207381 50.0011 0.27342 5.52269 1.20202 0.410262 0.601272 0.675195 0.562044 1.10893 0.457068 0.261552 1.17817 0.437338 1.35464 0.526804 0.473755 0.441956 2.91393 0.472603
172 5.145 0.132984 50.1019 0.197865 5.53934 1.46973 0.422146 0.526277 0.680773 0.498506 1.11756 0.289108 0.262705 1.38933 0.448571 1.14744 0.536082 0.897299 0.449211 2.88005 0.49589
173 5.175 0.0897241 50.1707 0.146047 5.55177 1.56723 0.434967 0.441553 0.685507 0.392385 1.12444 0.233986 0.263649 1.66696 0.462208 0.630097 0.541237 1.04109 0.457729 1.17233 0.505479
174 5.205 0.0632208 50.2198 0.111558 5.56138 1.67378 0.448818 0.360749 0.689421 0.357786 1.13078 0.158902 0.264298 1.85962 0.477597 0.685186 0.546907 1.25798 0.468139 0.496386 0.509589
175 5.235 0.048303 50.2577 0.0868733 5.56895 1.80358 0.463916 0.303427 0.69275 0.327579 1.13665 0.129164 0.264831 1.80742 0.492727 1.10836 0.556186 1.20592 0.478233 1.1454 0.519178
176 5.265 0.0385656 50.2883 0.0701796 5.57513 1.83671 0.479468 0.303881 0.696123 0.278148 1.1417 0.0828249 0.265177 1.84059 0.508312 1.15667 0.565979 1.75108 0.49306 1.77974 0.534247
177 5.295 0.034198 50.3157 0.063888 5.58082 1.94301 0.496108 0.245227 0.698876 0.259692 1.14646 0.0852896 0.265538 2.06235 0.525974 0.361057 0.569072 1.21538 0.50347 1.11975 0.543836
178 5.325 0.0346661 50.3439 0.0658087 5.58675 1.85876 0.512208 0.258988 0.701816 0.253278 1.15116 0.0725337 0.265848 1.92676 0.542662 1.19028 0.579381 1.12915 0.513249 1.89767 0.560274
179 5.355 0.0367007 50.374 0.0691854 5.59306 1.70802 0.527169 0.232862 0.70449 0.246603 1.15579 0.075065 0.266172 1.69016 0.557468 1.00051 0.588144 0.972463 0.521767 0.469196 0.564384
180 5.385 0.0492927 50.415 0.0804573 5.60048 1.56131 0.540999 0.243922 0.707322 0.250331 1.16054 0.0956699 0.26659 1.55417 0.571234 0.814758 0.595361 0.819109 0.529022 0.464086 0.568493
181 5.415 0.0663086 50.4706 0.0971968 5.60953 1.33246 0.552933 0.241234 0.710154 0.252806 1.16539 0.148451 0.267246 1.42821 0.584026 0.690521 0.601546 0.633918 0.5347 1.2236 0.579452
182 5.445 0.0957796 50.552 0.13085 5.62187 1.14986 0.563347 0.26044 0.713246 0.255981 1.17035 0.167791 0.267995 1.27629 0.595584 0.853755 0.609278 0.731416 0.541325 0.907499 0.587671
183 5.475 0.137432 50.6699 0.175487 5.63858 0.82563 0.570907 0.29301 0.716763 0.28956 1.17603 0.229781 0.269033 1.0212 0.604935 1.29474 0.621134 0.723566 0.54795 1.04724 0.59726
184 5.505 0.195663 50.8397 0.230216 5.66076 0.718562 0.577558 0.336152 0.720842 0.30968 1.18217 0.250951 0.270179 0.750543 0.611883 0.668213 0.62732 0.136294 0.549211 0.592163 0.60274
185 5.535 0.275921 51.0818 0.299072 5.68988 0.56834 0.582877 0.340158 0.725014 0.334735 1.18888 0.295076 0.271541 0.784114 0.619221 0.826213 0.635052 0.674204 0.555521 0.292788 0.605479
186 5.565 0.361202 51.4021 0.36204 5.72552 0.491376 0.587525 0.356267 0.729432 0.352835 1.19603 0.372236 0.273278 0.610939 0.625 0.599406 0.640722 0.533518 0.560568 0.434444 0.609589
187 5.595 0.447621 51.8034 0.436689 5.76897 0.468794 0.592008 0.416277 0.73465 0.408525 1.2044 0.39727 0.275151 0.604348 0.630779 0.37728 0.64433 0.494934 0.5653 0 0.609589
188 5.625 0.52168 52.2761 0.489223 5.81817 0.455584 0.596411 0.406173 0.739795 0.436907 1.21344 0.461085 0.277349 0.685314 0.637403 0.960035 0.653608 0.424325 0.569401 0.425314 0.613699
189 5.655 0.568493 52.7967 0.525241 5.87156 0.514216 0.601434 0.441823 0.745453 0.487385 1.22364 0.484633 0.279684 0.830972 0.645519 0.949845 0.662887 0.581285 0.575079 0.28063 0.616438
190 5.685 0.571478 53.3256 0.532972 5.9263 0.554798 0.606911 0.457773 0.751376 0.546327 1.23519 0.457295 0.281911 0.710351 0.652532 0.939764 0.672165 0.35157 0.578549 0.1388 0.617808
191 5.715 0.54566 53.836 0.518159 5.9801 0.705017 0.613945 0.488803 0.757769 0.598952 1.24799 0.467192 0.28421 0.826587 0.660779 0.826725 0.680412 0.727185 0.585804 0.137256 0.619178
192 5.745 0.486299 54.2956 0.475048 6.02993 0.839222 0.622406 0.525698 0.764716 0.636772 1.26174 0.460861 0.286502 0.998304 0.670844 1.17593 0.692268 0.969963 0.595584 0.40769 0.623288
193 5.775 0.409408 54.6866 0.430217 6.07553 0.983315 0.632423 0.527253 0.771757 0.725953 1.27758 0.420218 0.288613 1.25574 0.683636 1.41681 0.706701 0.712289 0.602839 0.268998 0.626027
194 5.805 0.336541 55.0114 0.391867 6.11751 1.10971 0.643845 0.543741 0.779093 0.946627 1.29845 0.319381 0.290235 1.52029 0.699286 1.80269 0.725258 0.858094 0.611672 1.06454 0.636986
195 5.835 0.276764 55.2812 0.363009 6.15679 1.30206 0.657387 0.625374 0.787619 1.02523 1.32129 0.342779 0.291993 1.65457 0.716494 1.63573 0.742268 0.879588 0.62082 1.18539 0.649315
196 5.865 0.243082 55.5207 0.32694 6.19253 1.41495 0.672254 0.618479 0.796137 0.863954 1.34073 0.300357 0.29355 1.60683 0.733377 0.834008 0.751031 0.990736 0.63123 0.782076 0.657534
197 5.895 0.237254 55.7568 0.314423 6.22726 1.59883 0.689226 0.566105 0.804014 0.68244 1.35625 0.297306 0.295107 1.39478 0.748182 0.922538 0.760825 1.04024 0.642271 1.29047 0.671233
198 5.925 0.268406 56.0266 0.353874 6.26675 1.80782 0.708612 0.575764 0.812107 0.599302 1.37001 0.363798 0.297031 1.38058 0.762987 0.624982 0.767526 1.85319 0.662145 1.14959 0.683562
199 5.955 0.350597 56.3827 0.458247 6.3184 1.86351 0.728798 0.749142 0.822744 0.660357 1.38533 0.552995 0.299986 1.64255 0.780779 1.14199 0.779897 2.44628 0.688644 1.26452 0.69726
200 5.985 0.490484 56.8858 0.604372 6.38721 1.70195 0.74742 0.870281 0.835226 0.781377 1.40365 0.664995 0.303575 1.44213 0.796558 0.895075 0.789691 2.36417 0.714511 0.751272 0.705479
50000 200
1 0.015 0 0 0 0 0 0 0 0 0 0 0 0 0 0 0 0 0 0 0 0
2 0.045 0 0 0 0 0 0 0 0 0 0 0 0 0 0 0 0 0 0 0 0
3 0.075 0 0 0 0 0 0 0 0 0 0 0 0 0 0 0 0 0 0 0 0
4 0.105 0 0 0 0 0 0 0 0 0 0 0 0 0 0 0 0 0 0 0 0
5 0.135 0 0 0 0 0 0 0 0 0 0 0 0 0 0 0 0 0 0 0 0
6 0.165 0 0 0 0 0 0 0 0 0 0 0 0 0 0 0 0 0 0 0 0
7 0.195 0 0 0 0 0 0 0 0 0 0 0 0 0 0 0 0 0 0 0 0
8 0.225 0 0 0 0 0 0 0 0 0 0 0 0 0 0 0 0 0 0 0 0
9 0.255 0 0 0 0 0 0 0 0 0 0 0 0 0 0 0 0 0 0 0 0
10 0.285 0 0 0 0 0 0 0 0 0 0 0 0 0 0 0 0 0 0 0 0
11 0.315 0 0 0 0 0 0 0 0 0 0 0 0 0 0 0 0 0 0 0 0
12 0.345 0 0 0 0 0 0 0 0 0 0 0 0 0 0 0 0 0 0 0 0
13 0.375 0 0 0 0 0 0 0 0 0 0 0 0 0 0 0 0 0 0 0 0
14 0.405 0 0 0 0 0 0 0 0 0 0 0 0 0 0 0 0 0 0 0 0
15 0.435 0 0 0 0 0 0 0 0 0 0 0 0 0 0 0 0 0 0 0 0
16 0.465 0 0 0 0 0 0 0 0 0 0 0 0 0 0 0 0 0 0 0 0
17 0.495 0 0 0 0 0 0 0 0 0 0 0 0 0 0 0 0 0 0 0 0
18 0.525 0 0 0 0 0 0 0 0 0 0 0 0 0 0 0 0 0 0 0 0
19 0.555 0 0 0 0 0 0 0 0 0 0 0 0 0 0 0 0 0 0 0 0
20 0.585 0 0 0 0 0 0 0 0 0 0 0 0 0 0 0 0 0 0 0 0
21 0.615 0 0 0 0 0 0 0 0 0 0 0 0 0 0 0 0 0 0 0 0
22 0.645 0 0 0 0 0 0 0 0 0 0 0 0 0 0 0 0 0 0 0 0
23 0.675 0 0 0 0 0 0 0 0 0 0 0 0 0 0 0 0 0 0 0 0
24 0.705 0 0 0 0 0 0 0 0 0 0 0 0 0 0 0 0 0 0 0 0
25 0.735 0 0 0 0 0 0 0 0 0 0 0 0 0 0 0 0 0 0 0 0
26 0.765 0 0 0 0 0 0 0 0 0 0 0 0 0 0 0 0 0 0 0 0
27 0.795 0 0 0 0 0 0 0 0 0 0 0 0 0 0 0 0 0 0 0 0
28 0.825 0 0 0 0 0 0 0 0 0 0 0 0 0 0 0 0 0 0 0 0
29 0.855 0 0 0 0 0 0 0 0 0 0 0 0 0 0 0 0 0 0 0 0
30 0.885 0 0 0 0 0 0 0 0 0 0 0 0 0 0 0 0 0 0 0 0
31 0.915 0 0 0 0 0 0 0 0 0 0 0 0 0 0 0 0 0 0 0 0
32 0.945 0 0 0 0 0 0 0 0 0 0 0 0 0 0 0 0 0 0 0 0
33 0.975 0 0 0 0 0 0 0 0 0 0 0 0 0 0 0 0 0 0 0 0
34 1.005 0 0 0 0 0 0 0 0 0 0 0 0 0 0 0 0 0 0 4.4372 0.00136986
35 1.035 0 0 0 0 0 0 0 0 0 0 0 0 0 0 0 0 0 0 4.185 0.00273973
36 1.065 0 0 0 0 0 0 0 0 0 0 0 0 0 0 0 0 0 0 3.95416 0.00410959
37 1.095 0 0 0 0 0 0 0 0 0 0 0 0 0 0 0 0 0 0 0 0.00410959
38 1.125 0 0 0 0 0 0 0 0 0 0 0 0 0 0 0 0 0 0 7.08145 0.00684932
39 1.155 0 0 0 0 0 0 0 0 0 0 0 0 0 0 0 0 0 0 6.71985 0.00958904
40 1.185 0 0 0 0 0 0 0 0 0.0156767 1.44134e-05 0 0 0 0 0 0 0 0 0 0.00958904
41 1.215 0 0 0 0 0 0 0 0 0.0298406 4.32401e-05 0 0 0 0 0 0 0 0 0 0.00958904
42 1.245 0 0 0 0 0 0 0 0 0 4.32401e-05 0 0 0 0 0 0 0 0 2.89488 0.0109589
43 1.275 0 0 0 0 0 0 0 0 0.0135517 5.76535e-05 0 0 0 0 0 0 0 0 2.75838 0.0123288
44 1.305 0 0 0 0 0 0 0 0 0.0129309 7.20669e-05 0 0 0 0 0 0 0 0 0 0.0123288
45 1.335 0 0 0 0 0 0 0 0 0 7.20669e-05 0 0 0 0 0 0 0 0 0 0.0123288
46 1.365 0 0 0 0 0 0 0 0 0 7.20669e-05 0 0 0 0 0 0 0 0 2.40418 0.0136986
47 1.395 0 0 0 0 0 0 0 0 0 7.20669e-05 0 0 0 0 0 0 0 0 0 0.0136986
48 1.425 0 0 0 0 0 0 0 0 0.0271075 0.0001081 0 0 0 0 0 0 0 0 0 0.0136986
49 1.455 0 0 0 0 0 0 0 0 0 0.0001081 0 0 0 0 0 0 0 0 0 0.0136986
50 1.485 0 0 0 0 0 0 0 0 0.0199735 0.000136927 0 0 0 0 0 0 0 0 0 0.0136986
51 1.515 0 0 0 0 0 0 0 0 0.00479959 0.000144134 0 0 0 0 0 0 0 0 1.95374 0.0150685
52 1.545 0 0 0 0 0 0 0 0 0.0184537 0.000172961 0 0 0 0 0 0 0 0 3.75844 0.0178082
53 1.575 0 0 0 0 0 0 0 0 0.022197 0.000208994 0 0 0.085671 6.49351e-05 0 0 0 0 5.4215 0.0219178
54 1.605 0 0 0 0 0 0 0.00698279 7.20669e-06 0.00855036 0.000223407 0 0 0 6.49351e-05 0 0 0 0 3.48 0.0246575
55 1.635 0 0 0 0 0 0 0 7.20669e-06 0.00411917 0.000230614 0 0 0 6.49351e-05 0 0 0 0 3.35373 0.0273973
56 1.665 0 0 0 0 0.0340445 2.88268e-05 0.00648976 1.44134e-05 0.00397568 0.000237821 0 0 0.0767278 0.00012987 0 0 0 0 9.702 0.0356164
57 1.695 0 0 0 0 0.295505 0.000288268 0 1.44134e-05 0 0.000237821 0 0 0.0739874 0.000194805 3.52345 0.00309278 0 0 4.68153 0.039726
58 1.725 0 0 0 0 0.919447 0.00112424 0.00604197 2.16201e-05 0 0.000237821 0 0 0.357081 0.000519481 5.10339 0.00773196 0 0 4.51934 0.0438356
59 1.755 0 0 0 0 2.62661 0.00359614 0.023373 5.04468e-05 0 0.000237821 0 0 2.001 0.0024026 9.85953 0.0170103 0 0 7.27709 0.0506849
60 1.785 0 0 0 0 4.24173 0.00772557 0.0338775 9.36869e-05 0 0.000237821 0 0 2.20102 0.00454545 12.1764 0.028866 0 0 8.44027 0.0589041
61 1.815 0 0 0 0 4.66118 0.0124171 0.00546696 0.000100894 0 0.000237821 0 0 2.32243 0.00688312 9.72956 0.0386598 2.194 0.0022082 6.80693 0.0657534
62 1.845 0 0 0 0 4.06042 0.0166402 0.0158578 0.000122514 0 0.000237821 0 0 4.37038 0.0114286 9.91232 0.0489691 1.21315 0.00347003 5.26966 0.0712329
63 1.875 0 0 0 0 3.75702 0.020676 0.0102396 0.000136927 0 0.000237821 0 0 4.05023 0.0157792 8.15716 0.057732 2.05574 0.00567823 0 0.0712329
64 1.905 0 0 0 0 4.15962 0.0252883 0.00495922 0.000144134 0 0.000237821 0 0 3.27954 0.0194156 3.71909 0.0618557 0.284456 0.00599369 3.70804 0.0753425
65 1.935 0 0 0.00060539 7.20669e-06 4.69941 0.0306645 0.0240319 0.000180167 0 0.000237821 0 0 3.74608 0.0237013 2.70389 0.0649485 0.275852 0.00630915 0 0.0753425
66 1.965 0.000130278 1.44134e-05 0.00234873 3.60334e-05 4.68523 0.036192 0.0139839 0.000201787 0 0.000237821 0 0 3.68762 0.0280519 3.05921 0.0685567 0.534515 0.00694006 1.16111 0.0767123
67 1.995 0.000126453 2.88268e-05 0.00341788 7.92736e-05 4.88316 0.0421303 0.0406863 0.000266647 0 0.000237821 0.0120146 7.20669e-06 2.6166 0.0312338 0.847602 0.0695876 0 0.00694006 0 0.0767123
68 2.025 0.000613557 0.000100894 0.00718648 0.000172961 4.18175 0.0473696 0.0350985 0.000324301 0.00268319 0.000245027 0.0349953 2.88268e-05 3.21332 0.0352597 0.822893 0.0706186 0.251769 0.00725552 2.1869 0.0794521
69 2.055 0.0010726 0.000230614 0.0107341 0.000317094 2.68652 0.050836 0.0468579 0.000403575 0.0338968 0.000338714 0.0226489 4.32401e-05 2.26439 0.0381818 1.19837 0.0721649 0.489011 0.00788644 2.1237 0.0821918
70 2.085 0.00115722 0.000374748 0.0156442 0.000533295 1.66565 0.0530484 0.0827836 0.000547708 0.045604 0.000468435 0.011002 5.04468e-05 2.2489 0.0411688 0 0.0721649 0.475016 0.00851735 0 0.0821918
71 2.115 0.00236171 0.000677429 0.0263529 0.000908043 1.17055 0.0546483 0.132756 0.000785529 0.110782 0.000792736 0 5.04468e-05 1.33054 0.042987 0 0.0721649 0.230613 0.00883281 0 0.0821918
72 2.145 0.00656197 0.00154223 0.0576387 0.00175123 0.697151 0.0556284 0.238555 0.00122514 0.294386 0.00167916 0.0103917 5.76535e-05 1.20071 0.0446753 0 0.0721649 0.449029 0.00946372 0 0.0821918
73 2.175 0.0174439 0.00390602 0.100621 0.00326463 0.279204 0.056032 0.349947 0.00188815 0.523763 0.00330066 0.0505317 9.36869e-05 0.853631 0.0459091 0 0.0721649 0 0.00946372 0 0.0821918
74 2.205 0.0504018 0.0109253 0.222376 0.00670222 0.194044 0.0563203 0.558829 0.00297636 0.856105 0.00602479 0.0196619 0.0001081 0.480867 0.0466234 0 0.0721649 0.212342 0.00977918 0 0.0821918
75 2.235 0.126218 0.0289853 0.419292 0.0133612 0.113325 0.0564932 0.850146 0.00467714 1.39547 0.0105866 0.0478625 0.000144134 0.340447 0.0471429 0 0.0721649 0 0.00977918 0 0.0821918
76 2.265 0.329846 0.0774575 0.780747 0.0260954 0.0827549 0.0566229 1.28023 0.00730758 1.95334 0.0171447 0.0932222 0.000216201 0.28995 0.0475974 0 0.0721649 0 0.00977918 0 0.0821918
77 2.295 0.759683 0.192073 1.37804 0.0491712 0.044781 0.056695 1.69106 0.0108749 2.63643 0.0262323 0.199754 0.000374748 0.0403442 0.0476623 0 0.0721649 0.195965 0.0100946 0 0.0821918
78 2.325 1.54474 0.431263 2.25854 0.0879865 0.0349203 0.0567527 2.23357 0.0157106 3.25539 0.0377486 0.442352 0.000735082 0.0785853 0.0477922 0 0.0721649 0.191032 0.0104101 0 0.0821918
79 2.355 2.72094 0.86352 3.26282 0.145517 0.0297736 0.0568031 2.90383 0.0221606 3.76467 0.0514125 0.991559 0.00156385 0.114983 0.047987 0 0.0721649 0.372106 0.011041 0 0.0821918
80 2.385 4.18107 1.54477 4.46839 0.226326 0.0456184 0.0568824 3.41964 0.029951 4.11575 0.0667339 1.79067 0.00309888 0.112127 0.0481818 0 0.0721649 0.363051 0.0116719 0 0.0821918
81 2.415 5.38673 2.44468 5.15364 0.321887 0.0202222 0.0569184 3.42155 0.0379432 4.10483 0.0824013 2.60721 0.0053906 0 0.0481818 0 0.0721649 0.35418 0.0123028 0 0.0821918
82 2.445 6.01972 3.47548 5.33893 0.423357 0.0118329 0.05694 3.89794 0.0472759 4.10423 0.0984578 4.22357 0.00919573 0 0.0481818 0.282126 0.0726804 0.172776 0.0126183 0 0.0821918
83 2.475 5.75376 4.48507 4.9897 0.520532 0.0231036 0.0569833 3.92442 0.056904 3.73566 0.113433 4.78539 0.0136134 0.0694185 0.0483117 0.55069 0.0737113 0 0.0126183 0 0.0821918
84 2.505 4.78139 5.34449 4.15423 0.603409 0.0112767 0.0570049 3.61017 0.0659772 3.243 0.126751 4.83141 0.0181825 0.0338585 0.0483766 0.537713 0.0747423 0 0.0126183 0 0.0821918
85 2.535 3.47667 5.98446 3.14323 0.667628 0.0110118 0.0570265 3.07449 0.0738902 2.71607 0.138174 4.63605 0.0226722 0.0330609 0.0484416 0.262575 0.0752577 0 0.0126183 0 0.0821918
86 2.565 2.32432 6.4225 2.21227 0.713902 0.0107579 0.0570481 2.87177 0.0814572 2.34998 0.148292 4.15749 0.0267945 0 0.0484416 0.769358 0.0768041 0 0.0126183 0 0.0821918
87 2.595 1.4742 6.70686 1.53869 0.746843 0.0175111 0.0570842 2.40223 0.087936 1.96068 0.156933 3.47251 0.0303185 0 0.0484416 0.751893 0.0783505 0 0.0126183 0 0.0821918
88 2.625 1.00737 6.90569 1.24118 0.774034 0.0136941 0.057113 2.09432 0.0937158 1.71961 0.164687 2.47751 0.0328913 0.0616969 0.0485714 0.979132 0.0804124 0 0.0126183 0.650444 0.0835616
89 2.655 0.896722 7.08675 1.18081 0.800497 0.0267636 0.0571707 1.97579 0.0992937 1.45438 0.171397 2.26581 0.0352984 0.0301552 0.0486364 0.23954 0.0809278 0 0.0126183 0 0.0835616
90 2.685 1.06175 7.30601 1.33413 0.831075 0.0327208 0.0572427 1.80209 0.104497 1.4664 0.178315 1.93022 0.0373955 0.11788 0.0488961 0.467827 0.0819588 0.143171 0.0129338 1.24378 0.0863014
91 2.715 1.41434 7.60464 1.59877 0.868543 0.0448008 0.0573436 1.78201 0.109758 1.41929 0.185161 1.80347 0.039399 0.0864779 0.0490909 0.228837 0.0824742 0.280045 0.0135647 1.2164 0.0890411
92 2.745 1.87228 8.00875 1.96534 0.915624 0.0438181 0.0574445 1.73613 0.114997 1.39565 0.192044 1.75788 0.0413952 0.0281814 0.0491558 0.223887 0.0829897 0.274159 0.0141956 0 0.0890411
93 2.775 2.34804 8.52668 2.23833 0.970424 0.0765728 0.0576247 1.65432 0.120099 1.40858 0.199142 2.04927 0.0437734 0.0828361 0.0493506 0 0.0829897 0.402173 0.015142 0.582192 0.090411
94 2.805 2.67349 9.12922 2.44857 1.03167 0.113909 0.0578985 1.73357 0.125562 1.41919 0.20645 2.33381 0.0465408 0.0540129 0.0494805 0 0.0829897 0.262609 0.0157729 2.84901 0.0972603
95 2.835 2.6924 9.74906 2.41648 1.09342 0.11447 0.0581796 1.6657 0.130924 1.39892 0.213808 2.36804 0.0494091 0.10573 0.0497403 0 0.0829897 0.257012 0.0164038 1.67353 0.10137
96 2.865 2.5576 10.3504 2.21368 1.15119 0.178164 0.0586264 1.6025 0.136192 1.37514 0.221195 2.12067 0.0520323 0.0776886 0.0499351 0.616446 0.0845361 0.503125 0.0176656 1.63902 0.105479
97 2.895 2.17106 10.8716 1.91382 1.20218 0.267336 0.059311 1.59096 0.141532 1.21276 0.227847 1.90578 0.0544393 0.15212 0.0503247 0.805281 0.0865979 0.739239 0.0195584 1.0701 0.108219
98 2.925 1.65578 11.2774 1.49773 1.24292 0.369406 0.0602767 1.33973 0.146123 1.11847 0.234109 1.74379 0.0566878 0.397488 0.0513636 0.394413 0.0876289 0.723973 0.0214511 1.57206 0.112329
99 2.955 1.19474 11.5762 1.09913 1.27344 0.434881 0.061437 1.17872 0.150245 0.948389 0.239529 1.3526 0.0584679 0.340775 0.0522727 0.386572 0.0886598 1.18216 0.0246057 1.02699 0.115068
100 2.985 0.814844 11.7842 0.770076 1.29525 0.682974 0.0632963 0.916833 0.153517 0.882433 0.244674 0.955352 0.0597506 0.42935 0.0534416 0.946842 0.0912371 2.08563 0.0302839 1.50993 0.119178
101 3.015 0.513526 11.9179 0.522917 1.31036 0.801802 0.0655232 0.867013 0.156673 0.797122 0.249416 0.752237 0.0607812 0.701438 0.0553896 0.742511 0.093299 1.81721 0.0353312 1.47985 0.123288
102 3.045 0.317256 12.0022 0.334926 1.32024 1.0201 0.0684131 0.696676 0.159261 0.687682 0.253589 0.526055 0.0615163 1.00851 0.0582468 0.909609 0.0958763 1.67013 0.0400631 2.90104 0.131507
103 3.075 0.18189 12.0514 0.224394 1.32698 1.24224 0.072002 0.549976 0.161343 0.562503 0.25707 0.379282 0.0620568 1.12383 0.0614935 1.42702 0.1 1.20108 0.0435331 3.31932 0.141096
104 3.105 0.100314 12.0791 0.142955 1.33136 1.62935 0.0768017 0.4106 0.162929 0.492296 0.260176 0.213294 0.0623667 1.65326 0.0663636 1.57514 0.104639 2.14176 0.0498423 2.32488 0.147945
105 3.135 0.0617444 12.0965 0.098483 1.33444 2.02068 0.0828697 0.364329 0.164363 0.426884 0.262922 0.18003 0.0626333 2.11911 0.0727273 1.54474 0.109278 1.57559 0.0545741 3.64923 0.158904
106 3.165 0.0383267 12.1075 0.0672074 1.33658 2.15922 0.0894782 0.233529 0.1653 0.347393 0.265199 0.0715945 0.0627414 2.18529 0.0794156 2.18906 0.115979 2.67971 0.062776 4.92238 0.173973
107 3.195 0.0220345 12.114 0.045079 1.33804 2.37995 0.0969011 0.255603 0.166345 0.303143 0.267224 0.0936875 0.0628856 2.1861 0.0862338 1.32202 0.120103 2.32665 0.0700315 1.31786 0.178082
108 3.225 0.0154341 12.1186 0.0322527 1.33911 2.28145 0.104151 0.2059 0.167202 0.249872 0.268925 0.0643713 0.0629865 2.5746 0.0944156 0.973342 0.123196 3.47488 0.0810726 1.72379 0.183562
109 3.255 0.010306 12.1217 0.0261022 1.33999 2.03921 0.110752 0.161342 0.167887 0.209948 0.270381 0.0315939 0.0630369 2.10623 0.101234 1.27405 0.12732 2.53342 0.0892744 1.2695 0.187671
110 3.285 0.00769378 12.1241 0.0224761 1.34076 1.79231 0.116662 0.118386 0.168399 0.184701 0.271685 0.0354498 0.0630946 2.10721 0.108182 1.876 0.133505 2.4873 0.0974763 0 0.187671
111 3.315 0.0059987 12.1259 0.0177391 1.34138 1.51531 0.12175 0.130994 0.168975 0.171343 0.272917 0.013053 0.0631162 2.18545 0.115519 1.38157 0.138144 1.59708 0.102839 0.408071 0.189041
112 3.345 0.00598119 12.1279 0.0190427 1.34206 1.41236 0.126578 0.143131 0.169617 0.167315 0.274142 0.0128246 0.0631378 1.6905 0.121299 0.301491 0.139175 3.0455 0.113249 0.401047 0.190411
113 3.375 0.0054781 12.1296 0.0175124 1.34269 1.16373 0.130628 0.118473 0.170157 0.129547 0.275108 0.00419694 0.063145 1.88431 0.127857 1.62919 0.144845 3.17234 0.12429 0.393949 0.191781
114 3.405 0.00520754 12.1314 0.0168135 1.34331 1.06398 0.134398 0.13348 0.170777 0.132032 0.27611 0.00825247 0.0631594 1.59477 0.133506 1.30978 0.149485 3.02815 0.135016 0.386774 0.193151
115 3.435 0.00571441 12.1333 0.0192119 1.34403 1.17341 0.138628 0.143365 0.171454 0.151189 0.277277 0.0162112 0.0631882 1.53109 0.139026 1.85889 0.156186 2.01243 0.142271 0.760018 0.19589
116 3.465 0.00762778 12.1359 0.0194464 1.34478 1.24554 0.143197 0.133394 0.172096 0.164174 0.278567 0.0278776 0.0632387 1.45155 0.144351 2.10794 0.163918 2.40777 0.151104 0.746621 0.19863
117 3.495 0.00967982 12.1393 0.0207843 1.34558 1.4714 0.148688 0.126678 0.172715 0.182108 0.280023 0.050892 0.0633324 1.84428 0.151234 2.62364 0.173711 1.60596 0.157098 1.83557 0.205479
118 3.525 0.012553 12.1438 0.0253577 1.34658 1.71979 0.155218 0.131781 0.173371 0.214481 0.281767 0.0500366 0.0634261 2.05249 0.159026 1.62934 0.179897 2.4098 0.166246 1.0828 0.209589
119 3.555 0.0194297 12.1508 0.0324654 1.34789 1.83277 0.162295 0.187953 0.174323 0.254436 0.283871 0.0681041 0.0635558 1.84972 0.166169 3.07076 0.191753 1.79721 0.173186 1.41846 0.215068
120 3.585 0.0246662 12.1599 0.0513239 1.34999 1.86646 0.169624 0.193193 0.175317 0.304159 0.28643 0.0632528 0.0636783 2.19933 0.174805 2.36268 0.201031 1.6869 0.179811 2.44191 0.224658
121 3.615 0.0306113 12.1714 0.05811 1.3524 1.83919 0.176967 0.206539 0.176398 0.348026 0.289406 0.0951374 0.0638657 1.91905 0.182468 1.29078 0.206186 1.65919 0.186435 1.71518 0.231507
122 3.645 0.0417744 12.1873 0.0873557 1.35609 1.50901 0.183093 0.250572 0.177731 0.42105 0.293067 0.0935639 0.064053 1.88751 0.19013 1.01599 0.210309 1.63188 0.19306 0 0.231507
123 3.675 0.0557372 12.2088 0.113797 1.36098 1.17537 0.187943 0.31176 0.179418 0.497373 0.297463 0.120364 0.0642981 1.60514 0.196753 1.37415 0.215979 1.45254 0.199054 1.32805 0.236986
124 3.705 0.0826969 12.2413 0.155724 1.36777 0.93644 0.191871 0.406364 0.181652 0.588845 0.302753 0.156772 0.0646224 1.1766 0.201688 1.10616 0.220619 1.42931 0.205047 0.979804 0.241096
125 3.735 0.120114 12.2893 0.239834 1.37841 0.632355 0.194566 0.461787 0.184232 0.632303 0.308526 0.229682 0.0651052 0.914063 0.205584 1.20933 0.225773 1.4061 0.211041 0.964279 0.245205
126 3.765 0.189768 12.3664 0.306547 1.39222 0.475901 0.196627 0.569955 0.187468 0.656426 0.314615 0.337343 0.0658259 0.779599 0.208961 0.951948 0.229897 1.45659 0.21735 1.26484 0.250685
127 3.795 0.304697 12.4921 0.44196 1.41246 0.371765 0.198263 0.628471 0.191093 0.740927 0.321598 0.504686 0.0669213 0.516487 0.211234 0.585587 0.232474 1.64884 0.224606 1.24509 0.256164
128 3.825 0.484623 12.6952 0.638178 1.44214 0.230547 0.199294 0.86951 0.196188 0.849789 0.329735 0.513151 0.0680528 0.522999 0.213571 0.807385 0.236082 1.0585 0.229338 0 0.256164
129 3.855 0.762479 13.0198 0.896427 1.4845 0.16665 0.20005 0.968658 0.201953 0.995908 0.339421 0.781945 0.069804 0.343194 0.21513 0.454074 0.238144 1.5979 0.236593 0 0.256164
130 3.885 1.13504 13.5105 1.23843 1.54392 0.150035 0.200742 1.01932 0.208115 1.06888 0.349978 1.0202 0.0721245 0.309764 0.216558 0.335275 0.239691 0.889285 0.240694 0 0.256164
131 3.915 1.59229 14.2096 1.61306 1.62253 0.140027 0.201398 1.23973 0.215725 1.23504 0.362367 1.29479 0.0751153 0.374387 0.218312 0.550178 0.242268 0.808418 0.244479 0.584982 0.258904
132 3.945 2.06741 15.1312 1.99631 1.7213 0.148526 0.202104 1.3701 0.224265 1.32814 0.375894 1.61009 0.0788916 0.327738 0.21987 0.542102 0.244845 1.19388 0.250158 0.288333 0.260274
133 3.975 2.45892 16.2441 2.23082 1.83337 0.197054 0.203056 1.41328 0.233208 1.40296 0.390401 1.89459 0.083403 0.3901 0.221753 0.747353 0.248454 1.37213 0.256782 0.567615 0.263014
134 4.005 2.64426 17.459 2.36062 1.95375 0.254397 0.204302 1.55149 0.243175 1.47605 0.405895 2.05999 0.0883828 0.543301 0.224416 1.78788 0.257216 1.3518 0.263407 0 0.263014
135 4.035 2.57356 18.6592 2.26829 2.07116 0.304228 0.205816 1.48873 0.252883 1.47045 0.421562 2.08831 0.0935068 0.730999 0.228052 1.45063 0.264433 1.83908 0.272555 0.825864 0.267123
136 4.065 2.27586 19.7364 2.06222 2.1795 0.449653 0.208086 1.55395 0.263167 1.50213 0.437806 1.96791 0.0984073 0.810255 0.232143 1.22526 0.270619 1.12464 0.278233 0.542659 0.269863
137 4.095 1.86334 20.6315 1.68512 2.26934 0.627322 0.2113 1.42501 0.272737 1.34491 0.452566 1.86789 0.103128 0.722414 0.235844 0.905442 0.275258 1.23143 0.284543 0.534747 0.272603
138 4.125 1.36043 21.2945 1.29556 2.33942 0.817834 0.215552 1.23409 0.281147 1.24776 0.46646 1.39952 0.106717 1.1117 0.241623 0.89226 0.279897 1.75952 0.293691 0.527131 0.275342
139 4.155 0.937299 21.758 0.978462 2.39312 1.11074 0.221411 1.20383 0.289471 1.10606 0.478956 1.29633 0.110089 1.37877 0.248896 1.85667 0.289691 1.31588 0.300631 0.259754 0.276712
140 4.185 0.605374 22.0617 0.658905 2.42981 1.35475 0.228661 1.04074 0.296771 1.07076 0.491229 0.898276 0.11246 1.51676 0.257013 1.25217 0.296392 1.59168 0.309148 1.02348 0.282192
141 4.215 0.374994 22.2526 0.488418 2.4574 1.51348 0.236877 0.910533 0.30325 0.962606 0.502421 0.783271 0.114558 1.54308 0.26539 1.42418 0.304124 1.04595 0.314826 0.252276 0.283562
142 4.245 0.237911 22.3754 0.342535 2.47703 1.79458 0.246757 0.800845 0.30903 0.903822 0.51308 0.496236 0.115905 1.83989 0.275519 1.87248 0.314433 0.974022 0.320189 1.99046 0.294521
143 4.275 0.16374 22.4611 0.272007 2.49283 1.88432 0.257279 0.740414 0.314449 0.842987 0.523162 0.436979 0.117109 2.05831 0.287013 2.21552 0.326804 1.24285 0.327129 1.96275 0.305479
144 4.305 0.132821 22.5316 0.21637 2.50558 1.86325 0.267829 0.667032 0.3194 0.85029 0.533475 0.332839 0.118038 1.96095 0.298117 1.36517 0.334536 0.947131 0.332492 1.45146 0.313699
145 4.335 0.128313 22.6007 0.215673 2.51846 1.76097 0.27794 0.694224 0.324625 0.87372 0.54422 0.292623 0.118867 2.22786 0.310909 2.42442 0.348454 0.934005 0.337855 2.14742 0.326027
146 4.365 0.13894 22.6765 0.231043 2.53246 1.80736 0.288462 0.682822 0.329836 0.853086 0.554857 0.261018 0.119617 1.88515 0.321883 1.94783 0.359794 0.758672 0.342271 3.52968 0.346575
147 4.395 0.177531 22.7747 0.271909 2.54916 1.74128 0.298739 0.791828 0.335961 0.898474 0.566215 0.292128 0.120467 1.89249 0.333052 2.09632 0.372165 0.534447 0.345426 1.6246 0.356164
148 4.425 0.24282 22.9109 0.365712 2.57192 1.64064 0.308554 0.813294 0.342339 0.976902 0.578733 0.466434 0.121843 1.47615 0.341883 2.2406 0.385567 0.580023 0.348896 1.83204 0.367123
149 4.455 0.356869 23.1138 0.504364 2.60375 1.5533 0.317973 0.934758 0.349769 1.05643 0.592455 0.580659 0.12358 1.02794 0.348117 1.53009 0.394845 0.676288 0.352997 1.35529 0.375342
150 4.485 0.526542 23.4172 0.699913 2.64851 1.4505 0.326888 1.08955 0.358547 1.15182 0.607617 0.672791 0.12562 1.31011 0.356169 1.34198 0.403093 0.307929 0.35489 0.668648 0.379452
151 4.515 0.799139 23.8838 0.995219 2.71301 1.31557 0.335082 1.21196 0.368442 1.34024 0.625497 0.924241 0.128459 1.1677 0.363442 1.24131 0.410825 0.911624 0.360568 0.220127 0.380822
152 4.545 1.19712 24.5922 1.37354 2.80321 1.1704 0.342469 1.39287 0.379965 1.51347 0.645957 1.36812 0.132718 0.720106 0.367987 1.14313 0.418041 0.549692 0.364038 0.217011 0.382192
153 4.575 1.72249 25.6249 1.84662 2.9261 0.973644 0.348696 1.58529 0.393255 1.68357 0.669018 1.67236 0.137994 0.822437 0.373247 1.28977 0.426289 0.739831 0.36877 0 0.382192
154 4.605 2.32531 27.0373 2.33135 3.08327 0.799739 0.353877 1.71829 0.407848 1.8539 0.694746 2.10167 0.14471 0.661518 0.377532 0.954572 0.432474 0.779098 0.373817 0 0.382192
155 4.635 2.92104 28.8349 2.78662 3.2736 0.600561 0.357819 2.00937 0.425137 2.04117 0.723443 2.59991 0.153128 0.623278 0.381623 0.864051 0.438144 0.769026 0.378864 0.208776 0.383562
156 4.665 3.40617 30.9581 3.15829 3.49212 0.463891 0.360904 2.09939 0.443435 2.09644 0.753301 2.82805 0.162403 0.371116 0.384091 0.852617 0.443814 0.759126 0.383912 0 0.383562
157 4.695 3.68561 33.2853 3.35848 3.72748 0.326343 0.363102 2.26528 0.463433 2.17367 0.784657 2.8333 0.171815 0.289195 0.386039 0.535826 0.447423 0.702638 0.388644 0 0.383562
158 4.725 3.69941 35.651 3.35963 3.96594 0.276797 0.36499 2.33573 0.484318 2.21766 0.817058 3.05655 0.182099 0.218941 0.387532 0.151136 0.448454 1.01725 0.395584 0 0.383562
159 4.755 3.49166 37.9124 3.2022 4.19612 0.227412 0.366561 2.3135 0.505268 2.19027 0.849467 3.02439 0.192404 0.141008 0.388506 0.223816 0.45 0.593592 0.399685 0 0.383562
160 4.785 3.14673 39.9761 2.9072 4.40775 0.190594 0.367894 2.31135 0.526463 2.15616 0.881774 2.75279 0.201903 0.157779 0.38961 0.442131 0.453093 0.586251 0.403785 0.195852 0.384932
161 4.815 2.75848 41.808 2.62306 4.60109 0.138368 0.368874 2.22285 0.547103 2.04575 0.912813 2.59477 0.210969 0.16503 0.390779 0.509431 0.456701 0.890654 0.410095 0.386756 0.387671
162 4.845 2.40447 43.4248 2.30349 4.773 0.167803 0.370078 2.05667 0.566438 1.95999 0.942923 2.27547 0.219018 0.208212 0.392273 0.287488 0.458763 0.439904 0.413249 0.381867 0.390411
163 4.875 2.10804 44.8598 2.09388 4.9312 0.179645 0.371382 1.89514 0.584477 1.82197 0.97126 2.16509 0.226773 0.223586 0.393896 0.42582 0.461856 0.391042 0.416088 0.188688 0.391781
164 4.905 1.82171 46.1152 1.78827 5.06799 0.229404 0.373069 1.72544 0.601103 1.59744 0.996411 1.98162 0.233958 0.318009 0.396234 0.771284 0.467526 0.214513 0.417666 0.559108 0.39589
165 4.935 1.54093 47.1902 1.52794 5.18629 0.299254 0.375295 1.57598 0.616474 1.46005 1.01968 1.66894 0.240084 0.366542 0.398961 0.831293 0.473711 0.593529 0.422082 0.736304 0.40137
166 4.965 1.25832 48.0787 1.23771 5.28329 0.350194 0.377933 1.4431 0.630722 1.23518 1.03961 1.48984 0.245618 0.379325 0.401818 0.958048 0.480928 0.335061 0.424606 1.09129 0.409589
167 4.995 0.966684 48.7696 0.99584 5.36229 0.517118 0.381875 1.19719 0.642685 1.08266 1.05729 1.20172 0.250137 0.54516 0.405974 0.743856 0.486598 0.455153 0.428076 0.718799 0.415068
168 5.025 0.693169 49.2709 0.748612 5.42238 0.645466 0.386855 1.04114 0.653214 0.946806 1.07293 1.03592 0.254079 0.622832 0.410779 1.13584 0.495361 0.490632 0.431861 1.06511 0.423288
169 5.055 0.474693 49.6184 0.561533 5.468 0.796592 0.393074 0.858395 0.661999 0.822689 1.08669 0.817795 0.257228 0.931504 0.418052 0.79235 0.501546 0.606067 0.436593 0.877391 0.430137
170 5.085 0.309846 49.8479 0.394238 5.50041 0.984255 0.40085 0.722355 0.66948 0.680978 1.09821 0.595505 0.259549 1.1178 0.426883 1.10921 0.510309 0.519084 0.440694 1.38688 0.441096
171 5.115 0.201444 49.9988 0.271962 5.52303 1.16299 0.410147 0.598348 0.675749 0.597254 1.10844 0.489852 0.26148 1.10472 0.435714 0.967091 0.518041 0.828642 0.447319 2.57067 0.461644
172 5.145 0.133101 50.0998 0.189848 5.53901 1.42836 0.421699 0.485364 0.680895 0.504625 1.11718 0.330582 0.262799 1.48536 0.447727 1.33846 0.528866 0.858067 0.454259 3.38749 0.489041
173 5.175 0.0902631 50.169 0.149226 5.55172 1.54747 0.434361 0.462947 0.68586 0.424786 1.12463 0.214248 0.263664 1.58725 0.460714 1.70083 0.542784 1.00235 0.462461 0.837269 0.49589
174 5.205 0.0652112 50.2196 0.104838 5.56075 1.74994 0.448847 0.32545 0.689392 0.372327 1.13123 0.157097 0.264305 1.77287 0.47539 0.933977 0.550515 1.29585 0.473186 2.31665 0.515068
175 5.235 0.0467655 50.2563 0.0846199 5.56812 1.80911 0.463995 0.328301 0.692995 0.323877 1.13704 0.122156 0.26481 2.00076 0.492143 0.800243 0.557216 1.28103 0.483912 1.30866 0.526027
176 5.265 0.0390649 50.2873 0.0751519 5.57474 1.86345 0.479778 0.280427 0.696108 0.294765 1.14238 0.0931616 0.265199 1.85542 0.507857 0.851954 0.564433 1.19187 0.494006 0.970414 0.534247
177 5.295 0.0335435 50.3143 0.0698549 5.58097 1.92397 0.49626 0.246453 0.698876 0.260013 1.14715 0.0818622 0.265545 1.9178 0.524286 0.421237 0.568041 1.03117 0.502839 1.27916 0.545205
178 5.325 0.0336456 50.3416 0.0653127 5.58686 1.8325 0.512136 0.261461 0.701845 0.251265 1.15182 0.0860054 0.265912 1.92618 0.540974 0.594973 0.573196 1.0558 0.511987 1.10697 0.554795
179 5.355 0.0394636 50.374 0.0652924 5.59281 1.76025 0.527558 0.240956 0.704612 0.236174 1.15625 0.118393 0.266424 2.02328 0.558701 1.29445 0.584536 1.15224 0.522082 1.40724 0.567123
180 5.385 0.047892 50.4138 0.0812971 5.6003 1.51943 0.54102 0.258766 0.707617 0.246457 1.16093 0.122032 0.266957 1.61969 0.573052 1.33799 0.596392 0.747669 0.528707 1.08256 0.576712
181 5.415 0.0688477 50.4716 0.10135 5.60975 1.38198 0.553402 0.240567 0.710442 0.249365 1.16571 0.110899 0.267447 1.25389 0.584286 1.03561 0.60567 0.633745 0.534385 1.07034 0.586301
182 5.445 0.0954842 50.5527 0.133798 5.62236 1.15119 0.56383 0.267658 0.713621 0.264829 1.17085 0.138702 0.268067 1.28311 0.595909 0.739803 0.612371 0.696472 0.540694 0.60485 0.591781
183 5.475 0.13901 50.6721 0.174461 5.63899 0.882079 0.571908 0.300747 0.717231 0.285448 1.17645 0.167501 0.268824 1.05638 0.605584 0.450297 0.616495 0.757768 0.547634 0.598102 0.59726
184 5.505 0.199263 50.8451 0.234717 5.6616 0.688812 0.578286 0.350318 0.721483 0.315049 1.1827 0.246163 0.269948 0.827521 0.613247 1.11348 0.626804 0.442885 0.551735 0.443773 0.60137
185 5.535 0.273206 51.0848 0.290338 5.68988 0.547391 0.58341 0.344768 0.725713 0.344714 1.18961 0.329342 0.271469 0.652045 0.619351 0.660717 0.63299 0.404342 0.555521 0.146472 0.60274
186 5.565 0.362313 51.4062 0.363195 5.72564 0.507243 0.58821 0.387547 0.73052 0.36768 1.19706 0.365971 0.273177 0.686244 0.625844 0.817122 0.640722 0.533391 0.560568 0 0.60274
187 5.595 0.450431 51.8101 0.440334 5.76947 0.446061 0.592476 0.401793 0.735558 0.40948 1.20545 0.421627 0.275166 0.597516 0.631558 0.43111 0.644845 0.527681 0.565615 0 0.60274
188 5.625 0.521656 52.2829 0.493608 5.81912 0.462189 0.596944 0.398087 0.740602 0.440261 1.21456 0.423178 0.277184 0.718669 0.638506 0.746489 0.652062 0.456776 0.570032 0.283238 0.605479
189 5.655 0.566837 52.8021 0.522126 5.8722 0.502286 0.601852 0.456907 0.746454 0.456615 1.22412 0.45608 0.279382 0.644629 0.644805 0.527558 0.657216 0.484347 0.574763 0.140197 0.606849
190 5.685 0.574551 53.334 0.531296 5.92679 0.579474 0.607574 0.436514 0.752104 0.532569 1.23538 0.526752 0.281947 0.74972 0.652208 0.678631 0.663918 0.670884 0.581388 0.416277 0.610959
191 5.715 0.539696 53.8389 0.516081 5.98038 0.713494 0.614694 0.475457 0.758324 0.577555 1.24773 0.484634 0.284333 1.01505 0.662338 1.13651 0.675258 0.632207 0.587697 0.274552 0.613699
192 5.745 0.487319 54.2996 0.476987 6.03043 0.813979 0.622903 0.478673 0.764651 0.660302 1.26199 0.447703 0.28656 1.01096 0.672532 0.868977 0.684021 0.813388 0.595899 0.135839 0.615068
193 5.775 0.409017 54.6904 0.427049 6.07571 0.961844 0.632704 0.497462 0.771296 0.757474 1.27852 0.400036 0.28857 1.27446 0.685519 1.21403 0.696392 0.773936 0.603785 0.403251 0.619178
194 5.805 0.334499 55.0132 0.389617 6.11745 1.09681 0.643997 0.567101 0.778949 0.934937 1.29914 0.359021 0.290393 1.6208 0.702208 2.00252 0.71701 0.765898 0.611672 0.665122 0.626027
195 5.835 0.277286 55.2837 0.359125 6.15633 1.28094 0.657322 0.640012 0.787677 1.02756 1.32204 0.320246 0.292037 1.57929 0.718636 2.27933 0.740722 0.84922 0.620505 0.921951 0.635616
196 5.865 0.241996 55.5221 0.32488 6.19186 1.49279 0.673011 0.613619 0.79613 0.864358 1.3415 0.323906 0.293716 1.50755 0.734481 0.73557 0.748454 0.960451 0.630599 1.43388 0.650685
197 5.895 0.239755 55.7608 0.309647 6.22607 1.60452 0.690048 0.584599 0.804266 0.691763 1.35723 0.316494 0.295373 1.38216 0.749156 0.72825 0.756186 0.861627 0.639748 0.773899 0.658904
198 5.925 0.273295 56.0356 0.356881 6.2659 1.75766 0.7089 0.613042 0.812886 0.616392 1.37139 0.3923 0.297449 1.48322 0.765065 0.432646 0.760825 1.41169 0.65489 0.638724 0.665753
199 5.955 0.353784 56.395 0.447707 6.31637 1.83112 0.72874 0.756049 0.823624 0.676036 1.38708 0.482759 0.300029 1.5582 0.781948 0.761193 0.769072 2.8532 0.685804 0.88497 0.675342
200 5.985 0.495047 56.9029 0.615929 6.38652 1.77394 0.748155 0.875082 0.836178 0.826369 1.40645 0.650126 0.303538 1.64347 0.799935 0.753379 0.77732 2.24834 0.71041 0.876357 0.684932
