# Time-averaged data for fix rdffinalout
# TimeStep Number-of-rows
# Row c_rdffinal[1] c_rdffinal[2] c_rdffinal[3] c_rdffinal[4] c_rdffinal[5] c_rdffinal[6] c_rdffinal[7] c_rdffinal[8] c_rdffinal[9] c_rdffinal[10] c_rdffinal[11] c_rdffinal[12] c_rdffinal[13] c_rdffinal[14] c_rdffinal[15] c_rdffinal[16] c_rdffinal[17] c_rdffinal[18] c_rdffinal[19] c_rdffinal[20] c_rdffinal[21]
760000 200
1 0.015 0 0 0 0 0 0 0 0 0 0 0 0 0 0 0 0 0 0 0 0
2 0.045 0 0 0 0 0 0 0 0 0 0 0 0 0 0 0 0 0 0 0 0
3 0.075 0 0 0 0 0 0 0 0 0 0 0 0 0 0 0 0 0 0 0 0
4 0.105 0 0 0 0 0 0 0 0 0 0 0 0 0 0 0 0 0 0 0 0
5 0.135 0 0 0 0 0 0 0 0 0 0 0 0 0 0 0 0 0 0 0 0
6 0.165 0 0 0 0 0 0 0 0 0 0 0 0 0 0 0 0 0 0 0 0
7 0.195 0 0 0 0 0 0 0 0 0 0 0 0 0 0 0 0 0 0 0 0
8 0.225 0 0 0 0 0 0 0 0 0 0 0 0 0 0 0 0 0 0 0 0
9 0.255 0 0 0 0 0 0 0 0 0 0 0 0 0 0 0 0 0 0 0 0
10 0.285 0 0 0 0 0 0 0 0 0 0 3.72981 4.32401e-05 0 0 0 0 0 0 0 0
11 0.315 0 0 0 0 0 0 0 0 0 0 2.03537 7.20669e-05 0 0 0 0 0 0 0 0
12 0.345 0 0 0 0 0 0 0 0 0 0 2.96995 0.000122514 0 0 0 0 0 0 0 0
13 0.375 0 0 0 0 0 0 0 0 0 0 5.38739 0.000230614 0 0 0 0 0 0 0 0
14 0.405 0 0 0 0 0 0 0 0 0 0 4.61947 0.000338714 0 0 0 0 0 0 0 0
15 0.435 0 0 0 0 0 0 0 0 0 0 1.86851 0.000389161 0 0 0 0 0 0 0 0
16 0.465 0 0 0 0 0 0 0 0 0.107575 1.44134e-05 1.63538 0.000439608 0 0 0 0 0 0 0 0
17 0.495 0 0 0 0 0 0 0 0 0.284925 5.76535e-05 3.91748 0.000576535 0 0 0 0 0 0 0 0
18 0.525 0 0 0 0 0 0 0 0 0.0844021 7.20669e-05 4.39916 0.000749496 0 0 0 0 0 0 0 0
19 0.555 0 0 0 0 0 0 0 0 0 7.20669e-05 1.47609 0.000814356 0 0 0 0 0 0 92.2774 0.00821918
20 0.585 0 0 0 0 0 0 0 0 0 7.20669e-05 0.885688 0.000857596 0 0 0 0 0 0 83.0537 0.0164384
21 0.615 0 0 0 0 0 0 0 0 0 7.20669e-05 0.668012 0.000893629 0 0 0 0 0 0 175.329 0.0356164
22 0.645 0 0 0 0 0 0 0 0 0 7.20669e-05 0.850198 0.000944076 0 0 0 0 0 0 204.963 0.060274
23 0.675 0 0 0 0 0 0 0 0 0 7.20669e-05 0.998064 0.00100894 0 0 0 0 0 0 166.364 0.0821918
24 0.705 0 0 0 0 0 0 0 0 0.117058 0.0001081 0.609967 0.00105218 0 0 0 0 0 0 123.897 0.1
25 0.735 0 0 0 0 0 0 0 0 0.0430695 0.000122514 0.280586 0.0010738 0 0 0 0 4.03989 0.000630915 61.3863 0.109589
26 0.765 0 0 0 0 0 0 0 0 0.0596496 0.000144134 0.0863397 0.001081 0 0 0 0 13.0475 0.00283912 89.0462 0.124658
27 0.795 0 0 0 0 0 0 0 0 0 0.000144134 0 0.001081 0 0 0 0 3.45151 0.00347003 97.4501 0.142466
28 0.825 0 0 0 0 0 0 0 0 0 0.000144134 0 0.001081 0 0 0 0 9.61746 0.00536278 97.4425 0.161644
29 0.855 0 0 0 0 0 0 0 0 0.0159164 0.00015134 0 0.001081 0 0 0 0 4.47784 0.00630915 97.2079 0.182192
30 0.885 0 0 0 0 0 0 0.0242807 7.20669e-06 0.0297112 0.000165754 0 0.001081 0 0 0 0 0 0.00630915 102.817 0.205479
31 0.915 0 0 0 0 0 0 0.0227091 1.44134e-05 0.0138986 0.000172961 0 0.001081 0 0 0 0 0 0.00630915 84.8854 0.226027
32 0.945 0 0 0 0 0 0 0.0851626 4.32401e-05 0.0130277 0.000180167 0 0.001081 0 0 0 0 0 0.00630915 68.9687 0.243836
33 0.975 0.00167764 4.32401e-05 0.00252073 7.20669e-06 0 0 0.0399994 5.76535e-05 0.0367203 0.000201787 0 0.001081 0 0 0 0 0 0.00630915 64.7901 0.261644
34 1.005 0.00315888 0.00012972 0.00237105 1.44134e-05 0 0 0.0376562 7.20669e-05 0 0.000201787 0 0.001081 0 0 0 0 0 0.00630915 23.4498 0.268493
35 1.035 0.000496401 0.000144134 0 1.44134e-05 0.0232527 7.20669e-06 0.0355036 8.64803e-05 0.021732 0.000216201 0 0.001081 0 0 0 0 0 0.00630915 22.112 0.275342
36 1.065 0 0.000144134 0.00211202 2.16201e-05 0.043945 2.16201e-05 0.0502842 0.0001081 0 0.000216201 0 0.001081 0 0 0 0 0 0.00630915 37.5947 0.287671
37 1.095 0 0.000144134 0.0119862 6.48602e-05 0.0415706 3.60334e-05 0.0951478 0.00015134 0 0.000216201 0 0.001081 0 0 0 0 0 0.00630915 59.2666 0.308219
38 1.125 0 0.000144134 0.00757171 9.36869e-05 0.216663 0.000115307 0.105168 0.000201787 0 0.000216201 0 0.001081 0 0 0 0 0.862388 0.00662461 33.6842 0.320548
39 1.155 0 0.000144134 0.00359086 0.0001081 0.205516 0.000194581 0.0855094 0.000245027 0 0.000216201 0 0.001081 0 0 0 0 4.08928 0.00820189 74.5877 0.349315
40 1.185 0 0.000144134 0.00682266 0.000136927 0.15974 0.000259441 0.0677163 0.000281061 0 0.000216201 0 0.001081 0 0 0 0 1.55425 0.00883281 37.1153 0.364384
41 1.215 0 0.000144134 0.0146035 0.000201787 0.151951 0.000324301 0.0901616 0.000331508 0 0.000216201 0 0.001081 0 0 0 0 5.1728 0.011041 28.8835 0.376712
42 1.245 0 0.000144134 0.0154547 0.000273854 0.0482348 0.000345921 0.0858804 0.000381954 0 0.000216201 0 0.001081 0 0 0 0 1.40818 0.0116719 33.6217 0.391781
43 1.275 0 0.000144134 0.0353638 0.000446815 0.0153387 0.000353128 0.0584845 0.000417988 0 0.000216201 0 0.001081 0 0 0 0 2.01294 0.0126183 26.2277 0.40411
44 1.305 0 0.000144134 0.0309451 0.000605362 0.0146356 0.000360334 0.0111613 0.000425195 0.00683254 0.000223407 0 0.001081 0 0 0 0 1.28116 0.0132492 27.823 0.417808
45 1.335 0 0.000144134 0.025538 0.000742289 0 0.000360334 0 0.000425195 0.0130553 0.000237821 0 0.001081 0 0 0 0 4.28585 0.0154574 23.9211 0.430137
46 1.365 0 0.000144134 0.0385692 0.000958489 0 0.000360334 0.0102062 0.000432401 0.0187354 0.000259441 0 0.001081 0 0 0.956629 0.000515464 2.9279 0.0170347 15.2581 0.438356
47 1.395 0 0.000144134 0.0443088 0.00121793 0 0.000360334 0 0.000432401 0.0239247 0.000288268 0.0519437 0.00109542 0 0 2.74752 0.00206186 5.04598 0.0198738 19.4773 0.449315
48 1.425 0 0.000144134 0.0377474 0.00144854 0 0.000360334 0 0.000432401 0.0515817 0.000353128 0 0.00109542 0 0 2.63417 0.00360825 4.8358 0.0227129 18.6661 0.460274
49 1.455 0 0.000144134 0.05318 0.00178726 0 0.000360334 0 0.000432401 0.0879416 0.000468435 0 0.00109542 0 0 6.73723 0.00773196 3.09163 0.0246057 26.8549 0.476712
50 1.485 0 0.000144134 0.0401931 0.00205391 0 0.000360334 0 0.000432401 0.110815 0.000619775 0 0.00109542 0 0 4.85162 0.0108247 3.95823 0.0271293 25.7788 0.493151
51 1.515 0 0.000144134 0.0344403 0.00229173 0 0.000360334 0 0.000432401 0.157176 0.000843182 0.0220122 0.00110262 0 0 16.3119 0.0216495 2.37686 0.0287066 33.0291 0.515068
52 1.545 0 0.000144134 0.0341202 0.00253675 0 0.000360334 0 0.000432401 0.170614 0.00109542 0.0423307 0.00111704 0 0 14.938 0.0319588 4.5702 0.0318612 29.7729 0.535616
53 1.575 0 0.000144134 0.0241416 0.00271692 0 0.000360334 0.0153309 0.000446815 0.220492 0.00143413 0.0407522 0.00113145 0 0 15.0917 0.0427835 6.59744 0.0365931 19.0998 0.549315
54 1.605 0 0.000144134 0.0297526 0.00294754 0 0.000360334 0.0073789 0.000454021 0.24395 0.00182329 0.0392251 0.00114586 0 0 18.6856 0.056701 2.96503 0.0388013 29.4244 0.571233
55 1.635 0 0.000144134 0.0376335 0.00325022 0.0186467 0.000374748 0.00711608 0.000461228 0.248124 0.00223407 0 0.00114586 0 0 16.0032 0.0690722 2.4493 0.040694 26.5828 0.591781
56 1.665 0 0.000144134 0.025058 0.00345921 0.0719344 0.000432401 0.0205756 0.000482848 0.239273 0.00264485 0.0182321 0.00115307 0.0810072 6.49351e-05 17.3653 0.0829897 1.9673 0.0422713 22.219 0.609589
57 1.695 0.000185067 0.000158547 0.0275137 0.00369703 0.199529 0.000598155 0.0264749 0.000511675 0.226805 0.00304843 0 0.00115307 0.312669 0.000324675 22.3386 0.101546 3.79759 0.0454259 23.0883 0.628767
58 1.725 0 0.000158547 0.0209316 0.0038844 0.335068 0.000886423 0.0191722 0.000533295 0.219007 0.003452 0 0.00115307 0.452885 0.000714286 25.7621 0.123711 2.93351 0.0479495 19.1055 0.645205
59 1.755 0 0.000158547 0.0248872 0.00411502 0.623105 0.00144134 0.0246942 0.000562122 0.177593 0.00379072 0 0.00115307 0.0729304 0.000779221 37.6226 0.157216 3.89677 0.0514196 15.3837 0.658904
60 1.785 0 0.000158547 0.0233058 0.00433843 1.3064 0.00264485 0.0417702 0.000612568 0.153399 0.0040934 0 0.00115307 0.352372 0.0011039 41.4068 0.195361 5.47921 0.0564669 19.3329 0.676712
61 1.815 0 0.000158547 0.0407197 0.004742 1.88405 0.00443932 0.0808113 0.000713462 0.123638 0.00434563 0 0.00115307 0.681742 0.00175325 41.1285 0.234536 6.29283 0.0624606 18.6989 0.694521
62 1.845 0.000156153 0.000172961 0.0520738 0.0052753 2.46761 0.00686797 0.0782142 0.000814356 0.146995 0.00465552 0 0.00115307 1.1216 0.00285714 39.2806 0.273196 6.73157 0.0690852 33.4032 0.727397
63 1.875 0 0.000172961 0.0872113 0.00619775 3.0132 0.00993082 0.129807 0.000987316 0.0959917 0.00486451 0 0.00115307 0.638885 0.00350649 42.0908 0.315979 3.72389 0.0728707 28.2986 0.756164
64 1.905 0.000293019 0.000201787 0.143241 0.0077616 3.72264 0.0138368 0.136238 0.00117469 0.0833596 0.00505189 0 0.00115307 0.185667 0.0037013 48.634 0.36701 5.11045 0.0782334 22.1945 0.779452
65 1.935 0.000142045 0.000216201 0.214323 0.0101758 4.16067 0.018341 0.106654 0.00132603 0.139868 0.00537619 0 0.00115307 0.239942 0.00396104 35.2355 0.405155 3.78742 0.0823344 34.1633 0.816438
66 1.965 0.00041314 0.000259441 0.293429 0.0135846 4.38958 0.0232416 0.118192 0.00149899 0.120558 0.00566446 0 0.00115307 0.407061 0.00441558 24.4723 0.432474 4.23837 0.0870662 26.9928 0.846575
67 1.995 0.00106881 0.000374748 0.35871 0.0178798 3.88911 0.0277169 0.0955452 0.00164312 0.108182 0.0059311 0 0.00115307 0.677137 0.00519481 19.709 0.455155 3.28953 0.0908517 27.3791 0.878082
68 2.025 0.00272303 0.000677429 0.468488 0.0236596 3.60457 0.0319905 0.227209 0.00199625 0.297977 0.00668781 0 0.00115307 0.328615 0.00558442 21.3044 0.480412 5.32176 0.0971609 18.4864 0.9
69 2.055 0.00541429 0.0012972 0.544546 0.030578 2.62649 0.0351975 0.216146 0.00234217 0.372012 0.00766071 0 0.00115307 0.478703 0.00616883 13.0871 0.496392 2.32528 0.1 13.4629 0.916438
70 2.085 0.0124761 0.00276737 0.700911 0.0397449 2.11574 0.0378567 0.306181 0.00284664 0.720085 0.00959931 0 0.00115307 0.310017 0.00655844 11.4825 0.510825 2.00782 0.102524 13.0781 0.932877
71 2.115 0.0192581 0.00510233 0.866446 0.0514053 1.69952 0.0400548 0.54837 0.0037763 0.967758 0.0122802 0.0225954 0.00116748 0.552331 0.00727273 9.56565 0.523196 1.95119 0.105047 11.6509 0.947945
72 2.145 0.0389479 0.00995964 1.04335 0.0658475 1.40845 0.0419285 0.872021 0.00529692 1.20645 0.0157178 0.0658876 0.00121072 0.292917 0.00766234 5.42423 0.530412 2.37145 0.108202 6.17774 0.956164
73 2.175 0.0811554 0.0203661 1.25782 0.0837489 1.05378 0.0433698 0.992833 0.00707697 1.37755 0.0197535 0.0320527 0.00123234 0.284835 0.00805195 2.63804 0.534021 0.922627 0.109464 2.00341 0.958904
74 2.205 0.159238 0.041352 1.4337 0.10472 0.891984 0.0446238 1.14982 0.00919573 1.48635 0.0242289 0.0207923 0.00124676 0.508065 0.00876623 0.366608 0.534536 1.34625 0.111356 5.84644 0.967123
75 2.235 0.316688 0.0842318 1.59208 0.128647 0.658663 0.0455751 1.32094 0.0116965 1.57715 0.0291078 0.0505746 0.00128279 0.359718 0.00928571 2.14147 0.537629 3.27591 0.116088 6.63961 0.976712
76 2.265 0.618478 0.170236 1.73603 0.155441 0.709358 0.0466273 1.33806 0.0142981 1.68087 0.034448 0.0886636 0.00134765 0.481535 0.01 1.04255 0.539175 1.48885 0.118297 6.46597 0.986301
77 2.295 1.05783 0.32126 1.86287 0.18496 0.4685 0.0473407 1.37547 0.0170438 1.81839 0.0403791 0.115142 0.00143413 0.298436 0.0104545 2.36954 0.542784 2.27871 0.121767 3.5976 0.991781
78 2.325 1.66508 0.565235 1.94582 0.216604 0.405779 0.0479749 1.56186 0.0202436 2.22165 0.0478164 0.130861 0.00153502 0.373962 0.011039 0.65961 0.543814 2.22041 0.125237 3.50641 0.99726
79 2.355 2.296 0.910392 1.96954 0.249467 0.364041 0.0485587 1.84806 0.024128 2.2032 0.0553834 0.218675 0.00170799 0.242941 0.0114286 0.964559 0.545361 2.75419 0.129653 2.56298 1.00137
80 2.385 2.9126 1.35947 2.04033 0.284383 0.315505 0.0490775 1.78181 0.0279692 2.13381 0.0629 0.293161 0.00194581 0.157933 0.0116883 2.19325 0.548969 3.06889 0.1347 8.32993 1.01507
81 2.415 3.36696 1.89174 1.90126 0.317743 0.320532 0.049618 1.90085 0.0321707 2.09907 0.0704814 0.467914 0.00233497 0.154039 0.0119481 3.0573 0.554124 4.86407 0.142902 10.5606 1.03288
82 2.445 3.70361 2.49187 1.8028 0.350166 0.27101 0.0500865 2.2902 0.0373595 2.0518 0.0780773 0.591715 0.00283943 0.187853 0.0122727 1.78922 0.557216 3.10271 0.148265 9.51046 1.04932
83 2.475 3.89458 3.13853 1.60566 0.379756 0.223793 0.0504828 2.52376 0.0432185 1.90357 0.0852984 0.684742 0.00343759 0.0366613 0.0123377 2.91013 0.562371 1.78088 0.15142 15.4688 1.07671
84 2.505 3.92686 3.80644 1.47696 0.407639 0.222456 0.0508864 2.33031 0.0487604 1.8712 0.0925699 0.756974 0.00411502 0.035769 0.0124026 1.13663 0.564433 1.91274 0.15489 7.55023 1.09041
85 2.535 3.85051 4.47715 1.42729 0.435233 0.190057 0.0512396 2.08314 0.053834 1.71672 0.0994018 0.770656 0.00482127 0.0349516 0.0124675 0.832439 0.565979 2.20709 0.158991 1.4745 1.09315
86 2.565 3.70285 5.1375 1.33695 0.461696 0.170481 0.0515639 2.00581 0.0588354 1.69627 0.106313 0.944746 0.0057077 0.0341337 0.0125325 0.271032 0.566495 1.49249 0.16183 2.87992 1.09863
87 2.595 3.44978 5.7672 1.27882 0.487604 0.151749 0.0518593 1.78744 0.0633972 1.53802 0.112727 0.750422 0.00642837 0.100073 0.0127273 0.529443 0.567526 3.24052 0.168139 4.22168 1.10685
88 2.625 3.2662 6.37724 1.20873 0.512662 0.213425 0.0522845 1.69164 0.0678149 1.52164 0.11922 0.792023 0.00720669 0.0326 0.0127922 0.258783 0.568041 1.90033 0.171924 6.87621 1.12055
89 2.655 3.06344 6.96257 1.09085 0.535796 0.240453 0.0527746 1.4486 0.0716849 1.52543 0.125879 0.939146 0.00815076 0.0318741 0.0128571 0.50568 0.569072 3.09545 0.178233 4.70445 1.13014
90 2.685 2.84371 7.51826 0.947646 0.556349 0.221276 0.0532358 1.19751 0.0749568 1.43182 0.132272 0.658915 0.00882819 0.0622928 0.012987 0.247317 0.569588 2.57303 0.183596 7.22987 1.14521
91 2.715 2.58918 8.03559 0.818599 0.574503 0.213043 0.0536898 1.0912 0.0780052 1.36244 0.138491 0.815838 0.00968579 0.0609181 0.0131169 1.45117 0.57268 2.6643 0.189274 3.21439 1.15205
92 2.745 2.35223 8.51601 0.693357 0.590221 0.267951 0.0542736 0.840341 0.080405 1.28495 0.144487 0.771243 0.0105146 0.119241 0.0133766 2.8392 0.578866 3.04061 0.195899 5.03026 1.16301
93 2.775 2.12778 8.96015 0.593219 0.603964 0.246 0.0548213 0.797574 0.0827328 1.2135 0.150274 0.899033 0.0115019 0.0583224 0.0135065 2.08361 0.583505 2.69187 0.201893 4.92231 1.17397
94 2.805 1.86124 9.35709 0.500829 0.615819 0.272441 0.055441 0.703297 0.0848299 1.11222 0.155693 0.725749 0.0123162 0.0285389 0.0135714 2.71917 0.589691 2.3576 0.207256 2.40852 1.17945
95 2.835 1.61914 9.70983 0.445279 0.626585 0.359752 0.056277 0.773659 0.0871865 0.958509 0.160464 0.804803 0.0132387 0.0558753 0.0137013 2.88381 0.596392 1.35746 0.21041 2.35742 1.18493
96 2.865 1.39982 10.0213 0.385514 0.636106 0.391738 0.0572067 0.706572 0.0893845 0.877575 0.164925 0.794197 0.0141683 0.136807 0.014026 3.69229 0.605155 1.32924 0.213565 1.73156 1.18904
97 2.895 1.19514 10.2928 0.333836 0.644523 0.425292 0.0582372 0.630739 0.091388 0.787296 0.169011 0.70543 0.0150115 0.160766 0.0144156 3.61618 0.613918 1.9528 0.218297 2.82712 1.19589
98 2.925 1.01929 10.5292 0.304344 0.652357 0.451559 0.0593543 0.568991 0.0932329 0.756262 0.173018 0.679244 0.0158403 0.288796 0.0151299 2.70888 0.620619 2.42285 0.22429 2.21485 1.20137
99 2.955 0.879709 10.7374 0.261435 0.659225 0.439597 0.0604641 0.481265 0.0948256 0.665019 0.176614 0.78709 0.0168204 0.205727 0.0156494 3.26663 0.628866 1.24953 0.227445 3.25561 1.20959
100 2.985 0.747234 10.9178 0.243306 0.665747 0.503521 0.0617613 0.467361 0.0964039 0.617764 0.180023 0.65789 0.0176564 0.277285 0.0163636 2.40109 0.635052 2.20442 0.233123 1.59556 1.2137
101 3.015 0.647325 11.0773 0.215819 0.671649 0.499058 0.0630729 0.483216 0.0980686 0.615776 0.183489 0.69491 0.0185572 0.123566 0.0166883 2.94202 0.642784 1.44031 0.236909 0 1.2137
102 3.045 0.5622 11.2186 0.212885 0.677587 0.556452 0.0645647 0.578352 0.100101 0.556009 0.186682 0.62131 0.0193788 0.290674 0.0174675 2.49994 0.649485 2.23576 0.242902 0.510956 1.21507
103 3.075 0.488522 11.3438 0.204694 0.68341 0.60102 0.0662078 0.569122 0.10214 0.53904 0.189839 0.534419 0.0200995 0.356283 0.0184416 3.77083 0.659794 1.84615 0.24795 0.50117 1.21644
104 3.105 0.420389 11.4537 0.1943 0.689046 0.690293 0.068132 0.562116 0.104194 0.522655 0.192959 0.503203 0.0207913 0.419321 0.0196104 1.6646 0.664433 1.47111 0.25205 0.491258 1.21781
105 3.135 0.367204 11.5515 0.180364 0.694379 0.70505 0.0701355 0.578498 0.106349 0.555333 0.196339 0.606719 0.0216417 0.15995 0.0200649 3.44661 0.674227 1.77613 0.257098 0.482249 1.21918
106 3.165 0.331504 11.6415 0.19322 0.700202 0.773849 0.0723768 0.535326 0.108381 0.49373 0.199402 0.494368 0.0223479 0.336284 0.021039 4.09334 0.686082 4.03019 0.26877 0.946056 1.22192
107 3.195 0.298378 11.7241 0.203923 0.706464 0.849754 0.0748847 0.475005 0.110219 0.524396 0.202717 0.391107 0.0229173 0.286003 0.0218831 4.19106 0.698454 3.20649 0.278233 0 1.22192
108 3.225 0.257369 11.7967 0.194159 0.71254 0.898726 0.0775872 0.458895 0.112028 0.520275 0.206068 0.349821 0.0234361 0.302309 0.0227922 2.2282 0.705155 3.25178 0.288013 0.911251 1.22466
109 3.255 0.242107 11.8662 0.206875 0.719134 0.879872 0.0802825 0.473812 0.113931 0.627166 0.210183 0.329129 0.0239334 0.402755 0.024026 3.02888 0.714433 3.50134 0.298738 0.44722 1.22603
110 3.285 0.220312 11.9306 0.213102 0.726052 0.993213 0.0833814 0.438789 0.115725 0.546748 0.213837 0.327797 0.0244379 0.228941 0.0247403 3.30429 0.724742 6.26861 0.318297 5.26972 1.24247
111 3.315 0.202747 11.991 0.227351 0.733569 1.09099 0.0868478 0.380676 0.11731 0.663982 0.218355 0.390866 0.0250504 0.367898 0.0259091 3.24474 0.735052 4.86492 0.333754 3.87988 1.25479
112 3.345 0.196084 12.0505 0.229287 0.741287 1.12052 0.0904728 0.433359 0.119148 0.585558 0.222413 0.365819 0.0256342 0.501859 0.0275325 3.1865 0.745361 5.55819 0.351735 3.81005 1.26712
113 3.375 0.186873 12.1082 0.257832 0.750123 1.09633 0.0940833 0.469093 0.121173 0.563958 0.226391 0.306127 0.0261314 0.749202 0.03 2.97384 0.755155 5.84297 0.370978 7.90213 1.29315
114 3.405 0.190381 12.168 0.277479 0.759801 1.03626 0.0975569 0.529774 0.123501 0.637359 0.230967 0.357428 0.0267224 0.852412 0.0328571 2.61411 0.763918 6.964 0.394322 5.31241 1.31096
115 3.435 0.190451 12.2289 0.30879 0.770762 1.11115 0.101348 0.597896 0.126175 0.584857 0.235241 0.398305 0.0273926 0.894568 0.0359091 1.81328 0.770103 7.213 0.418927 6.82618 1.33425
116 3.465 0.205016 12.2956 0.340974 0.783079 1.17918 0.105441 0.614504 0.128971 0.56508 0.239442 0.36617 0.0280196 1.17844 0.04 1.93067 0.776804 6.63361 0.441956 7.10334 1.3589
117 3.495 0.199597 12.3617 0.358288 0.796245 1.17539 0.109592 0.571318 0.131616 0.551618 0.243615 0.446822 0.0287979 0.956065 0.0433766 2.04363 0.784021 5.35929 0.460883 5.42934 1.37808
118 3.525 0.214101 12.4338 0.399065 0.811163 1.16547 0.113779 0.655002 0.1347 0.645282 0.24858 0.455487 0.0296051 0.976042 0.0468831 2.43897 0.792784 5.79527 0.481703 2.67008 1.38767
119 3.555 0.237557 12.5152 0.42022 0.82714 1.20113 0.118168 0.585287 0.137504 0.571832 0.253056 0.487827 0.0304843 1.15513 0.0511039 1.55177 0.798454 6.38842 0.505047 1.12485 1.39178
120 3.585 0.247582 12.6015 0.422162 0.843464 1.13263 0.122377 0.612533 0.140487 0.6293 0.258064 0.471829 0.0313491 1.2757 0.0558442 3.05156 0.809794 4.41453 0.521451 1.84319 1.39863
121 3.615 0.282715 12.7016 0.460457 0.861567 1.14441 0.126701 0.59949 0.143456 0.654517 0.263361 0.409896 0.032113 1.20301 0.0603896 2.59214 0.819588 5.67752 0.542902 1.45011 1.40411
122 3.645 0.310861 12.8136 0.476715 0.880621 1.14628 0.131104 0.702733 0.146995 0.6727 0.268896 0.387965 0.0328481 1.234 0.0651299 1.34181 0.824742 5.83055 0.5653 2.13945 1.41233
123 3.675 0.343054 12.9391 0.496981 0.900814 1.07969 0.13532 0.711019 0.150634 0.803056 0.275613 0.38913 0.0335976 1.347 0.0703896 2.77217 0.835567 5.73575 0.587697 1.05258 1.41644
124 3.705 0.381447 13.0811 0.514796 0.922074 0.996867 0.139276 0.79793 0.154785 0.7723 0.282178 0.382867 0.0343471 1.21071 0.0751948 2.46787 0.845361 6.51781 0.613565 2.41658 1.42603
125 3.735 0.425773 13.2421 0.520296 0.94391 0.955929 0.143132 0.80969 0.159066 0.801664 0.289103 0.449182 0.0352407 1.46509 0.0811039 2.30031 0.854639 4.69234 0.632492 2.03792 1.43425
126 3.765 0.473069 13.4238 0.554795 0.96757 0.946007 0.147009 0.790104 0.163311 0.820962 0.29631 0.434931 0.0361199 1.50519 0.0872727 1.50911 0.860825 4.772 0.65205 3.34181 1.44795
127 3.795 0.529273 13.6305 0.574328 0.992455 0.957086 0.150995 0.850302 0.167952 0.83874 0.303791 0.52632 0.0372009 1.55943 0.0937662 1.48538 0.86701 4.69705 0.671609 4.27692 1.46575
128 3.825 0.59224 13.8653 0.599576 1.01885 0.911468 0.15485 0.840902 0.172615 0.842331 0.311423 0.556079 0.0383612 1.88809 0.101753 1.21866 0.872165 4.02698 0.688644 4.85743 1.4863
129 3.855 0.674336 14.137 0.621712 1.04664 0.885589 0.158655 0.939193 0.177904 0.902882 0.319732 0.567905 0.0395647 1.63218 0.108766 1.43978 0.878351 4.77222 0.709148 5.41967 1.50959
130 3.885 0.748589 14.4432 0.661824 1.07669 0.908288 0.162619 0.917181 0.183151 0.867398 0.327839 0.602683 0.0408619 1.8451 0.116818 0.945052 0.882474 6.57816 0.737855 3.45283 1.52466
131 3.915 0.839329 14.7919 0.701891 1.10906 0.957853 0.166864 0.911865 0.188448 0.889845 0.336286 0.646219 0.0422744 1.72901 0.124481 2.32644 0.892784 4.84065 0.759306 5.25618 1.54795
132 3.945 0.93164 15.1849 0.734972 1.14347 0.95137 0.171144 0.90419 0.193781 0.911508 0.345071 0.6267 0.0436653 1.64515 0.131883 1.71832 0.900515 4.13627 0.777918 2.73995 1.56027
133 3.975 1.03512 15.6283 0.75059 1.17915 0.978058 0.175613 0.932702 0.199366 0.955985 0.354425 0.578876 0.0449697 1.71993 0.13974 2.14351 0.910309 5.24808 0.801893 2.39866 1.57123
134 4.005 1.14117 16.1244 0.777475 1.21667 0.98209 0.180167 0.975665 0.205297 0.964926 0.36401 0.579707 0.0462958 2.05832 0.149286 3.44581 0.926289 4.55749 0.823028 1.77277 1.57945
135 4.035 1.22927 16.6669 0.801277 1.25592 1.02115 0.184974 0.940198 0.211098 1.00424 0.374135 0.608372 0.0477083 1.73812 0.157468 2.51855 0.938144 2.81468 0.836278 1.74607 1.58767
136 4.065 1.31256 17.2548 0.825009 1.29693 1.01366 0.189817 0.97816 0.217224 1.01765 0.384549 0.633032 0.0492001 1.76687 0.165909 3.56045 0.955155 4.29176 0.856782 1.43348 1.59452
137 4.095 1.41434 17.8977 0.815677 1.33808 1.01076 0.194717 0.970654 0.223393 0.99308 0.394862 0.762423 0.0510233 1.92857 0.17526 2.23249 0.965979 2.99295 0.871293 0.565025 1.59726
138 4.125 1.45959 18.5708 0.826663 1.3804 1.02835 0.199777 1.02365 0.229994 1.03613 0.40578 0.751388 0.0528466 1.70265 0.183636 1.88603 0.975258 3.591 0.888959 0.278391 1.59863
139 4.155 1.52092 19.2826 0.842929 1.42418 1.03955 0.204965 1.00893 0.236596 1.05358 0.417044 0.787398 0.0547852 2.04242 0.193831 2.68486 0.98866 3.22311 0.905047 1.0978 1.60411
140 4.185 1.55943 20.0229 0.811058 1.46691 1.10864 0.210579 0.984738 0.243132 1.03654 0.428286 0.715541 0.0565725 1.57726 0.201818 2.64648 1.00206 3.17725 0.921136 1.35269 1.61096
141 4.215 1.58774 20.7875 0.832187 1.51139 1.14765 0.216474 0.98682 0.249777 1.05001 0.439839 0.713957 0.0583814 1.73194 0.210714 3.71304 1.02113 1.78108 0.930284 2.13357 1.62192
142 4.245 1.59421 21.5662 0.83708 1.55677 1.15221 0.222478 1.02148 0.256753 0.969335 0.450656 0.776803 0.0603776 1.6825 0.219481 2.27541 1.03299 2.66403 0.944164 3.41842 1.63973
143 4.275 1.58903 22.3533 0.807808 1.60119 1.20294 0.228834 1.01344 0.263772 0.950681 0.461415 0.779771 0.0624099 1.92948 0.229675 2.04854 1.04381 1.49263 0.95205 4.14753 1.66164
144 4.305 1.55935 23.1367 0.809124 1.6463 1.12571 0.234866 0.974755 0.270618 0.954445 0.47237 0.760766 0.0644206 1.90263 0.23987 1.82783 1.05361 2.23709 0.964038 4.34604 1.68493
145 4.335 1.53035 23.9162 0.795041 1.69125 1.077 0.240718 1.01389 0.277839 0.934463 0.483244 0.656142 0.066179 1.73293 0.249286 1.80244 1.0634 1.62565 0.972871 5.79895 1.71644
146 4.365 1.49973 24.6907 0.778107 1.73585 1.07405 0.246634 0.992029 0.285003 0.910669 0.49399 0.716111 0.0681248 1.70916 0.258701 2.43294 1.0768 1.94697 0.983596 1.74047 1.72603
147 4.395 1.46253 25.4564 0.796422 1.78213 1.08137 0.252674 0.944075 0.291914 1.02299 0.506227 0.735153 0.0701499 1.60452 0.267662 2.67666 1.09175 1.75108 0.993375 2.45312 1.73973
148 4.425 1.42044 26.2103 0.774402 1.82775 1.0655 0.258706 0.966295 0.299085 0.990148 0.518233 0.769067 0.0722975 1.65165 0.277013 2.09411 1.10361 1.72738 1.00315 1.45153 1.74795
149 4.455 1.37965 26.9525 0.757607 1.87299 1.02482 0.264586 0.93128 0.30609 0.985066 0.53034 0.684916 0.0742361 1.66349 0.286558 2.15609 1.11598 2.4736 1.01735 2.1487 1.76027
150 4.485 1.34423 27.6855 0.747748 1.91824 1.06443 0.270777 0.891459 0.312886 0.98986 0.542671 0.665738 0.0761459 1.56306 0.295649 1.5954 1.12526 2.65797 1.03281 1.17771 1.76712
151 4.515 1.3107 28.4097 0.750892 1.96429 0.941514 0.276326 0.928137 0.320056 0.994453 0.555225 0.699068 0.0781781 1.49836 0.304481 1.3995 1.13351 2.30154 1.04637 0.697086 1.77123
152 4.545 1.27615 29.1242 0.750983 2.01096 0.892904 0.281659 0.942634 0.327436 0.971235 0.567649 0.707011 0.0802609 1.56564 0.313831 1.98502 1.14536 1.53183 1.05552 2.29378 1.78493
153 4.575 1.2566 29.8371 0.758676 2.05873 0.919353 0.287223 0.889423 0.334491 0.984663 0.580412 0.702611 0.082358 1.69535 0.324091 1.53337 1.15464 2.45016 1.07035 0.679061 1.78904
154 4.605 1.23787 30.5487 0.761698 2.10733 0.835733 0.292346 0.894908 0.341683 0.934004 0.592678 0.729195 0.0845633 1.57807 0.333766 2.01791 1.16701 1.69765 1.08076 2.23433 1.80274
155 4.635 1.23435 31.2675 0.773836 2.15734 0.808692 0.29737 0.847063 0.34858 0.897585 0.604619 0.729227 0.0867973 1.40089 0.342468 1.82549 1.17835 1.82832 1.09211 1.10251 1.80959
156 4.665 1.22221 31.9884 0.785046 2.20874 0.765103 0.302184 0.874664 0.355794 0.91495 0.61695 0.65483 0.0888296 1.26942 0.350455 1.63856 1.18866 2.25617 1.10631 1.30625 1.81781
157 4.695 1.22614 32.721 0.779511 2.26044 0.738393 0.30689 0.916127 0.363448 0.905408 0.62931 0.767988 0.0912439 1.25326 0.358442 2.18364 1.20258 1.58376 1.1164 1.28941 1.82603
158 4.725 1.23841 33.4704 0.762768 2.31167 0.720122 0.311538 0.861965 0.370741 0.922609 0.642065 0.715267 0.0935212 1.32786 0.367013 1.35763 1.21134 1.27076 1.12461 1.06108 1.83288
159 4.755 1.24348 34.2325 0.754871 2.36302 0.713272 0.316201 0.931017 0.378719 0.927484 0.655052 0.688417 0.0957408 1.36091 0.375909 1.89266 1.22371 1.49593 1.13438 1.04761 1.83973
160 4.785 1.24617 35.0059 0.764161 2.41565 0.627042 0.320352 0.916038 0.386668 0.920463 0.668103 0.684206 0.0979749 1.29475 0.384481 0.934409 1.2299 1.33428 1.14322 0.827732 1.84521
161 4.815 1.26198 35.799 0.766136 2.46909 0.637548 0.324625 0.889927 0.394487 0.925587 0.681392 0.699666 0.100288 1.40466 0.393896 0.845876 1.23557 1.3647 1.15237 1.43042 1.85479
162 4.845 1.26524 36.604 0.774334 2.52377 0.599946 0.328697 0.870008 0.402227 0.884918 0.694256 0.686715 0.102587 1.37775 0.403247 1.21498 1.24381 1.62679 1.16341 0.201838 1.85616
163 4.875 1.2729 37.424 0.765646 2.57852 0.631389 0.333035 0.84894 0.409873 0.903433 0.707553 0.63792 0.104749 1.43647 0.413117 1.05012 1.25103 1.97412 1.17697 1.79449 1.86849
164 4.905 1.27641 38.2564 0.750731 2.63286 0.565669 0.33697 0.984004 0.418845 0.947566 0.721671 0.670018 0.107048 1.52164 0.423701 0.963352 1.25773 1.72326 1.18896 1.96918 1.88219
165 4.935 1.2748 39.0979 0.772418 2.68945 0.55471 0.340876 0.868242 0.426859 0.874432 0.734859 0.668142 0.109369 1.52159 0.434416 1.83007 1.27062 1.9264 1.20252 1.75086 1.89452
166 4.965 1.26572 39.9436 0.754753 2.74542 0.52175 0.344595 0.856238 0.434859 0.901667 0.748624 0.651901 0.11166 1.36661 0.444156 2.31433 1.28711 1.77034 1.21514 1.72978 1.90685
167 4.995 1.25789 40.7943 0.74139 2.80107 0.588433 0.34884 0.84674 0.442865 0.889941 0.762374 0.627894 0.113894 1.38625 0.454156 1.57211 1.29845 1.96797 1.22934 1.51929 1.91781
168 5.025 1.23525 41.6398 0.724407 2.8561 0.619917 0.353366 0.832899 0.450836 0.847533 0.775627 0.646435 0.116222 1.41423 0.464481 1.3415 1.30825 2.41987 1.247 0.937936 1.92466
169 5.055 1.21986 42.4847 0.717527 2.91126 0.612564 0.357891 0.840899 0.45898 0.861192 0.789255 0.644698 0.118572 1.32718 0.474286 1.88374 1.32216 1.28101 1.25647 0.741644 1.93014
170 5.085 1.19004 43.3188 0.719086 2.9672 0.661289 0.362835 0.776584 0.46659 0.832155 0.80258 0.611707 0.120827 1.52 0.485649 1.37887 1.33247 0.970471 1.26372 1.46563 1.9411
171 5.115 1.16879 44.1476 0.692462 3.02171 0.720251 0.368283 0.817658 0.474697 0.826866 0.815977 0.660567 0.123292 1.63959 0.498052 1.83985 1.34639 1.83482 1.2776 1.08666 1.94932
172 5.145 1.13314 44.9607 0.681238 3.07596 0.675147 0.373451 0.74493 0.482171 0.812865 0.829302 0.618517 0.125627 1.67146 0.510844 1.61632 1.35876 1.68985 1.29054 1.25277 1.9589
173 5.175 1.10606 45.7636 0.662985 3.12937 0.767851 0.379396 0.77183 0.490004 0.808689 0.842714 0.643458 0.128084 1.47598 0.522273 1.39792 1.36959 1.54821 1.30252 1.59233 1.97123
174 5.205 1.07104 46.5501 0.64926 3.18229 0.737866 0.385176 0.699778 0.497189 0.785218 0.855888 0.580099 0.130326 1.7409 0.535909 1.77677 1.38351 2.29555 1.3205 1.74893 1.98493
175 5.235 1.02649 47.3126 0.636339 3.23476 0.836777 0.391806 0.680685 0.504259 0.774114 0.869026 0.606669 0.132697 1.54069 0.548117 2.86259 1.40619 2.38873 1.33943 2.07436 2.00137
176 5.265 0.984709 48.0525 0.610615 3.28568 0.887499 0.398919 0.744289 0.512078 0.800579 0.882769 0.645351 0.135248 1.58797 0.560844 1.41497 1.41753 2.28291 1.35773 3.24775 2.0274
177 5.295 0.940922 48.7675 0.595513 3.33591 0.885466 0.406097 0.676189 0.519263 0.796517 0.896598 0.535325 0.137388 1.53807 0.573312 2.03476 1.43402 2.52951 1.37823 3.88666 2.0589
178 5.325 0.887932 49.45 0.590678 3.3863 0.893119 0.413419 0.684023 0.526614 0.803579 0.910709 0.556043 0.139637 1.60787 0.586494 1.69766 1.44794 2.03925 1.39495 2.33923 2.07808
179 5.355 0.845228 50.107 0.551417 3.43387 0.990034 0.421627 0.679709 0.534001 0.7954 0.924834 0.581537 0.142015 1.67605 0.60039 1.74075 1.46237 2.13072 1.41262 3.47008 2.10685
180 5.385 0.811593 50.7449 0.555538 3.48234 1.00657 0.430066 0.654434 0.541193 0.766505 0.938599 0.515841 0.144148 1.6497 0.614221 1.22964 1.47268 1.80611 1.42776 1.96081 2.12329
181 5.415 0.777816 51.3631 0.544168 3.53034 1.01923 0.438707 0.669911 0.548638 0.77193 0.952616 0.606634 0.146685 1.79227 0.629416 1.09449 1.48196 1.59994 1.44132 2.74697 2.14658
182 5.445 0.729594 51.9494 0.513791 3.57617 1.09967 0.448133 0.681779 0.556299 0.727729 0.965977 0.557382 0.149042 1.7953 0.644805 1.383 1.49381 1.95052 1.45804 2.39687 2.16712
183 5.475 0.697213 52.5159 0.506334 3.62183 1.03775 0.457127 0.683853 0.564067 0.723257 0.979403 0.492272 0.151146 1.76821 0.66013 1.1301 1.50361 1.60167 1.47192 2.84525 2.19178
184 5.505 0.664455 53.0617 0.507626 3.66811 1.06514 0.46646 0.675153 0.571822 0.757644 0.993622 0.56196 0.153575 1.89728 0.676753 1.52946 1.51701 2.01622 1.48959 2.81407 2.21644
185 5.535 0.626257 53.5818 0.502142 3.71439 1.05444 0.4758 0.643042 0.579288 0.76122 1.00806 0.514638 0.155823 2.08194 0.695195 1.68761 1.53196 1.9231 1.50662 3.40238 2.24658
186 5.565 0.600599 54.0859 0.487768 3.75984 1.05355 0.485233 0.658228 0.587014 0.783851 1.0231 0.580898 0.158389 1.9 0.712208 1.43923 1.54485 2.07867 1.52524 2.60122 2.26986
187 5.595 0.579245 54.5774 0.504359 3.80734 1.10758 0.495258 0.663329 0.594883 0.78922 1.0384 0.519802 0.160709 1.88694 0.729286 1.70853 1.56031 2.30023 1.54606 3.17804 2.29863
188 5.625 0.559939 55.0577 0.503009 3.85522 1.11077 0.505419 0.619611 0.602313 0.780096 1.05368 0.576575 0.163311 2.00163 0.747597 2.87364 1.5866 2.31035 1.56719 3.89358 2.33425
189 5.655 0.545501 55.5305 0.485325 3.90191 1.15356 0.516085 0.637435 0.610039 0.774022 1.06901 0.519895 0.165682 1.63638 0.762727 3.28937 1.61701 1.50138 1.58107 3.25971 2.36438
190 5.685 0.543182 56.0063 0.501044 3.95063 1.18461 0.527155 0.623073 0.617671 0.863095 1.08629 0.455019 0.167779 1.86238 0.78013 2.15137 1.63711 1.55297 1.59558 2.78507 2.39041
191 5.715 0.542133 56.4863 0.495356 3.9993 1.15849 0.538095 0.607829 0.625195 0.862614 1.10373 0.454895 0.169898 1.91852 0.798247 1.80138 1.65412 1.60335 1.61073 3.33644 2.42192
192 5.745 0.547023 56.9757 0.500431 4.04899 1.20231 0.549568 0.601481 0.632718 0.914622 1.12243 0.450144 0.172016 2.021 0.817532 2.75487 1.68041 1.52059 1.62524 2.72756 2.44795
193 5.775 0.552435 57.4751 0.496177 4.09877 1.21151 0.56125 0.601543 0.640321 0.979111 1.14265 0.454579 0.174178 2.49171 0.841558 2.19156 1.70155 1.50495 1.63975 2.84142 2.47534
194 5.805 0.569653 57.9954 0.49888 4.14935 1.16869 0.572636 0.660223 0.648753 1.11337 1.16588 0.457381 0.176376 2.68591 0.867727 3.06869 1.73144 1.52182 1.65457 4.63976 2.52055
195 5.835 0.575571 58.5266 0.502777 4.20085 1.21821 0.584628 0.641726 0.657034 1.16417 1.19043 0.405192 0.178344 2.67822 0.894091 3.19421 1.76289 1.89072 1.67319 2.64364 2.54658
196 5.865 0.592916 59.0794 0.500913 4.25269 1.2239 0.5968 0.631856 0.665271 0.989235 1.2115 0.387838 0.180246 2.52025 0.919156 1.14036 1.77423 1.45903 1.6877 1.65261 2.56301
197 5.895 0.647799 59.6896 0.554355 4.31064 1.13399 0.608194 0.642408 0.673732 0.736063 1.22734 0.446436 0.182459 2.39771 0.943247 0.615595 1.78041 1.66404 1.70442 0.954147 2.5726
198 5.925 0.729956 60.3842 0.69075 4.3836 1.13674 0.619732 0.801668 0.684398 0.69315 1.24241 0.725503 0.186091 2.22638 0.965844 1.11722 1.79175 1.80262 1.72271 3.23942 2.60548
199 5.955 0.814794 61.1674 0.86059 4.47541 1.14921 0.631515 1.23223 0.700958 0.82828 1.2606 1.18563 0.192087 1.67194 0.982987 2.16188 1.81392 1.93837 1.74259 5.47771 2.66164
200 5.985 0.886943 62.0285 0.911837 4.57367 1.09876 0.642894 1.5225 0.721627 0.898289 1.28053 1.45451 0.199517 1.47963 0.998312 2.98639 1.84485 1.79707 1.7612 3.7035 2.7
770000 200
1 0.015 0 0 0 0 0 0 0 0 0 0 0 0 0 0 0 0 0 0 0 0
2 0.045 0 0 0 0 0 0 0 0 0 0 0 0 0 0 0 0 0 0 0 0
3 0.075 0 0 0 0 0 0 0 0 0 0 0 0 0 0 0 0 0 0 0 0
4 0.105 0 0 0 0 0 0 0 0 0 0 0 0 0 0 0 0 0 0 0 0
5 0.135 0 0 0 0 0 0 0 0 0 0 0 0 0 0 0 0 0 0 0 0
6 0.165 0 0 0 0 0 0 0 0 0 0 0 0 0 0 0 0 0 0 0 0
7 0.195 0 0 0 0 0 0 0 0 0 0 0 0 0 0 0 0 0 0 0 0
8 0.225 0 0 0 0 0 0 0 0 0 0 0 0 0 0 0 0 0 0 0 0
9 0.255 0 0 0 0 0 0 0 0 0 0 0 0 0 0 0 0 0 0 0 0
10 0.285 0 0 0 0 0 0 0 0 0 0 3.10789 3.60334e-05 0 0 0 0 0 0 0 0
11 0.315 0 0 0 0 0 0 0 0 0 0 3.5618 8.64803e-05 0 0 0 0 0 0 0 0
12 0.345 0 0 0 0 0 0 0 0 0 0 2.12169 0.000122514 0 0 0 0 0 0 0 0
13 0.375 0 0 0 0 0 0 0 0 0 0 3.95065 0.000201787 0 0 0 0 0 0 0 0
14 0.405 0 0 0 0 0 0 0 0 0 0 4.0035 0.000295474 0 0 0 0 0 0 0 0
15 0.435 0 0 0 0 0 0 0 0 0 0 4.00399 0.000403575 0 0 0 0 0 0 0 0
16 0.465 0 0 0 0 0 0 0 0 0.161443 2.16201e-05 2.80339 0.000490055 0 0 0 0 0 0 0 0
17 0.495 0 0 0 0 0 0 0 0 0.142393 4.32401e-05 2.88644 0.000590948 0 0 0 0 0 0 0 0
18 0.525 0 0 0 0 0 0 0 0 0.0844087 5.76535e-05 3.48253 0.000727875 0 0 0 0 0 0 34.3732 0.00273973
19 0.555 0 0 0 0 0 0 0 0 0.0377626 6.48602e-05 1.80423 0.000807149 0 0 0 0 0 0 30.7409 0.00547945
20 0.585 0 0 0 0 0 0 0 0 0.0340155 7.20669e-05 1.47613 0.000879216 0 0 0 0 0 0 83.0561 0.0136986
21 0.615 0 0 0 0 0 0 0 0 0 7.20669e-05 0.935291 0.000929663 0 0 0 0 0 0 100.188 0.0246575
22 0.645 0 0 0 0 0 0 0 0 0 7.20669e-05 1.21418 0.00100173 0 0 0 0 0 0 193.592 0.0479452
23 0.675 0 0 0 0 0 0 0 0 0.025509 7.92736e-05 0.221791 0.00101614 0 0 0 0 0 0 197.529 0.0739726
24 0.705 0 0 0 0 0 0 0 0 0.0468237 9.36869e-05 0.711719 0.00106659 0 0 0 0 0 0 114.358 0.090411
25 0.735 0 0 0 0 0 0 0 0 0.0430864 0.0001081 0.0935805 0.0010738 0 0 0 0 4.03911 0.000630915 87.6926 0.10411
26 0.765 0 0 0 0 0 0 0 0 0.0994193 0.000144134 0.0863857 0.001081 0 0 0 0 13.0503 0.00283912 113.314 0.123288
27 0.795 0 0 0 0 0 0 0 0 0 0.000144134 0 0.001081 0 0 0 0 3.45085 0.00347003 119.932 0.145205
28 0.825 0 0 0 0 0 0 0 0 0.0170772 0.00015134 0 0.001081 0 0 0 0 8.01498 0.00504732 83.5216 0.161644
29 0.855 0 0 0 0 0 0 0 0 0.0159224 0.000158547 0 0.001081 0 0 0 0 4.47549 0.00599369 77.7622 0.178082
30 0.885 0.000679046 1.44134e-05 0 0 0 0 0.0485231 1.44134e-05 0.0297136 0.000172961 0 0.001081 0 0 0 0 1.3931 0.00630915 96.7825 0.2
31 0.915 0 1.44134e-05 0 0 0 0 0.0454333 2.88268e-05 0 0.000172961 0 0.001081 0 0 0 0 0 0.00630915 50.9299 0.212329
32 0.945 0.00119126 4.32401e-05 0 0 0 0 0.106473 6.48602e-05 0.0260599 0.000187374 0 0.001081 0 0 0 0 0 0.00630915 63.6671 0.228767
33 0.975 0.00167796 8.64803e-05 0.00251823 7.20669e-06 0 0 0.0199972 7.20669e-05 0.0244818 0.000201787 0 0.001081 0 0 0 0 0 0.00630915 89.7064 0.253425
34 1.005 0.00157848 0.00012972 0 7.20669e-06 0 0 0 7.20669e-05 0.0115241 0.000208994 0 0.001081 0 0 0 0 0 0.00630915 60.9763 0.271233
35 1.035 0 0.00012972 0.00447338 2.16201e-05 0 0 0.0354857 8.64803e-05 0.010866 0.000216201 0 0.001081 0 0 0 0 0 0.00630915 57.4878 0.289041
36 1.065 0.000468933 0.000144134 0.00633683 4.32401e-05 0.0439587 1.44134e-05 0.0167604 9.36869e-05 0 0.000216201 0 0.001081 0 0 0 0 0 0.00630915 45.9484 0.30411
37 1.095 0 0.000144134 0.00599383 6.48602e-05 0.124704 5.76535e-05 0.0951428 0.000136927 0 0.000216201 0 0.001081 0 0 0 0 2.7288 0.00725552 39.5088 0.317808
38 1.125 0 0.000144134 0.00189305 7.20669e-05 0.196916 0.00012972 0.135208 0.000201787 0 0.000216201 0 0.001081 0 0 0 0 1.72378 0.00788644 44.9203 0.334247
39 1.155 0 0.000144134 0.00897387 0.0001081 0.112134 0.000172961 0.0712794 0.000237821 0 0.000216201 0 0.001081 0 0 0 0 2.45373 0.00883281 56.8216 0.356164
40 1.185 0 0.000144134 0.00341215 0.000122514 0.141956 0.000230614 0.108328 0.000295474 0 0.000216201 0 0.001081 0 0 0 0 3.88534 0.0104101 37.1107 0.371233
41 1.215 0 0.000144134 0.00811064 0.000158547 0.202619 0.000317094 0.07729 0.000338714 0 0.000216201 0 0.001081 0 0 0 0 2.21768 0.0113565 32.0954 0.384932
42 1.245 0 0.000144134 0.0247284 0.000273854 0.0643206 0.000345921 0.098122 0.000396368 0 0.000216201 0 0.001081 0 0 0 0 0.703799 0.0116719 18.3406 0.393151
43 1.275 0 0.000144134 0.0250482 0.000396368 0.0306667 0.000360334 0.0234032 0.000410781 0 0.000216201 0 0.001081 0 0 0 0 3.35539 0.0132492 34.974 0.409589
44 1.305 0 0.000144134 0.0393805 0.000598155 0 0.000360334 0.0223276 0.000425195 0 0.000216201 0 0.001081 0 0 0 0 5.12484 0.0157729 22.2559 0.420548
45 1.335 0 0.000144134 0.030912 0.000763909 0 0.000360334 0.0106705 0.000432401 0.00653133 0.000223407 0 0.001081 0 0 1.00058 0.000515464 6.12169 0.0189274 29.2343 0.435616
46 1.365 0 0.000144134 0.0321403 0.000944076 0 0.000360334 0 0.000432401 0.00624746 0.000230614 0.0271053 0.00108821 0 0 0.956716 0.00103093 2.9278 0.0205047 27.9729 0.450685
47 1.395 0 0.000144134 0.0529261 0.00125396 0 0.000360334 0 0.000432401 0.0478359 0.000288268 0 0.00108821 0 0 1.83218 0.00206186 0.560778 0.0208202 34.0874 0.469863
48 1.425 0 0.000144134 0.0507259 0.00156385 0 0.000360334 0 0.000432401 0.068771 0.000374748 0 0.00108821 0 0 2.63467 0.00360825 3.76098 0.0230284 16.3291 0.479452
49 1.455 0 0.000144134 0.0418641 0.0018305 0 0.000360334 0 0.000432401 0.0879453 0.000490055 0 0.00108821 0 0 5.05415 0.00670103 3.09279 0.0249211 11.1865 0.486301
50 1.485 0 0.000144134 0.0380174 0.00208273 0 0.000360334 0 0.000432401 0.0685962 0.000583742 0.0458435 0.00110262 0 0 10.5078 0.0134021 1.48357 0.0258675 19.3365 0.49863
51 1.515 0 0.000144134 0.0292209 0.00228452 0 0.000360334 0 0.000432401 0.12168 0.000756702 0 0.00110262 0 0 8.54555 0.0190722 2.85207 0.0277603 28.8918 0.517808
52 1.545 0 0.000144134 0.0391389 0.00256558 0 0.000360334 0.00796137 0.000439608 0.141379 0.000965696 0.0846628 0.00113145 0 0 23.151 0.0350515 5.028 0.0312303 41.6839 0.546575
53 1.575 0 0.000144134 0.0357259 0.00283223 0 0.000360334 0 0.000439608 0.272062 0.00138368 0 0.00113145 0 0 17.9665 0.0479381 6.59684 0.0359621 22.9212 0.563014
54 1.605 0 0.000144134 0.0399842 0.00314212 0 0.000360334 0.0147571 0.000454021 0.221373 0.00173681 0.0588607 0.00115307 0 0 14.5337 0.0587629 3.81182 0.0388013 25.7498 0.582192
55 1.635 0 0.000144134 0.0241915 0.0033367 0.00932655 0.000367541 0.0071151 0.000461228 0.256831 0.00216201 0 0.00115307 0.336037 0.00025974 15.3376 0.0706186 1.63211 0.0400631 19.4965 0.59726
56 1.665 0 0.000144134 0.0354226 0.00363217 0.0359716 0.000396368 0.0343008 0.000497261 0.302231 0.00268089 0 0.00115307 0.162075 0.00038961 15.4359 0.0829897 1.96802 0.0416404 20.5061 0.613699
57 1.695 0.000184875 0.000158547 0.020009 0.00380513 0.190862 0.000554915 0.0198618 0.000518882 0.255159 0.00313491 0 0.00115307 0.156315 0.000519481 21.7186 0.101031 2.27843 0.0435331 21.4385 0.631507
58 1.725 0 0.000158547 0.0273736 0.00405016 0.284787 0.000799942 0.00638885 0.000526088 0.222893 0.00354569 0 0.00115307 0 0.000519481 23.9659 0.121649 4.03349 0.0470032 15.9163 0.645205
59 1.755 0.000172733 0.000172961 0.0225561 0.00425915 0.71213 0.00143413 0.0185154 0.000547708 0.181361 0.00389161 0 0.00115307 0.291606 0.000779221 42.251 0.159278 4.95827 0.0514196 33.8408 0.675342
60 1.785 0 0.000172961 0.0278137 0.0045258 1.44715 0.00276737 0.0775681 0.000641395 0.157046 0.0042015 0 0.00115307 0.423044 0.00116883 32.4508 0.189175 3.7665 0.0548896 23.7922 0.69726
61 1.815 0 0.000172961 0.0298092 0.00482127 2.13371 0.00479965 0.0577343 0.000713462 0.151862 0.00451139 0 0.00115307 0.818077 0.00194805 48.7059 0.235567 4.6368 0.059306 20.1362 0.716438
62 1.845 0 0.000172961 0.0548889 0.0053834 2.38693 0.00714903 0.122891 0.000872009 0.136756 0.00479965 0 0.00115307 0.7917 0.00272727 48.7079 0.283505 8.01333 0.0671924 22.2692 0.738356
63 1.875 0 0.000172961 0.0763105 0.00619054 2.89274 0.0100894 0.108173 0.00101614 0.0794436 0.00497261 0 0.00115307 0.702635 0.00344156 38.0333 0.322165 4.96523 0.0722397 22.908 0.761644
64 1.905 0 0.000172961 0.141918 0.00773998 3.59204 0.0138585 0.0995539 0.00115307 0.109016 0.00521764 0 0.00115307 0.309373 0.00376623 43.2299 0.367526 4.80984 0.0772871 19.5831 0.782192
65 1.935 0.000141859 0.000187374 0.205994 0.0100605 4.19369 0.0183987 0.101572 0.0012972 0.0963427 0.00544105 0 0.00115307 0.539817 0.00435065 34.2778 0.404639 6.41049 0.0842271 24.0458 0.808219
66 1.965 0.000275194 0.000216201 0.266136 0.0131522 4.24752 0.0231407 0.137888 0.00149899 0.0693175 0.0056068 0 0.00115307 0.349108 0.00474026 29.0885 0.437113 3.67354 0.0883281 34.3502 0.846575
67 1.995 0.00120235 0.000345921 0.365325 0.0175267 3.96423 0.0277025 0.143334 0.00171519 0.190059 0.00607524 0 0.00115307 0.282146 0.00506494 19.2589 0.459278 3.28975 0.0921136 28.5689 0.879452
68 2.025 0.00298256 0.000677429 0.45446 0.0231335 3.40374 0.0317383 0.17621 0.00198905 0.184435 0.00654367 0 0.00115307 0.60237 0.00577922 16.5214 0.478866 2.12862 0.0946372 24.2613 0.908219
69 2.055 0.00491082 0.00123955 0.55134 0.0301384 2.70317 0.0350389 0.198071 0.00230614 0.372005 0.00751658 0 0.00115307 0.265889 0.0061039 13.0881 0.494845 2.58377 0.0977918 20.1961 0.932877
70 2.085 0.00954011 0.00236379 0.656794 0.0387287 2.08126 0.0376549 0.284306 0.00277457 0.730787 0.009484 0.0232564 0.00116748 0.258354 0.00642857 12.3023 0.510309 1.25508 0.0993691 11.9871 0.947945
71 2.115 0.0192575 0.00469876 0.853581 0.0502162 1.90002 0.0401124 0.616378 0.00381954 0.972953 0.0121793 0.0225962 0.0011819 0.250961 0.00675325 8.76752 0.521649 2.19512 0.102208 10.5922 0.961644
72 2.145 0.0397549 0.00965696 1.05788 0.0648602 1.31633 0.0418636 0.826554 0.00526088 1.18621 0.0155592 0.0329436 0.00120352 0.34167 0.00720779 5.81214 0.529381 2.84492 0.105994 3.08866 0.965753
73 2.175 0.081828 0.0201499 1.25474 0.0827184 1.09067 0.0433554 0.924519 0.00691842 1.4292 0.0197463 0.0213684 0.00121793 0.617135 0.00805195 1.88436 0.531959 2.07598 0.108833 8.0138 0.976712
74 2.205 0.165794 0.0420006 1.43811 0.103755 0.861312 0.0445662 1.10283 0.00895071 1.56527 0.0244595 0.0311768 0.00123955 0.461945 0.0087013 2.56687 0.535567 2.24382 0.111987 4.87315 0.983562
75 2.235 0.324661 0.0859614 1.62083 0.128113 0.723495 0.0456111 1.28284 0.0113794 1.61907 0.0294681 0.0303388 0.00126117 0.404787 0.00928571 1.07091 0.537113 2.83919 0.116088 3.79366 0.989041
76 2.265 0.624995 0.172874 1.78642 0.155686 0.69472 0.0466417 1.44919 0.0141972 1.68536 0.0348227 0.0886525 0.00132603 0.306354 0.00974026 1.04249 0.53866 2.12642 0.119243 2.77087 0.993151
77 2.295 1.06164 0.324445 1.83325 0.184736 0.530042 0.0474488 1.49097 0.0171735 1.90451 0.0410349 0.143907 0.00143413 0.341122 0.0102597 1.01544 0.540206 2.07136 0.122397 2.69985 0.99726
78 2.325 1.65983 0.567656 1.96924 0.216763 0.456503 0.0481623 1.47744 0.0202003 2.08166 0.0480037 0.121547 0.00152782 0.332381 0.0107792 1.31948 0.542268 1.00942 0.123975 11.3934 1.01507
79 2.355 2.2968 0.912943 2.00063 0.250144 0.426917 0.0488469 1.80342 0.0239911 2.22619 0.05565 0.200438 0.00168636 0.364482 0.0113636 3.21414 0.547423 3.54079 0.129653 8.54207 1.02877
80 2.385 2.89374 1.35912 1.99101 0.284217 0.319863 0.049373 1.93215 0.0281565 2.24013 0.0635414 0.257646 0.00189536 0.315895 0.0118831 2.50665 0.551546 3.45237 0.135331 8.32815 1.04247
81 2.415 3.38309 1.89396 1.89465 0.317462 0.243608 0.0497838 2.02137 0.0326247 2.15486 0.0713246 0.441818 0.0022629 0.192439 0.0122078 1.22302 0.553608 3.18025 0.140694 6.49841 1.05342
82 2.445 3.69657 2.49297 1.77588 0.349402 0.229305 0.0501802 2.14708 0.0374892 1.98557 0.0786754 0.57483 0.00275295 0.187833 0.0125325 1.49157 0.556186 3.10318 0.146057 8.71717 1.06849
83 2.475 3.89752 3.14013 1.64394 0.379699 0.203438 0.0505405 2.46779 0.0432185 1.78764 0.0854569 0.725937 0.00338714 0.0366233 0.0125974 2.61934 0.560825 1.95918 0.149527 8.50948 1.08356
84 2.505 3.92244 3.80731 1.52045 0.408403 0.206561 0.0509152 2.44545 0.0490343 1.82111 0.0925339 0.861697 0.00415826 0.0716107 0.0127273 0.568263 0.561856 2.26028 0.153628 7.54948 1.09726
85 2.535 3.82741 4.47401 1.41758 0.43581 0.193938 0.0512756 2.18364 0.0543528 1.70399 0.0993154 0.78639 0.00487893 0.0349102 0.0127922 1.66453 0.564948 1.528 0.156467 2.94947 1.10274
86 2.565 3.69258 5.13255 1.33217 0.462179 0.238676 0.0517296 1.87864 0.0590372 1.72628 0.106349 0.983122 0.00580138 0.0341441 0.0128571 0.813058 0.566495 2.81951 0.16183 2.16025 1.10685
87 2.595 3.49857 5.77116 1.28627 0.488239 0.170279 0.0520611 1.81567 0.0636711 1.56215 0.112864 0.772932 0.00654367 0.066717 0.012987 0.264595 0.56701 3.24019 0.168139 2.81492 1.11233
88 2.625 3.27274 6.38244 1.22991 0.513736 0.159161 0.0523782 1.53708 0.0676852 1.47431 0.119155 0.784617 0.00731479 0 0.012987 0.517451 0.568041 3.00821 0.174132 3.43764 1.11918
89 2.655 3.08968 6.9728 1.06942 0.536415 0.23336 0.0528538 1.40003 0.0714255 1.49236 0.12567 0.795713 0.00811473 0 0.012987 0.252976 0.568557 2.32168 0.178864 6.04963 1.13151
90 2.685 2.83397 7.52661 0.949272 0.557005 0.252379 0.0533799 1.17374 0.0746325 1.38174 0.131839 0.792067 0.00892909 0 0.012987 0.49472 0.569588 2.27033 0.183596 6.57227 1.14521
91 2.715 2.5754 8.04119 0.80787 0.574921 0.260368 0.0539349 1.14792 0.0778394 1.39086 0.138188 0.822643 0.00979389 0 0.012987 1.45143 0.57268 3.70022 0.191483 4.49844 1.15479
92 2.745 2.3411 8.51936 0.692385 0.590617 0.310956 0.0546123 0.860497 0.0802969 1.31115 0.144307 0.838344 0.0106947 0.059576 0.0131169 1.65587 0.576289 2.89617 0.197792 3.14401 1.16164
93 2.775 2.11054 8.9599 0.54655 0.603279 0.245983 0.05516 0.871665 0.0828409 1.25725 0.150303 0.80057 0.0115739 0.0583476 0.0132468 3.24182 0.583505 1.98338 0.202208 4.92126 1.1726
94 2.805 1.84019 9.35236 0.508118 0.615307 0.29462 0.0558302 0.833749 0.0853272 1.09745 0.15565 0.712882 0.0123739 0.114198 0.0135065 2.71846 0.589691 2.21879 0.207256 2.40741 1.17808
95 2.835 1.61765 9.70479 0.455694 0.626326 0.285328 0.0564932 0.693175 0.0874387 1.0367 0.16081 0.729317 0.0132099 0.139685 0.0138312 3.10504 0.596907 1.76437 0.211356 3.53734 1.1863
96 2.865 1.40846 10.0182 0.383748 0.635803 0.334033 0.057286 0.657889 0.0894854 0.825133 0.165004 0.769539 0.0141107 0.136817 0.0141558 3.69287 0.60567 1.99433 0.216088 1.73141 1.19041
97 2.895 1.20367 10.2916 0.320961 0.643896 0.362809 0.0581652 0.544513 0.091215 0.798389 0.169148 0.807966 0.0150764 0.214374 0.0146753 3.82922 0.614948 1.56193 0.219874 1.6964 1.19452
98 2.925 1.00976 10.5258 0.303498 0.651708 0.445736 0.0592678 0.591177 0.093132 0.720887 0.172968 0.821038 0.0160781 0.21006 0.0151948 3.75067 0.624227 1.0201 0.222397 1.66053 1.19863
99 2.955 0.875309 10.733 0.267467 0.658735 0.508099 0.0605506 0.522643 0.0948616 0.629029 0.176369 0.671295 0.0169141 0.205758 0.0157143 2.24534 0.629897 2.62367 0.229022 2.17036 1.20411
100 2.985 0.751807 10.9145 0.238722 0.665134 0.553889 0.0619775 0.456689 0.0964039 0.633414 0.179865 0.578436 0.0176492 0.226866 0.0162987 2.20117 0.635567 1.59143 0.233123 1.5956 1.20822
101 3.015 0.637487 11.0716 0.232942 0.671505 0.504527 0.0633035 0.575255 0.0983857 0.595252 0.183216 0.600427 0.0184275 0.420066 0.0174026 1.96122 0.640722 0.720156 0.235016 1.56355 1.21233
102 3.045 0.558575 11.212 0.206676 0.67727 0.594109 0.0648962 0.600882 0.100497 0.602434 0.186675 0.604948 0.0192274 0.242159 0.0180519 3.65301 0.650515 2.00034 0.240379 0.511131 1.2137
103 3.075 0.48806 11.3371 0.197092 0.682877 0.658988 0.0666979 0.601282 0.102652 0.525522 0.189752 0.587853 0.0200202 0.213777 0.0186364 4.14776 0.661856 1.15411 0.243533 2.00456 1.21918
104 3.105 0.423134 11.4477 0.199262 0.688657 0.602343 0.0683771 0.615367 0.104901 0.5142 0.192822 0.550339 0.0207769 0.349352 0.0196104 4.80799 0.675258 1.92379 0.248896 0.491496 1.22055
105 3.135 0.373954 11.5473 0.185478 0.694141 0.687295 0.0703301 0.530126 0.106875 0.486628 0.195784 0.524468 0.021512 0.228522 0.0202597 3.26526 0.684536 2.10946 0.25489 0.964465 1.22329
106 3.165 0.328311 11.6365 0.187244 0.699784 0.758878 0.0725281 0.518212 0.108843 0.565718 0.199294 0.504467 0.0222326 0.403549 0.0214286 3.55961 0.694845 3.59394 0.2653 0.946337 1.22603
107 3.195 0.295242 11.7181 0.200635 0.705946 0.783816 0.0748415 0.517843 0.110846 0.531231 0.202652 0.475243 0.0229245 0.28606 0.0222727 2.09564 0.701031 4.06158 0.277287 0.928491 1.22877
108 3.225 0.264624 11.7928 0.193229 0.711992 0.889114 0.0775151 0.42598 0.112525 0.600832 0.206522 0.374104 0.0234794 0.323867 0.0232468 2.3997 0.708247 4.93075 0.292114 0.455493 1.23014
109 3.255 0.243508 11.8627 0.20777 0.718615 0.879861 0.0802104 0.441504 0.114298 0.554673 0.210161 0.338614 0.0239911 0.296675 0.0241558 2.18745 0.714948 5.8694 0.310095 0.447322 1.23151
110 3.285 0.220359 11.9271 0.218871 0.725721 1.03472 0.083439 0.419377 0.116013 0.576912 0.214017 0.332473 0.0245027 0.332962 0.0251948 2.80863 0.723711 5.25741 0.326498 3.95053 1.24384
111 3.315 0.211886 11.9903 0.216233 0.73287 0.98216 0.0865595 0.451609 0.117894 0.564412 0.217858 0.340272 0.025036 0.551745 0.0269481 1.13554 0.72732 3.67357 0.33817 4.31136 1.25753
112 3.345 0.198123 12.0503 0.234847 0.740775 1.04475 0.0899395 0.441841 0.119768 0.618833 0.222146 0.352236 0.0255982 0.642383 0.029026 2.38986 0.735052 6.14314 0.358044 5.50461 1.27534
113 3.375 0.193402 12.1101 0.252988 0.749445 1.13787 0.0936869 0.467432 0.121786 0.59968 0.226376 0.328307 0.0261314 0.63094 0.0311039 3.12973 0.745361 5.84239 0.377287 5.82348 1.29452
114 3.405 0.186617 12.1687 0.297929 0.759837 1.14797 0.0975353 0.469062 0.123847 0.571105 0.230477 0.418408 0.0268233 0.697292 0.0334416 3.22955 0.756186 6.30546 0.398423 6.94702 1.31781
115 3.435 0.187428 12.2287 0.310204 0.770849 1.09846 0.101283 0.541452 0.126268 0.574982 0.234679 0.398326 0.0274935 0.799312 0.0361688 1.96381 0.762887 6.10288 0.419243 5.2188 1.33562
116 3.465 0.194515 12.292 0.346555 0.783367 1.09408 0.105081 0.633515 0.129151 0.612553 0.239233 0.441941 0.0282502 0.91659 0.0393506 4.00922 0.776804 5.63418 0.438801 4.73508 1.35205
117 3.495 0.206167 12.3602 0.360044 0.796598 1.22021 0.10939 0.572882 0.131803 0.556367 0.243442 0.393018 0.0289349 0.900924 0.0425325 2.62699 0.786082 6.60928 0.462145 5.81804 1.3726
118 3.525 0.216019 12.433 0.384594 0.810976 1.14944 0.11352 0.670257 0.13496 0.616228 0.248184 0.463644 0.0297564 0.994159 0.0461039 2.29601 0.79433 6.23465 0.484543 3.4323 1.38493
119 3.555 0.232881 12.5128 0.412814 0.826672 1.26415 0.118139 0.565742 0.137669 0.615091 0.252998 0.399842 0.0304771 1.11952 0.0501948 1.83359 0.801031 6.30276 0.507571 2.62462 1.39452
120 3.585 0.254731 12.6015 0.431846 0.84337 1.12871 0.122334 0.59628 0.140574 0.628376 0.257999 0.444303 0.0312914 1.10105 0.0542857 1.80325 0.807732 5.9423 0.529653 0.737455 1.39726
121 3.615 0.281284 12.7011 0.460082 0.861459 1.15586 0.126701 0.637289 0.14373 0.674966 0.263462 0.433045 0.0320986 1.01407 0.0581169 2.31988 0.816495 6.01098 0.552366 2.17544 1.40548
122 3.645 0.310651 12.813 0.477419 0.880542 1.06557 0.130794 0.645449 0.14698 0.704224 0.269256 0.448822 0.032949 1.18312 0.0626623 2.14692 0.824742 4.68107 0.570347 3.56526 1.41918
123 3.675 0.340995 12.9378 0.504781 0.901052 1.01876 0.134772 0.71099 0.15062 0.724641 0.275317 0.340517 0.0336048 1.46329 0.0683766 2.3762 0.834021 5.89739 0.593375 1.40363 1.42466
124 3.705 0.386898 13.0818 0.502394 0.9218 1.03134 0.138866 0.766045 0.154605 0.82572 0.282336 0.419668 0.0344263 1.58695 0.0746753 2.59739 0.84433 5.96105 0.617035 1.03585 1.42877
125 3.735 0.431331 13.2449 0.523372 0.943766 1.04704 0.143089 0.804212 0.158857 0.839167 0.289586 0.449195 0.03532 1.30408 0.0799351 2.30042 0.853608 5.2398 0.63817 2.03781 1.43699
126 3.765 0.477857 13.4285 0.542272 0.966892 1.004 0.147204 0.847764 0.163412 0.825055 0.296829 0.413522 0.036156 1.6952 0.0868831 2.01203 0.861856 4.84873 0.658044 5.01286 1.45753
127 3.795 0.532432 13.6364 0.568996 0.991547 0.896479 0.150937 0.85819 0.168096 0.850001 0.30441 0.557855 0.0373018 1.63742 0.0937013 1.23798 0.86701 5.30286 0.680126 5.922 1.48219
128 3.825 0.591719 13.871 0.603158 1.0181 0.977927 0.155074 0.894184 0.173054 0.874106 0.312331 0.538803 0.0384261 1.5965 0.100455 1.21828 0.872165 4.7727 0.700315 4.85808 1.50274
129 3.855 0.676649 14.1436 0.634581 1.04647 0.976132 0.159268 0.832986 0.177746 0.866058 0.320301 0.584842 0.0396656 1.99482 0.109026 1.5595 0.878866 4.69853 0.720505 4.78251 1.52329
130 3.885 0.738418 14.4457 0.671967 1.07698 0.848812 0.162972 0.948657 0.183172 0.890525 0.328625 0.649524 0.0410637 1.42842 0.11526 2.59867 0.890206 5.78306 0.745741 3.76714 1.53973
131 3.915 0.841706 14.7954 0.69687 1.10912 0.967585 0.16726 0.889519 0.18834 0.920981 0.337367 0.626435 0.042433 1.71432 0.122857 1.86109 0.898454 5.55212 0.770347 3.08957 1.55342
132 3.945 0.931214 15.1883 0.734337 1.1435 0.930514 0.171447 0.939575 0.193882 0.92943 0.346325 0.607208 0.0437806 1.70283 0.130519 1.94743 0.907216 4.55723 0.790852 2.13053 1.56301
133 3.975 1.03735 15.6325 0.750422 1.17917 0.971715 0.175886 0.955539 0.199604 0.919146 0.355319 0.687616 0.0453301 1.93309 0.139351 2.59535 0.919072 4.4884 0.811356 3.59819 1.57945
134 4.005 1.14353 16.1297 0.773879 1.21652 0.988282 0.18047 0.915177 0.205167 0.999726 0.365249 0.671044 0.0468651 1.68016 0.147143 2.66779 0.931443 2.92454 0.824921 1.47661 1.5863
135 4.035 1.22103 16.6686 0.78448 1.25494 1.11297 0.185709 0.99273 0.211293 1.00349 0.375368 0.608352 0.0482776 1.79326 0.155584 2.0803 0.941237 4.35614 0.845426 0.873058 1.59041
136 4.065 1.32671 17.2629 0.823386 1.29588 0.965391 0.190321 0.98271 0.217447 0.970436 0.385298 0.694168 0.0499135 1.94355 0.16487 3.02071 0.95567 4.02798 0.864669 0.573509 1.59315
137 4.095 1.40169 17.9 0.810228 1.33675 1.02113 0.195272 0.958189 0.223537 1.03887 0.396087 0.626798 0.0514125 1.87515 0.173961 2.23241 0.966495 3.12269 0.879811 1.41302 1.6
138 4.125 1.46396 18.5752 0.857604 1.38066 1.14841 0.200922 1.02029 0.230117 0.984143 0.406457 0.686021 0.0530773 1.74227 0.182532 2.09554 0.976804 2.69302 0.89306 1.11357 1.60548
139 4.155 1.51543 19.2844 0.850121 1.42481 1.01209 0.205974 1.05847 0.237042 1.03198 0.417491 0.720088 0.0548501 2.02934 0.192662 2.37508 0.98866 3.47613 0.91041 0.274586 1.60685
140 4.185 1.55705 20.0236 0.835942 1.46886 1.09726 0.211531 1.00101 0.243687 1.04515 0.428827 0.807896 0.056868 1.82092 0.201883 2.44309 1.00103 2.17985 0.921451 1.62294 1.61507
141 4.215 1.57855 20.7838 0.812075 1.51227 1.10973 0.217231 0.984679 0.250317 0.980549 0.439615 0.748059 0.0587633 1.70647 0.210649 2.30822 1.01289 3.00904 0.936909 2.93377 1.63014
142 4.245 1.5762 21.5537 0.804621 1.55589 1.10238 0.222975 1.05416 0.257517 1.00548 0.450836 0.74876 0.0606875 1.74473 0.21974 2.96806 1.02835 2.543 0.950158 3.15406 1.64658
143 4.275 1.59016 22.3414 0.815008 1.6007 1.20974 0.229367 1.04044 0.264723 0.979319 0.46192 0.79911 0.0627703 1.91706 0.22987 1.46324 1.03608 2.38794 0.962776 4.92554 1.6726
144 4.305 1.56477 23.1275 0.792044 1.64486 1.0786 0.235147 0.995223 0.271714 0.924264 0.472528 0.755289 0.0647665 1.39363 0.237338 3.55898 1.05515 2.11929 0.974132 4.09092 1.69452
145 4.335 1.54007 23.912 0.796674 1.6899 1.134 0.241309 0.95723 0.278531 0.956739 0.483662 0.734068 0.0667339 1.74474 0.246818 1.70764 1.06443 1.97414 0.984858 2.269 1.70685
146 4.365 1.49514 24.6842 0.786767 1.735 1.04263 0.247052 0.989999 0.28568 0.963776 0.495035 0.777083 0.0688455 1.79158 0.256688 1.77789 1.07423 1.9467 0.995584 1.98962 1.71781
147 4.395 1.47651 25.4572 0.779162 1.78028 1.13168 0.253373 0.997209 0.292981 0.968739 0.506623 0.708953 0.0707985 1.63946 0.265844 2.67634 1.08918 1.46857 1.00379 3.43404 1.73699
148 4.425 1.43157 26.2171 0.78564 1.82656 1.05659 0.259354 0.940037 0.299957 0.974072 0.518435 0.732936 0.0728452 1.57143 0.27474 2.1851 1.10155 2.28438 1.01672 1.69342 1.74658
149 4.455 1.36944 26.9538 0.755911 1.8717 1.00718 0.265134 0.963832 0.307207 0.95397 0.53016 0.75367 0.0749784 1.72004 0.28461 1.07819 1.10773 2.03387 1.02839 2.38695 1.76027
150 4.485 1.34147 27.6852 0.771309 1.91838 0.939279 0.270597 0.950037 0.314449 0.981167 0.542383 0.693389 0.0769674 1.5743 0.293766 2.2156 1.12062 1.84428 1.03912 1.1777 1.76712
151 4.515 1.31134 28.4098 0.763561 1.96521 0.942671 0.276153 0.845111 0.320979 0.98813 0.554857 0.72882 0.0790862 1.56438 0.302987 1.31195 1.12835 2.35496 1.053 1.39465 1.77534
152 4.545 1.27849 29.1257 0.754784 2.01211 0.896539 0.281508 0.897522 0.328005 0.946986 0.566972 0.755878 0.0813131 1.58727 0.312468 0.862887 1.13351 1.53182 1.06215 0.68816 1.77945
153 4.575 1.25433 29.8373 0.763118 2.06017 0.863368 0.286732 0.913919 0.335255 0.921831 0.57892 0.758079 0.083576 1.59882 0.322143 1.61836 1.1433 2.03258 1.07445 1.132 1.7863
154 4.605 1.23523 30.5474 0.756368 2.10842 0.890941 0.292195 0.833036 0.34195 0.936735 0.591222 0.648154 0.0855362 1.50393 0.331364 1.84945 1.15464 2.05825 1.08707 1.34103 1.79452
155 4.635 1.2311 31.2643 0.756087 2.15729 0.792416 0.297117 0.885982 0.349164 0.945767 0.603805 0.698597 0.0876766 1.73531 0.342143 1.65981 1.16495 1.67588 1.09748 0.441215 1.79726
156 4.665 1.23421 31.9923 0.770943 2.20777 0.79028 0.30209 0.911333 0.356681 0.912246 0.6161 0.682706 0.0897953 1.43451 0.351169 1.06489 1.17165 1.905 1.10946 1.30571 1.80548
157 4.695 1.23347 32.7293 0.76438 2.25846 0.715758 0.306652 0.882492 0.364053 0.896921 0.628344 0.614375 0.0917267 1.27361 0.359286 2.18406 1.18557 1.1386 1.11672 1.71904 1.81644
158 4.725 1.23507 33.4767 0.775943 2.31058 0.696693 0.311149 0.886627 0.371555 0.928853 0.641186 0.665474 0.0938455 1.37808 0.368182 1.67693 1.19639 1.31968 1.12524 0.636691 1.82055
159 4.755 1.24622 34.2405 0.788862 2.36424 0.733074 0.315941 0.911619 0.379367 0.862081 0.653257 0.699576 0.0961012 1.34101 0.376948 1.8136 1.20825 1.10984 1.13249 0.628828 1.82466
160 4.785 1.24909 35.0157 0.765508 2.41697 0.640098 0.320179 0.907718 0.387244 0.961595 0.666892 0.717277 0.0984434 1.30459 0.385584 1.63508 1.21907 1.62028 1.14322 1.65556 1.83562
161 4.815 1.26745 35.8123 0.76147 2.47009 0.634289 0.324431 0.899735 0.39515 0.912518 0.679994 0.656054 0.100613 1.38531 0.39487 1.53809 1.22938 1.5058 1.15331 1.22595 1.84384
162 4.845 1.25531 36.611 0.760948 2.52383 0.607339 0.328553 0.930745 0.40343 0.925561 0.693449 0.65229 0.102796 1.4256 0.404545 1.29125 1.23814 1.81268 1.16562 0.403778 1.84658
163 4.875 1.26763 37.4276 0.751707 2.57757 0.597809 0.332661 0.860921 0.411185 0.877455 0.706364 0.695309 0.105153 1.39846 0.414156 1.57493 1.24897 1.42316 1.17539 0.797304 1.85205
164 4.905 1.27173 38.257 0.753995 2.63215 0.596733 0.336812 0.864645 0.419069 0.939804 0.720366 0.688902 0.107517 1.4283 0.424091 0.81506 1.25464 1.3152 1.18454 0.590922 1.85616
165 4.935 1.26313 39.0908 0.758924 2.68776 0.551636 0.340696 0.890089 0.427285 0.928414 0.734369 0.663965 0.109823 1.34635 0.433571 1.24443 1.2634 2.24003 1.20032 0.9725 1.86301
166 4.965 1.27015 39.9395 0.753957 2.74367 0.621819 0.345128 0.869332 0.435406 0.947896 0.74884 0.645728 0.112093 1.40295 0.443571 2.0971 1.27835 1.7703 1.21293 0.384457 1.86575
167 4.995 1.25865 40.7908 0.73542 2.79888 0.58641 0.349359 0.848228 0.443428 0.87965 0.762432 0.646075 0.114392 1.26923 0.452727 1.57224 1.28969 1.92409 1.22681 1.51912 1.87671
168 5.025 1.24072 41.64 0.739474 2.85505 0.614993 0.353848 0.871288 0.451766 0.880697 0.776204 0.680448 0.116842 1.57433 0.464221 1.34126 1.29948 2.20345 1.2429 0.93829 1.88356
169 5.055 1.21865 42.4841 0.72435 2.91074 0.61649 0.358403 0.821513 0.459722 0.86573 0.789903 0.664472 0.119263 1.63469 0.476299 2.30227 1.31649 2.0494 1.25804 1.48283 1.89452
170 5.085 1.18889 43.3173 0.721572 2.96687 0.645877 0.363231 0.822893 0.467786 0.838453 0.803329 0.654674 0.121678 1.50264 0.487532 1.86196 1.33041 1.56115 1.26972 2.19912 1.91096
171 5.115 1.17193 44.1485 0.688955 3.0211 0.664945 0.368262 0.814745 0.475865 0.785936 0.816064 0.618084 0.123984 1.51073 0.498961 1.3625 1.34072 1.29296 1.2795 1.9921 1.92603
172 5.145 1.12832 44.9581 0.696696 3.07659 0.691128 0.373551 0.787313 0.483763 0.796133 0.829115 0.715876 0.126686 1.49315 0.51039 2.69387 1.36134 1.77217 1.29306 1.43178 1.93699
173 5.175 1.10288 45.7587 0.660293 3.12979 0.760389 0.379439 0.692284 0.49079 0.784758 0.84213 0.617039 0.129043 1.53469 0.522273 2.52972 1.38093 2.11838 1.30946 1.23843 1.94658
174 5.205 1.06589 46.5414 0.637226 3.18172 0.770988 0.385479 0.713794 0.498119 0.813977 0.855787 0.647248 0.131544 1.6497 0.535195 2.10571 1.39742 2.05407 1.32555 1.574 1.9589
175 5.235 1.01975 47.2989 0.626891 3.23341 0.813097 0.391921 0.72506 0.50565 0.790224 0.869199 0.623235 0.13398 1.44233 0.546623 1.88661 1.41237 1.75171 1.33943 1.90203 1.97397
176 5.265 0.981712 48.0366 0.603341 3.28373 0.837138 0.398631 0.685267 0.51285 0.777897 0.882553 0.530484 0.136077 1.62035 0.55961 1.41498 1.42371 2.44019 1.35899 3.07638 1.99863
177 5.295 0.938961 48.7502 0.593958 3.33383 0.89879 0.405917 0.678208 0.520056 0.81766 0.89675 0.551512 0.138282 1.56998 0.572338 2.22571 1.44175 2.45159 1.37886 3.21084 2.02466
178 5.325 0.886615 49.4316 0.569293 3.38239 0.952867 0.413729 0.674629 0.527306 0.760064 0.910097 0.572033 0.140595 1.48105 0.584481 1.13174 1.45103 2.30851 1.39779 3.67583 2.05479
179 5.355 0.853346 50.0949 0.572705 3.4318 0.958712 0.421678 0.671713 0.534607 0.777128 0.923897 0.546298 0.142829 1.73089 0.598831 1.11884 1.46031 2.3208 1.41703 2.64327 2.07671
180 5.385 0.815902 50.7363 0.544531 3.47931 0.973858 0.429843 0.632126 0.541554 0.750834 0.937381 0.564641 0.145164 1.40948 0.610649 1.29111 1.47113 2.37041 1.43691 2.28726 2.09589
181 5.415 0.776512 51.3534 0.539085 3.52687 1.03876 0.438649 0.678333 0.549092 0.79054 0.951737 0.551505 0.14747 1.83061 0.626169 1.33743 1.48247 2.04658 1.45426 3.55506 2.12603
182 5.445 0.728232 51.9387 0.522496 3.57347 1.01809 0.447377 0.690089 0.556846 0.756736 0.965631 0.606772 0.150036 1.86336 0.642143 2.04447 1.5 1.72963 1.46909 2.55648 2.14795
183 5.475 0.697161 52.5051 0.518308 3.62021 1.10923 0.45699 0.687647 0.564658 0.764794 0.979828 0.539453 0.152342 2.08288 0.660195 1.30834 1.51134 1.60147 1.48297 2.37074 2.16849
184 5.505 0.665158 53.0515 0.499395 3.66575 1.09061 0.466547 0.666369 0.572312 0.767226 0.994227 0.508585 0.15454 1.76382 0.675649 2.11774 1.5299 1.76412 1.49842 2.97042 2.19452
185 5.535 0.626672 53.572 0.511665 3.71291 1.07881 0.476103 0.665992 0.580045 0.75286 1.00851 0.537704 0.15689 1.78137 0.691429 1.74602 1.54536 1.53134 1.51199 2.16554 2.2137
186 5.565 0.600173 54.0758 0.496574 3.75917 1.06318 0.485623 0.61522 0.587266 0.763181 1.02315 0.52542 0.15921 1.91453 0.708571 1.61192 1.55979 2.00813 1.52997 3.51795 2.24521
187 5.595 0.581422 54.5691 0.500143 3.80628 1.13223 0.495871 0.661492 0.595114 0.781768 1.0383 0.577909 0.16179 1.851 0.725325 1.93616 1.57732 1.67303 1.54511 2.42085 2.26712
188 5.625 0.563726 55.0526 0.492697 3.85318 1.14383 0.506335 0.637036 0.602753 0.782286 1.05363 0.512662 0.164103 1.77466 0.741558 2.25376 1.59794 2.06895 1.56404 2.84535 2.29315
189 5.655 0.555832 55.5344 0.494754 3.90078 1.13171 0.516799 0.620783 0.610277 0.842409 1.07032 0.512 0.166438 2.00148 0.760065 2.50905 1.62113 1.67184 1.5795 3.11134 2.32192
190 5.685 0.548513 56.0149 0.501475 3.94954 1.17303 0.52776 0.604238 0.617678 0.809417 1.08652 0.476883 0.168636 1.78589 0.776753 1.43411 1.63454 1.48549 1.59338 3.95795 2.3589
191 5.715 0.542216 56.495 0.498203 3.99849 1.16608 0.538772 0.638082 0.625577 0.857943 1.10387 0.467259 0.170813 1.9735 0.79539 1.85576 1.65206 1.77059 1.61009 3.48166 2.39178
192 5.745 0.540486 56.9785 0.50144 4.04828 1.14866 0.549733 0.610688 0.633216 0.920596 1.12269 0.445523 0.17291 2.1093 0.815519 2.48485 1.67577 1.42133 1.62366 3.73248 2.4274
193 5.775 0.554846 57.4801 0.493438 4.09779 1.22792 0.561574 0.598662 0.640783 1.01296 1.14361 0.416705 0.174892 2.48495 0.839481 2.88667 1.70361 1.60287 1.63912 4.54621 2.47123
194 5.805 0.5632 57.9946 0.499302 4.14841 1.20642 0.573328 0.645546 0.649027 1.0902 1.16636 0.406391 0.176845 2.81244 0.866883 3.06848 1.73351 1.65124 1.65521 3.51499 2.50548
195 5.835 0.579243 58.5291 0.494383 4.19906 1.21963 0.585334 0.665153 0.65761 1.14773 1.19056 0.390348 0.17874 2.69132 0.893377 2.40876 1.75722 1.6663 1.67161 2.78322 2.53288
196 5.865 0.593969 59.0829 0.510583 4.2519 1.14996 0.596771 0.631282 0.66584 0.978697 1.21141 0.423105 0.180816 2.57904 0.919026 1.45115 1.77165 1.83961 1.68991 0.826195 2.5411
197 5.895 0.642518 59.6882 0.551234 4.30953 1.16981 0.608526 0.630343 0.674142 0.730341 1.22713 0.449337 0.183043 2.41702 0.943312 0.513061 1.7768 1.53829 1.70536 1.36342 2.55479
198 5.925 0.738451 60.3909 0.688278 4.38222 1.16868 0.620388 0.76048 0.684261 0.730924 1.24302 0.724044 0.186668 2.27113 0.966364 0.913872 1.78608 1.83366 1.72397 2.69947 2.58219
199 5.955 0.822167 61.1812 0.854356 4.47337 1.16677 0.632351 1.24615 0.701009 0.829243 1.26123 1.16991 0.192584 1.56429 0.982403 2.41324 1.81082 1.87676 1.74322 4.94322 2.63288
200 5.985 0.882078 62.0376 0.927793 4.57336 1.16065 0.644372 1.52885 0.721764 0.894364 1.28107 1.38817 0.199676 1.61751 0.999156 2.6876 1.83866 1.61426 1.75994 3.83558 2.6726
780000 200
1 0.015 0 0 0 0 0 0 0 0 0 0 0 0 0 0 0 0 0 0 0 0
2 0.045 0 0 0 0 0 0 0 0 0 0 0 0 0 0 0 0 0 0 0 0
3 0.075 0 0 0 0 0 0 0 0 0 0 0 0 0 0 0 0 0 0 0 0
4 0.105 0 0 0 0 0 0 0 0 0 0 0 0 0 0 0 0 0 0 0 0
5 0.135 0 0 0 0 0 0 0 0 0 0 0 0 0 0 0 0 0 0 0 0
6 0.165 0 0 0 0 0 0 0 0 0 0 0 0 0 0 0 0 0 0 0 0
7 0.195 0 0 0 0 0 0 0 0 0 0 0 0 0 0 0 0 0 0 0 0
8 0.225 0 0 0 0 0 0 0 0 0 0 0 0 0 0 0 0 0 0 0 0
9 0.255 0 0 0 0 0 0 0 0 0 0 0 0 0 0 0 0 0 0 0 0
10 0.285 0 0 0 0 0 0 0 0 0 0 2.48631 2.88268e-05 0 0 0 0 0 0 0 0
11 0.315 0 0 0 0 0 0 0 0 0 0 2.03611 5.76535e-05 0 0 0 0 0 0 0 0
12 0.345 0 0 0 0 0 0 0 0 0 0 2.97044 0.0001081 0 0 0 0 0 0 0 0
13 0.375 0 0 0 0 0 0 0 0 0 0 6.46429 0.000237821 0 0 0 0 0 0 0 0
14 0.405 0 0 0 0 0 0 0 0 0 0 4.31058 0.000338714 0 0 0 0 0 0 0 0
15 0.435 0 0 0 0 0 0 0 0 0.0614688 7.20669e-06 4.00387 0.000446815 0 0 0 0 0 0 0 0
16 0.465 0 0 0 0 0 0 0 0 0.0537995 1.44134e-05 1.8687 0.000504468 0 0 0 0 0 0 21.9026 0.00136986
17 0.495 0 0 0 0 0 0 0 0 0.142427 3.60334e-05 2.26748 0.000583742 0 0 0 0 0 0 0 0.00136986
18 0.525 0 0 0 0 0 0 0 0 0.211039 7.20669e-05 2.74977 0.000691842 0 0 0 0 0 0 51.5743 0.00547945
19 0.555 0 0 0 0 0 0 0 0 0 7.20669e-05 1.64021 0.000763909 0 0 0 0 0 0 76.8725 0.0123288
20 0.585 0 0 0 0 0 0 0 0 0 7.20669e-05 1.91916 0.000857596 0 0 0 0 0 0 55.3741 0.0178082
21 0.615 0 0 0 0 0 0 0 0 0 7.20669e-05 1.20214 0.000922456 0 0 0 0 0 0 175.324 0.0369863
22 0.645 0 0 0 0 0 0 0 0 0 7.20669e-05 0.607039 0.000958489 0 0 0 0 0 0 136.631 0.0534247
23 0.675 0 0 0 0 0 0 0 0 0 7.20669e-05 1.10892 0.00103056 0 0 0 0 2.39403 0.000315457 135.145 0.0712329
24 0.705 0 0 0 0 0 0 0 0 0.070232 9.36869e-05 0.508242 0.00106659 0 0 0 0 0 0.000315457 104.83 0.0863014
25 0.735 0 0 0 0 0 0 0 0 0.0646235 0.000115307 0.0935241 0.0010738 0 0 0 0 4.03704 0.000946372 166.598 0.112329
26 0.765 0 0 0 0 0 0 0 0 0.0397621 0.00012972 0 0.0010738 0 0 0 0 7.45692 0.0022082 137.601 0.135616
27 0.795 0 0 0 0 0 0 0 0 0.0183964 0.000136927 0.0799416 0.001081 0 0 0 0 6.90518 0.00347003 44.9756 0.143836
28 0.825 0 0 0 0 0 0 0 0 0 0.000136927 0 0.001081 0 0 0 0 4.80698 0.0044164 104.409 0.164384
29 0.855 0 0 0 0 0 0 0 0 0.0477536 0.000158547 0 0.001081 0 0 0 0 4.47676 0.00536278 77.7574 0.180822
30 0.885 0 0 0 0 0 0 0.0242708 7.20669e-06 0 0.000158547 0 0.001081 0 0 0 0 4.17913 0.00630915 54.4425 0.193151
31 0.915 0 0 0 0 0 0 0.113568 4.32401e-05 0 0.000158547 0 0.001081 0 0 0 0 0 0.00630915 130.125 0.224658
32 0.945 0.00119065 2.88268e-05 0 0 0 0 0.0425791 5.76535e-05 0.0521073 0.000187374 0 0.001081 0 0 0 0 0 0.00630915 47.739 0.236986
33 0.975 0.00223696 8.64803e-05 0 0 0 0 0.0199863 6.48602e-05 0 0.000187374 0 0.001081 0 0 0 0 0 0.00630915 74.7517 0.257534
34 1.005 0.00157942 0.00012972 0 0 0 0 0 6.48602e-05 0 0.000187374 0 0.001081 0 0 0 0 0 0.00630915 37.5209 0.268493
35 1.035 0.000496345 0.000144134 0.00447306 1.44134e-05 0 0 0.035484 7.92736e-05 0.0217224 0.000201787 0 0.001081 0 0 0 0 0 0.00630915 53.0663 0.284932
36 1.065 0 0.000144134 0 1.44134e-05 0.0219723 7.20669e-06 0.0167626 8.64803e-05 0.0102647 0.000208994 0 0.001081 0 0 0 0 0 0.00630915 54.3015 0.30274
37 1.095 0 0.000144134 0.00399482 2.88268e-05 0.187074 7.20669e-05 0.0634271 0.000115307 0 0.000208994 0 0.001081 0 0 0 0 0 0.00630915 35.558 0.315068
38 1.125 0 0.000144134 0.00567693 5.04468e-05 0.0590817 9.36869e-05 0.0601131 0.000144134 0 0.000208994 0 0.001081 0 0 0 0 1.72365 0.00694006 33.6946 0.327397
39 1.155 0 0.000144134 0.00717997 7.92736e-05 0.2055 0.000172961 0.128286 0.000208994 0 0.000208994 0 0.001081 0 0 0 0 4.90688 0.00883281 60.3695 0.350685
40 1.185 0 0.000144134 0.00682236 0.0001081 0.106489 0.000216201 0.081237 0.000252234 0 0.000208994 0 0.001081 0 0 0 0 2.33011 0.00977918 47.235 0.369863
41 1.215 0 0.000144134 0.0162269 0.000180167 0.101298 0.000259441 0.128783 0.000324301 0.00788243 0.000216201 0 0.001081 0 0 0 0 3.69538 0.0113565 41.7282 0.387671
42 1.245 0 0.000144134 0.0262714 0.000302681 0.0643247 0.000288268 0.0735955 0.000367541 0 0.000216201 0 0.001081 0 0 0 0 1.40804 0.0119874 30.5635 0.40137
43 1.275 0 0.000144134 0.0279949 0.000439608 0.0153313 0.000295474 0.0818752 0.000417988 0 0.000216201 0 0.001081 0 0 0 0 2.68427 0.0132492 20.4016 0.410959
44 1.305 0 0.000144134 0.0337568 0.000612568 0.0146351 0.000302681 0.0111628 0.000425195 0.00683238 0.000223407 0 0.001081 0 0 1.04672 0.000515464 5.12462 0.0157729 36.1622 0.428767
45 1.335 0 0.000144134 0.0295685 0.000771116 0 0.000302681 0 0.000425195 0.00653128 0.000230614 0 0.001081 0 0 0.999533 0.00103093 4.28486 0.0179811 29.2323 0.443836
46 1.365 0 0.000144134 0.0372774 0.00098011 0 0.000302681 0 0.000425195 0.0249815 0.000259441 0 0.001081 0 0 1.91339 0.00206186 2.92774 0.0195584 17.8001 0.453425
47 1.395 0 0.000144134 0.0369237 0.00119631 0 0.000302681 0.00977073 0.000432401 0.0358714 0.000302681 0 0.001081 0 0 2.74863 0.00360825 4.48497 0.022082 36.5137 0.473973
48 1.425 0 0.000144134 0.044822 0.00147016 0 0.000302681 0 0.000432401 0.0515714 0.000367541 0.0497642 0.00109542 0 0 3.51166 0.0056701 2.68659 0.0236593 18.662 0.484932
49 1.455 0 0.000144134 0.0441284 0.00175123 0 0.000302681 0 0.000432401 0.109927 0.000511675 0.0238818 0.00110262 0 0 2.5261 0.00721649 1.54559 0.0246057 22.374 0.49863
50 1.485 0 0.000144134 0.0510486 0.00208994 0.0113022 0.000309888 0 0.000432401 0.0844273 0.000626982 0.0458254 0.00111704 0 0 13.7425 0.0159794 1.97914 0.0258675 32.2231 0.519178
51 1.515 0 0.000144134 0.0250457 0.0022629 0.021721 0.000324301 0 0.000432401 0.167319 0.000864803 0.0219996 0.00112424 0 0 11.6515 0.0237113 1.42558 0.0268139 16.5093 0.530137
52 1.545 0 0.000144134 0.0361226 0.00252234 0 0.000324301 0 0.000432401 0.121872 0.00104497 0 0.00112424 0 0 14.1889 0.0335052 1.82849 0.0280757 35.7288 0.554795
53 1.575 0 0.000144134 0.038622 0.00281061 0.0200942 0.000338714 0 0.000432401 0.234541 0.0014053 0.0203689 0.00113145 0.0905233 6.49351e-05 15.81 0.0448454 7.47681 0.0334385 36.2872 0.580822
54 1.605 0 0.000144134 0.0306855 0.00304843 0.0290257 0.000360334 0.0295308 0.000461228 0.248443 0.00180167 0.0196159 0.00113866 0.087227 0.00012987 15.2236 0.0561856 4.23509 0.0365931 27.5886 0.60137
55 1.635 0.000198759 0.000158547 0.0376316 0.00335111 0.0559324 0.000403575 0.00711523 0.000468435 0.256814 0.00222687 0.018909 0.00114586 0.168004 0.00025974 18.0076 0.0701031 4.08063 0.0397476 26.5847 0.621918
56 1.665 0 0.000158547 0.0354265 0.00364658 0.0809159 0.000468435 0.0411462 0.000511675 0.298011 0.00273854 0 0.00114586 0.0810363 0.000324675 14.7896 0.0819588 1.57415 0.0410095 20.5085 0.638356
57 1.695 0 0.000158547 0.0266774 0.0038772 0.112778 0.000562122 0.0198541 0.000533295 0.238962 0.00316374 0.0175873 0.00115307 0.234439 0.000519481 21.0972 0.0994845 3.03761 0.0435331 19.7874 0.654795
58 1.725 0.000178692 0.000172961 0.0201226 0.00405737 0.351795 0.000864803 0.0255579 0.000562122 0.269809 0.003661 0 0.00115307 0.226398 0.000714286 29.3544 0.124742 4.76675 0.0476341 7.96112 0.661644
59 1.755 0.000172629 0.000187374 0.0194418 0.00423753 0.841547 0.0016143 0.0308587 0.000598155 0.162452 0.00397088 0 0.00115307 0.145771 0.000844156 30.0965 0.151546 5.66687 0.0526814 19.9936 0.679452
60 1.785 0 0.000187374 0.0278144 0.00450418 1.38455 0.00288988 0.0477443 0.000655809 0.182611 0.00433122 0 0.00115307 0.493346 0.0012987 51.4728 0.198969 3.7661 0.0561514 19.333 0.69726
61 1.815 0 0.000187374 0.03781 0.00487893 1.79316 0.00459787 0.0634963 0.000735082 0.130693 0.00459787 0 0.00115307 1.02259 0.00227273 38.9633 0.236082 3.9744 0.0599369 17.256 0.713699
62 1.845 0 0.000187374 0.0492555 0.0053834 2.38687 0.00694725 0.106132 0.000872009 0.0854588 0.00477803 0 0.00115307 0.725704 0.00298701 37.7053 0.273196 3.84663 0.0637224 22.2667 0.735616
63 1.875 0 0.000187374 0.0824391 0.00625541 3.20438 0.0102047 0.081113 0.00098011 0.0860589 0.00496541 0 0.00115307 0.702623 0.0037013 48.6786 0.32268 2.79274 0.0665615 24.2575 0.760274
64 1.905 0 0.000187374 0.128048 0.0076535 3.6331 0.014017 0.125743 0.00115307 0.0993992 0.00518882 0 0.00115307 0.24752 0.00396104 46.6681 0.371649 6.61364 0.0735016 33.941 0.79589
65 1.935 0 0.000187374 0.22262 0.0101614 4.01398 0.0183626 0.0711036 0.00125396 0.1181 0.00546267 0 0.00115307 0.599767 0.00461039 29.5214 0.403608 3.78804 0.0776025 22.7751 0.820548
66 1.965 0.000275462 0.000216201 0.279151 0.0134044 4.45376 0.0233353 0.0984832 0.0013981 0.117527 0.00574373 0 0.00115307 0.407175 0.00506494 25.3932 0.431959 5.08556 0.0832808 29.446 0.853425
67 1.995 0.00187037 0.000417988 0.358687 0.0176996 3.92013 0.0278466 0.148101 0.0016215 0.152028 0.00611848 0 0.00115307 0.564354 0.00571429 21.0507 0.456186 4.11197 0.0880126 23.8047 0.880822
68 2.025 0.00220455 0.000663015 0.445104 0.0231911 3.23354 0.0316806 0.180823 0.00190257 0.212833 0.00665898 0 0.00115307 0.383352 0.00616883 22.6054 0.48299 2.92649 0.0914826 28.8806 0.915068
69 2.055 0.00428077 0.00115307 0.545077 0.0301167 2.71485 0.0349957 0.247647 0.00229893 0.416064 0.00774719 0.0119646 0.00116028 0.265849 0.00649351 12.2417 0.497938 3.61732 0.0958991 20.1935 0.939726
70 2.085 0.00966276 0.00229173 0.683221 0.039053 2.08692 0.0376189 0.306177 0.0028034 0.69865 0.00962813 0.0348813 0.0011819 0.361627 0.00694805 11.8932 0.512887 2.76023 0.0993691 10.8985 0.953425
71 2.115 0.0194941 0.00465552 0.88459 0.0509585 1.76064 0.0398962 0.535541 0.00371144 0.946891 0.0122514 0.0112966 0.0011891 0.351452 0.0074026 8.36936 0.523711 2.92707 0.103155 4.23603 0.958904
72 2.145 0.044028 0.010147 1.06461 0.0656962 1.24052 0.0415466 0.723239 0.00497261 1.2443 0.0157971 0.0109827 0.00119631 0.439256 0.00798701 4.64862 0.529897 2.37074 0.106309 4.1187 0.964384
73 2.175 0.0854207 0.0211012 1.2228 0.0831003 1.03794 0.0429663 1.0008 0.00676708 1.32583 0.0196815 0.0213626 0.00121072 0.379776 0.00850649 3.01412 0.534021 2.76718 0.110095 4.00647 0.969863
74 2.205 0.171476 0.0437014 1.41981 0.10387 1.01501 0.0443932 1.22013 0.00901557 1.62026 0.0245604 0 0.00121072 0.277103 0.0088961 0.732998 0.535052 2.4682 0.113565 3.89716 0.975342
75 2.235 0.330292 0.0884261 1.62987 0.128366 0.728467 0.0454454 1.40839 0.011682 1.63297 0.0296123 0.0303455 0.00123234 0.404593 0.00948052 2.49861 0.53866 1.74745 0.116088 6.63901 0.984932
76 2.265 0.601022 0.172009 1.73777 0.155189 0.597565 0.0463318 1.31573 0.0142404 1.68299 0.0349596 0.0689514 0.00128279 0.131319 0.00967532 1.04242 0.540206 2.55174 0.119874 2.77061 0.989041
77 2.295 1.07058 0.324863 1.88639 0.185082 0.600955 0.047247 1.41153 0.0170582 1.91989 0.0412223 0.105532 0.00136206 0.213192 0.01 1.35401 0.542268 1.86442 0.122713 5.39818 0.99726
78 2.325 1.66458 0.568781 1.94391 0.216698 0.516377 0.0480542 1.54415 0.020222 2.00627 0.0479389 0.0934651 0.00143413 0.207782 0.0103247 2.63791 0.546392 1.81629 0.125552 14.022 1.01918
79 2.355 2.29297 0.913505 2.0545 0.25098 0.422416 0.0487316 1.78276 0.0239694 2.26811 0.0557293 0.264236 0.00164312 0.323956 0.0108442 0.642896 0.547423 2.16403 0.129022 5.98076 1.02877
80 2.385 2.86511 1.35529 1.95513 0.284441 0.333015 0.0492793 1.95549 0.0281854 2.16842 0.0633684 0.506359 0.00205391 0.434334 0.0115584 2.82099 0.552062 2.87718 0.133754 7.49602 1.0411
81 2.415 3.35195 1.88523 1.8736 0.317318 0.252138 0.0497045 2.14195 0.0329201 2.10488 0.0709715 0.441849 0.00242145 0.231027 0.0119481 1.83411 0.555155 3.92767 0.140379 13.8096 1.06438
82 2.445 3.7359 2.49063 1.79346 0.349575 0.225157 0.0500937 2.34411 0.0382315 1.97573 0.0782862 0.600147 0.00293312 0.15023 0.0122078 1.78919 0.558247 4.38024 0.14795 11.8874 1.08493
83 2.475 3.89336 3.13713 1.60986 0.379245 0.154618 0.0503675 2.446 0.0439103 1.86734 0.0853704 0.701151 0.00354569 0.109971 0.0124026 3.20079 0.563918 3.56218 0.154259 6.96034 1.09726
84 2.505 3.92676 3.80507 1.54442 0.408403 0.198593 0.0507279 2.20288 0.0491496 1.8896 0.092714 0.644236 0.00412223 0.07157 0.0125325 1.42071 0.566495 1.91238 0.157729 4.5308 1.10548
85 2.535 3.86581 4.4785 1.43951 0.436235 0.224943 0.0511459 2.0594 0.0541655 1.78722 0.099827 0.817796 0.00487172 0.0349451 0.0125974 0.27741 0.56701 1.52795 0.160568 5.16032 1.11507
86 2.565 3.69864 5.13814 1.35142 0.462986 0.215918 0.0515566 1.9074 0.0589219 1.59533 0.106327 1.01379 0.005823 0.0682884 0.0127273 0.541921 0.568041 1.49254 0.163407 5.76036 1.12603
87 2.595 3.4715 5.77184 1.26949 0.488707 0.177668 0.0519026 1.76472 0.0634261 1.59666 0.112986 0.825405 0.00661574 0 0.0127273 0 0.568041 2.75424 0.16877 2.81437 1.13151
88 2.625 3.28342 6.38514 1.21769 0.513952 0.159147 0.0522197 1.56458 0.0675123 1.47936 0.1193 0.76999 0.00737244 0.0651583 0.0128571 0.517206 0.569072 1.26683 0.171293 2.06214 1.13562
89 2.655 3.04006 6.96604 1.09722 0.537223 0.208619 0.0526449 1.47281 0.0714471 1.39654 0.125396 0.695303 0.00807149 0 0.0128571 0.75884 0.570619 4.02392 0.179495 5.376 1.14658
90 2.685 2.82582 7.51828 0.924322 0.557272 0.203972 0.05307 1.26071 0.0748919 1.56891 0.132401 0.70793 0.00879937 0.0934598 0.0130519 1.48385 0.573711 1.66458 0.182965 6.57189 1.16027
91 2.715 2.59997 8.03779 0.822453 0.575512 0.253594 0.0536106 1.0189 0.0777385 1.38919 0.138743 0.795207 0.00963534 0.0304643 0.0131169 0.967623 0.575773 3.55204 0.190536 3.8562 1.16849
92 2.745 2.33409 8.51454 0.680596 0.590941 0.274538 0.0542087 0.875635 0.0802393 1.30494 0.144833 0.744388 0.0104353 0.0298051 0.0131818 1.6564 0.579381 3.18559 0.197476 3.77343 1.17671
93 2.775 2.08227 8.94921 0.563318 0.603993 0.246 0.0547564 0.893842 0.0828481 1.24666 0.150778 0.931772 0.0114586 0.0874892 0.0133766 2.31462 0.584536 2.26676 0.202524 1.23043 1.17945
94 2.805 1.88666 9.3516 0.499572 0.615819 0.304094 0.0554483 0.768462 0.0851398 1.08553 0.156068 0.674348 0.0122153 0.142705 0.0137013 2.26521 0.589691 1.38663 0.205678 3.0097 1.1863
95 2.835 1.62551 9.70575 0.449128 0.626679 0.331816 0.0562194 0.667146 0.0871721 0.964261 0.160868 0.685262 0.0130009 0.0838359 0.0138961 3.54891 0.597938 2.17164 0.210726 1.17927 1.18904
96 2.865 1.40529 10.0184 0.371487 0.635853 0.35829 0.0570698 0.653243 0.0892044 0.822257 0.165048 0.744906 0.0138729 0.16416 0.0142857 3.69236 0.606701 1.99356 0.215457 3.46327 1.19726
97 2.895 1.20217 10.2916 0.338674 0.644393 0.368769 0.0579634 0.589861 0.0910781 0.730319 0.168838 0.717496 0.0147305 0.187586 0.0147403 4.25391 0.61701 1.95277 0.220189 1.13053 1.2
98 2.925 1.01145 10.5261 0.292847 0.651931 0.431149 0.05903 0.571158 0.0929302 0.74533 0.172788 0.549256 0.0154007 0.315003 0.0155195 2.0836 0.622165 1.65795 0.22429 1.66157 1.20411
99 2.955 0.881902 10.7349 0.252916 0.658576 0.431004 0.0601182 0.557454 0.0947752 0.683632 0.176485 0.787029 0.0163808 0.282913 0.0162338 2.85827 0.629381 1.49937 0.228076 2.71296 1.21096
100 2.985 0.748676 10.9157 0.245433 0.665156 0.525886 0.061473 0.574051 0.0967138 0.677785 0.180225 0.703229 0.0172744 0.252007 0.0168831 2.80094 0.636598 1.59158 0.232177 2.1269 1.21644
101 3.015 0.644005 11.0744 0.226881 0.671361 0.499003 0.0627847 0.579407 0.09871 0.590124 0.183547 0.672609 0.0181464 0.172919 0.0173377 2.94187 0.64433 1.56006 0.236278 0.521163 1.21781
102 3.045 0.562217 11.2157 0.203046 0.677025 0.663965 0.0645647 0.559848 0.100677 0.537139 0.186632 0.643042 0.0189968 0.339055 0.0182468 4.03776 0.655155 1.29447 0.239748 1.02191 1.22055
103 3.075 0.486577 11.3404 0.201643 0.682762 0.529806 0.0660133 0.58115 0.10276 0.536558 0.189774 0.582498 0.0197824 0.427544 0.0194156 3.58199 0.664948 1.73068 0.244479 0.501034 1.22192
104 3.105 0.426374 11.4519 0.199008 0.688534 0.62302 0.0677501 0.532506 0.104706 0.505718 0.192793 0.482209 0.0204454 0.139761 0.0198052 2.58882 0.672165 2.03705 0.250158 0.983007 1.22466
105 3.135 0.369721 11.5504 0.178399 0.693809 0.712585 0.0697752 0.551378 0.10676 0.506735 0.195878 0.524418 0.0211805 0.228515 0.0204545 3.26513 0.681443 2.77493 0.258044 0 1.22466
106 3.165 0.327078 11.6392 0.198465 0.699791 0.803676 0.0721029 0.510598 0.108698 0.51578 0.199078 0.575081 0.022002 0.336325 0.0214286 3.02513 0.690206 3.37631 0.267823 0.945572 1.2274
107 3.195 0.290909 11.7197 0.178567 0.705275 0.83015 0.0745532 0.501054 0.110637 0.520952 0.202371 0.400965 0.0225858 0.32996 0.0224026 3.84214 0.701546 4.80936 0.282019 0.464119 1.22877
108 3.225 0.262058 11.7936 0.195065 0.711379 0.917833 0.0773133 0.460701 0.112453 0.540399 0.205852 0.417776 0.0232055 0.367064 0.0235065 2.74205 0.709794 3.77632 0.293375 1.36653 1.23288
109 3.255 0.239684 11.8624 0.204374 0.717894 0.995083 0.0803618 0.464806 0.11432 0.565613 0.209563 0.362469 0.0237532 0.275577 0.0243506 3.02866 0.719072 4.42808 0.30694 1.34083 1.23699
110 3.285 0.217784 11.9261 0.212865 0.724805 1.03011 0.083576 0.408784 0.115992 0.561791 0.213318 0.383979 0.0243442 0.582704 0.0261688 3.13953 0.728866 5.15601 0.323028 2.63367 1.24521
111 3.315 0.205636 11.9874 0.228865 0.732372 1.00702 0.0867757 0.403143 0.117671 0.592988 0.217354 0.289701 0.0247982 0.408713 0.0274675 2.59557 0.737113 6.05607 0.342271 3.88047 1.25753
112 3.345 0.202392 12.0487 0.251966 0.740855 1.04694 0.0901629 0.491108 0.119754 0.588641 0.221433 0.284495 0.0252522 0.541935 0.0292208 2.38979 0.744845 5.75284 0.360883 5.92802 1.27671
113 3.375 0.1961 12.1093 0.257385 0.749676 1.18817 0.0940761 0.435671 0.121634 0.608863 0.225728 0.332714 0.0257927 0.630867 0.0312987 3.75629 0.757216 4.6933 0.376341 4.99086 1.29315
114 3.405 0.189774 12.1689 0.278906 0.759405 1.15657 0.0979533 0.534641 0.123984 0.583123 0.229915 0.3443 0.0263621 0.871614 0.0342208 2.3064 0.764948 6.49236 0.398107 4.49537 1.30822
115 3.435 0.189627 12.2296 0.312428 0.770496 1.20822 0.102076 0.564032 0.126506 0.618344 0.234434 0.381158 0.0270035 0.89451 0.0372727 3.47477 0.776804 6.65724 0.42082 6.8261 1.33151
116 3.465 0.193355 12.2925 0.349733 0.783129 1.11477 0.105946 0.620811 0.129331 0.586363 0.238794 0.404031 0.0276953 0.935327 0.0405195 1.78193 0.78299 5.1797 0.438801 9.07555 1.36301
117 3.495 0.204543 12.3602 0.360812 0.796389 1.12631 0.109924 0.566623 0.131954 0.597299 0.243312 0.442645 0.0284664 0.772177 0.0432468 1.60544 0.78866 5.89511 0.459621 3.49054 1.37534
118 3.525 0.212331 12.4318 0.398847 0.8113 1.18547 0.114183 0.612092 0.134837 0.586243 0.247824 0.378186 0.0291366 0.885618 0.0464286 1.86488 0.795361 6.76096 0.483912 2.28748 1.38356
119 3.555 0.236026 12.5126 0.409953 0.826888 1.15568 0.118406 0.625876 0.137835 0.658336 0.252976 0.391846 0.0298429 0.906209 0.0497403 1.55161 0.801031 6.90619 0.509148 1.87429 1.39041
120 3.585 0.256293 12.6019 0.438159 0.843831 1.13256 0.122615 0.608032 0.140797 0.654608 0.258187 0.475714 0.0307149 1.24065 0.0543506 1.80338 0.807732 5.94155 0.53123 2.21207 1.39863
121 3.615 0.278791 12.7007 0.456212 0.861769 1.14432 0.126939 0.619839 0.143867 0.647357 0.263426 0.440795 0.0315365 1.03106 0.0582468 1.50072 0.813402 5.17643 0.550789 1.81257 1.40548
122 3.645 0.309076 12.812 0.461173 0.880203 1.03929 0.130931 0.648314 0.147132 0.691042 0.269112 0.418342 0.0323292 1.20016 0.0628571 1.47604 0.819072 5.3375 0.571293 1.78288 1.41233
123 3.675 0.342753 12.9375 0.507063 0.900807 1.05744 0.135061 0.653255 0.150476 0.767689 0.275533 0.456475 0.0332084 1.14736 0.0673377 2.1117 0.82732 6.46253 0.59653 2.1049 1.42055
124 3.705 0.382158 13.0797 0.527848 0.922607 0.911463 0.138678 0.75907 0.154425 0.778182 0.282149 0.44912 0.0340876 1.53777 0.0734416 2.9871 0.839175 6.5173 0.622397 1.72571 1.4274
125 3.735 0.433024 13.2434 0.531078 0.944898 1.01122 0.142757 0.766011 0.158475 0.819133 0.289226 0.449176 0.0349813 1.75472 0.0805195 2.17224 0.847938 3.67556 0.637224 2.71727 1.43836
126 3.765 0.474541 13.4258 0.549011 0.968312 0.930149 0.14657 0.811521 0.162835 0.820083 0.296425 0.513326 0.036019 1.67936 0.0874026 2.01226 0.856186 4.92543 0.657413 4.34421 1.45616
127 3.795 0.532745 13.6338 0.563809 0.992743 0.861832 0.150159 0.793456 0.167166 0.847574 0.303985 0.589445 0.0372297 1.63726 0.0942208 1.60914 0.862887 4.77268 0.677287 5.2635 1.47808
128 3.825 0.598196 13.871 0.59675 1.01901 0.93356 0.154108 0.93961 0.172377 0.886007 0.312014 0.621682 0.038527 1.53502 0.100714 1.2185 0.868041 4.62341 0.696845 3.8852 1.49452
129 3.855 0.666098 14.1393 0.619415 1.04671 0.893892 0.157949 0.931452 0.177623 0.864438 0.31997 0.571204 0.0397377 1.7984 0.108442 2.27915 0.877835 5.87301 0.722082 4.14462 1.51233
130 3.885 0.759316 14.45 0.66464 1.07689 0.972639 0.162194 0.89698 0.182754 0.907442 0.328452 0.599296 0.0410277 1.48784 0.114935 2.24409 0.887629 4.69854 0.742587 4.39461 1.53151
131 3.915 0.839412 14.7988 0.711213 1.10969 0.913887 0.166244 0.967617 0.188376 0.924714 0.33723 0.722031 0.0426059 1.72897 0.122597 1.27947 0.893299 5.12521 0.7653 2.16426 1.5411
132 3.945 0.928711 15.1906 0.733377 1.14403 0.972092 0.170618 0.905314 0.193716 0.933879 0.346231 0.548707 0.0438239 1.67394 0.13013 1.83276 0.901546 4.83706 0.787066 3.65303 1.55753
133 3.975 1.02835 15.631 0.758279 1.18007 1.02531 0.175303 0.898932 0.199099 0.92866 0.355319 0.649171 0.0452868 1.6629 0.137727 3.49763 0.917526 4.28091 0.806625 2.69803 1.56986
134 4.005 1.12982 16.1223 0.78071 1.21775 1.00381 0.179958 0.999312 0.205174 0.996064 0.365213 0.677313 0.0468363 1.68015 0.145519 2.88971 0.930928 4.14897 0.825868 2.06749 1.57945
135 4.035 1.23604 16.6678 0.804899 1.25718 1.01956 0.184758 1.02773 0.211516 1.00847 0.375382 0.639359 0.0483208 1.66898 0.153377 1.75198 0.939175 3.55147 0.842587 1.16353 1.58493
136 4.065 1.32096 17.2595 0.810312 1.29746 1.0498 0.189774 0.989603 0.217714 0.999259 0.385608 0.669704 0.0498991 1.67168 0.161364 1.83414 0.947938 3.69747 0.860252 0.573498 1.58767
137 4.095 1.4046 17.898 0.826332 1.33915 0.986899 0.194559 0.979685 0.223941 0.989531 0.395885 0.708128 0.0515927 2.04904 0.171299 2.55156 0.960309 3.253 0.876025 1.69508 1.59589
138 4.125 1.47243 18.5771 0.828289 1.38156 1.06637 0.199805 1.01242 0.23047 1.00666 0.406493 0.775084 0.0534736 1.59695 0.179156 1.78098 0.969072 3.39832 0.892744 1.6707 1.60411
139 4.155 1.51654 19.2868 0.847735 1.42559 1.14631 0.205528 1.02648 0.237187 1.02385 0.41744 0.681996 0.0551528 1.73012 0.187792 1.96185 0.978866 3.0332 0.907886 1.09777 1.60959
140 4.185 1.55071 20.0231 0.831377 1.4694 1.11428 0.21117 0.97818 0.24368 1.02518 0.42856 0.770347 0.057077 2.00031 0.197922 2.74835 0.992784 2.30469 0.919558 0.811448 1.6137
141 4.215 1.58641 20.7871 0.807591 1.51257 1.17 0.217181 1.01353 0.250504 0.960852 0.439132 0.676906 0.0587922 1.63051 0.206299 2.70896 1.0067 2.4564 0.932177 3.73303 1.63288
142 4.245 1.58437 21.561 0.807913 1.55637 1.10235 0.222924 0.987642 0.25725 1.00737 0.450375 0.75432 0.0607308 1.86942 0.216039 1.7808 1.01598 1.99786 0.942587 2.89174 1.64795
143 4.275 1.58609 22.3468 0.799502 1.60033 1.14151 0.228956 0.985261 0.264075 0.963373 0.461278 0.774168 0.0627486 1.76945 0.22539 2.92638 1.03144 2.20875 0.954259 2.85197 1.66301
144 4.305 1.56292 23.1319 0.798865 1.64488 1.1485 0.235111 1.03416 0.271339 0.953737 0.472225 0.766151 0.0647737 1.67222 0.234351 2.88574 1.04691 2.11922 0.965615 2.81189 1.67808
145 4.335 1.53446 23.9136 0.788869 1.68948 1.12734 0.241237 1.02498 0.278639 0.954829 0.483338 0.777111 0.0668564 1.63723 0.243247 3.32025 1.06495 1.39333 0.973186 3.27739 1.69589
146 4.365 1.50649 24.6917 0.779562 1.73417 1.11451 0.247377 0.979996 0.285716 0.953981 0.494595 0.753206 0.0689031 1.6619 0.252403 2.33918 1.07784 2.51947 0.987066 2.48675 1.70959
147 4.395 1.46097 25.4567 0.771194 1.77899 1.05808 0.253286 0.979452 0.292887 0.967486 0.506169 0.674942 0.0707625 1.54633 0.261039 1.56895 1.0866 1.75085 0.996845 1.47185 1.71781
148 4.425 1.42474 26.2129 0.778145 1.82483 1.02979 0.259116 0.932228 0.299805 0.960364 0.517815 0.72517 0.0727875 1.54832 0.269805 1.72996 1.09639 2.39595 1.01041 3.62951 1.73836
149 4.455 1.37808 26.9543 0.768664 1.87073 1.0172 0.264954 0.923552 0.306753 0.941616 0.529389 0.756163 0.0749279 1.45978 0.278182 2.15595 1.10876 1.97899 1.02177 1.9095 1.74932
150 4.485 1.35125 27.6911 0.760318 1.91674 0.967716 0.270582 0.925425 0.313808 1.02045 0.542101 0.695842 0.0769242 1.50722 0.286948 1.15209 1.11546 2.71199 1.03754 1.41324 1.75753
151 4.515 1.30688 28.4133 0.759761 1.96334 0.974455 0.276326 0.907562 0.32082 0.977258 0.554439 0.664293 0.0788556 1.59736 0.296364 2.36117 1.12938 2.35482 1.05142 2.09153 1.76986
152 4.545 1.27735 29.1285 0.749654 2.00993 0.976125 0.282156 0.932439 0.32812 0.956516 0.566676 0.697164 0.0809095 1.48939 0.30526 2.15742 1.14227 2.16529 1.06435 2.29326 1.78356
153 4.575 1.25423 29.8401 0.772701 2.05859 0.85023 0.287302 0.882101 0.335118 0.953455 0.579036 0.702545 0.0830066 1.65236 0.31526 1.53318 1.15155 1.82431 1.07539 0.679045 1.78767
154 4.605 1.23621 30.5508 0.772717 2.10789 0.827437 0.292375 0.831184 0.341799 0.927913 0.591222 0.707718 0.085147 1.69442 0.325649 1.26113 1.15928 1.54347 1.08486 1.78714 1.79863
155 4.635 1.23229 31.2684 0.768655 2.15757 0.803989 0.29737 0.883297 0.348991 0.930582 0.603603 0.646835 0.0871289 1.45301 0.334675 1.57632 1.16907 1.98066 1.09716 0.661678 1.80274
156 4.665 1.22455 31.9908 0.75517 2.20702 0.762773 0.302169 0.840518 0.355924 0.895633 0.615675 0.691952 0.0892764 1.44476 0.343766 1.39241 1.17784 1.50401 1.10662 0.870783 1.80822
157 4.695 1.22822 32.7247 0.771848 2.25821 0.748531 0.30694 0.929006 0.363686 0.888976 0.627811 0.653314 0.0913304 1.31427 0.352143 2.26457 1.19227 1.73224 1.11767 1.28971 1.81644
158 4.725 1.24023 33.4753 0.771087 2.31 0.731226 0.31166 0.918121 0.371454 0.904316 0.640314 0.694848 0.0935428 1.20712 0.359935 1.7568 1.20361 1.41722 1.12681 0.84889 1.82192
159 4.755 1.23517 34.2323 0.778131 2.36294 0.652582 0.315927 0.951135 0.379605 0.944899 0.653546 0.706249 0.0958201 1.39054 0.369026 1.26155 1.21186 1.44756 1.13628 0.838099 1.8274
160 4.785 1.24974 35.0079 0.762959 2.41549 0.628105 0.320085 0.918476 0.387576 0.92701 0.666691 0.688589 0.0980686 1.28493 0.377532 1.71311 1.2232 1.38184 1.14543 1.03473 1.83425
161 4.815 1.2607 35.8002 0.770846 2.46926 0.64178 0.324387 0.879189 0.395301 0.884379 0.679389 0.697447 0.100375 1.49174 0.387532 0.999539 1.2299 1.08228 1.15268 1.43056 1.84384
162 4.845 1.26117 36.6028 0.775709 2.52405 0.622192 0.328611 0.856195 0.402919 0.92799 0.69288 0.699597 0.102717 1.34894 0.396688 1.21507 1.23814 1.5801 1.16341 2.01837 1.85753
163 4.875 1.26803 37.4196 0.763174 2.57862 0.60512 0.332769 0.861682 0.41068 0.953813 0.706918 0.652744 0.104929 1.39851 0.406299 1.05017 1.24536 2.15753 1.17823 1.59488 1.86849
164 4.905 1.27756 38.2528 0.752869 2.63311 0.598787 0.336934 0.909641 0.418975 0.896707 0.72028 0.751899 0.107509 1.45618 0.416429 2.00066 1.25928 1.6779 1.18991 0.787658 1.87397
165 4.935 1.27441 39.0942 0.75584 2.6885 0.611997 0.341244 0.915799 0.427429 0.904488 0.733922 0.672252 0.109844 1.46622 0.426753 1.53729 1.2701 1.29912 1.19905 1.36145 1.88356
166 4.965 1.25916 39.9356 0.759853 2.74485 0.565187 0.345272 0.824553 0.435133 0.891697 0.747535 0.592412 0.111927 1.48497 0.437338 1.51866 1.28093 1.90296 1.21262 0.960902 1.89041
167 4.995 1.25634 40.7853 0.749693 2.80113 0.615359 0.349712 0.871089 0.44337 0.909925 0.761596 0.686569 0.11437 1.44014 0.447727 1.42903 1.29124 2.14276 1.22808 0.759411 1.89589
168 5.025 1.24336 41.6363 0.73043 2.85662 0.569542 0.35387 0.849407 0.451499 0.892179 0.775548 0.632372 0.116647 1.51198 0.458766 0.917804 1.29794 2.07406 1.24322 1.68857 1.90822
169 5.055 1.21859 42.4804 0.710254 2.91123 0.616438 0.358425 0.834141 0.459578 0.828342 0.788657 0.599184 0.118831 1.63467 0.470844 2.30201 1.31495 1.66521 1.25552 1.298 1.91781
170 5.085 1.19681 43.3193 0.705145 2.96609 0.642926 0.363231 0.788292 0.467303 0.848303 0.802241 0.617542 0.121108 1.50253 0.482078 1.51678 1.32629 1.6454 1.26782 1.64878 1.93014
171 5.115 1.17355 44.1516 0.703125 3.02143 0.687799 0.368435 0.789265 0.47513 0.818368 0.815502 0.631564 0.123465 1.42483 0.492857 1.90795 1.34072 2.08494 1.2836 1.62991 1.94247
172 5.145 1.13122 44.9633 0.678383 3.07546 0.713704 0.373897 0.803062 0.483187 0.796552 0.82856 0.698682 0.126103 1.50159 0.504351 1.95312 1.35567 1.64855 1.29621 1.25267 1.95205
173 5.175 1.09239 45.7563 0.653279 3.1281 0.761287 0.379792 0.804423 0.491352 0.808188 0.841965 0.677372 0.12869 1.65202 0.517143 2.52944 1.37526 1.22224 1.30568 1.94612 1.96712
174 5.205 1.06641 46.5395 0.655321 3.18151 0.823392 0.386242 0.736923 0.498919 0.790316 0.855225 0.596831 0.130996 1.54174 0.529221 2.1058 1.39175 2.3357 1.32397 2.09827 1.98356
175 5.235 1.03086 47.3053 0.62965 3.23343 0.829449 0.392815 0.690362 0.50609 0.795291 0.868723 0.647189 0.133526 1.52425 0.541299 1.95144 1.40722 2.30897 1.34227 3.45735 2.01096
176 5.265 0.986482 48.0466 0.614723 3.2847 0.796628 0.3992 0.691442 0.513354 0.804299 0.882531 0.601546 0.135904 1.53125 0.553571 1.1576 1.41649 2.47967 1.36215 3.41833 2.03836
177 5.295 0.932477 48.7553 0.600084 3.33532 0.916519 0.40663 0.649697 0.520258 0.801024 0.89644 0.564121 0.138159 1.55397 0.566169 1.65312 1.4299 2.56811 1.38297 1.85855 2.05342
178 5.325 0.893702 49.4422 0.584983 3.38523 0.935238 0.414298 0.673236 0.527494 0.775605 0.910061 0.51146 0.140228 1.77402 0.580714 1.82339 1.44485 2.42388 1.40284 2.50622 2.07397
179 5.355 0.845875 50.0997 0.561239 3.43365 0.946518 0.422146 0.67833 0.534866 0.756386 0.923494 0.61322 0.142736 1.47237 0.592922 1.24334 1.45515 2.28263 1.42177 2.64341 2.09589
180 5.385 0.818814 50.7434 0.540625 3.48082 0.977264 0.43034 0.657017 0.542087 0.772064 0.937359 0.554134 0.145027 1.89737 0.608831 0.799191 1.46186 2.18233 1.44006 2.12398 2.1137
181 5.415 0.770294 51.3557 0.533351 3.52787 1.05061 0.439248 0.66207 0.549445 0.750449 0.950987 0.591105 0.147499 1.86109 0.62461 1.21593 1.47216 1.63705 1.45394 3.23105 2.1411
182 5.445 0.726551 51.9396 0.51755 3.57403 0.993669 0.447766 0.627229 0.556493 0.745735 0.96468 0.584584 0.149971 1.59826 0.638312 1.86403 1.48814 1.69271 1.46845 2.07726 2.1589
183 5.475 0.695285 52.5045 0.512932 3.62029 1.01939 0.456601 0.686346 0.564291 0.732534 0.978279 0.493922 0.152083 2.07523 0.656299 1.4274 1.50052 2.0018 1.4858 3.79325 2.19178
184 5.505 0.664286 53.0502 0.498899 3.66578 1.04862 0.46579 0.670099 0.571988 0.757586 0.992498 0.560259 0.154504 1.91191 0.673052 1.88235 1.51701 1.65595 1.50032 1.56327 2.20548
185 5.535 0.630865 53.5741 0.511096 3.71289 1.03404 0.47495 0.631199 0.579317 0.766116 1.00703 0.531119 0.156825 1.81062 0.689091 1.92023 1.53402 1.92298 1.51735 2.93825 2.23151
186 5.565 0.600558 54.0783 0.493304 3.75886 1.12833 0.485053 0.652642 0.586978 0.808215 1.02254 0.528639 0.15916 2.07395 0.707662 2.36018 1.55515 1.47969 1.5306 1.68248 2.24658
187 5.595 0.580346 54.5708 0.500578 3.806 1.15449 0.495503 0.640202 0.594573 0.776909 1.0376 0.521393 0.161487 1.8007 0.723961 2.05023 1.57371 2.05624 1.54921 2.87562 2.2726
188 5.625 0.561751 55.0526 0.495856 3.85321 1.14929 0.506018 0.623188 0.602047 0.776376 1.05281 0.536587 0.163909 1.93765 0.741688 2.7607 1.59897 1.931 1.56688 3.59377 2.30548
189 5.655 0.55511 55.5338 0.500873 3.9014 1.18312 0.516957 0.616587 0.60952 0.820541 1.06906 0.523024 0.166294 1.87501 0.759026 1.95109 1.61701 1.63755 1.58202 4.74063 2.34932
190 5.685 0.540331 56.0072 0.500715 3.95009 1.16604 0.527854 0.633042 0.617274 0.891847 1.08691 0.494074 0.168572 1.86926 0.776494 2.31657 1.63866 1.62027 1.59716 3.22481 2.37945
191 5.715 0.539704 56.485 0.505736 3.99978 1.22096 0.539385 0.597878 0.624676 0.837614 1.10386 0.456405 0.170698 2.08338 0.796169 2.18343 1.65928 1.60335 1.6123 4.64199 2.42329
192 5.745 0.543428 56.9712 0.500109 4.04945 1.16522 0.550504 0.613553 0.632351 0.91421 1.12254 0.421027 0.172679 2.04125 0.815649 2.37658 1.68196 1.42133 1.62587 4.16239 2.46301
193 5.775 0.556703 57.4745 0.48767 4.09838 1.13595 0.561459 0.639116 0.64043 1.01744 1.14356 0.404538 0.174604 2.35683 0.838377 1.76386 1.69897 1.47208 1.64006 3.551 2.49726
194 5.805 0.563998 57.9897 0.502547 4.14933 1.22186 0.573364 0.650022 0.648732 1.1461 1.16748 0.431866 0.176679 2.52584 0.862987 3.28028 1.73093 1.7484 1.6571 1.96837 2.51644
195 5.835 0.577092 58.5223 0.492256 4.19975 1.18007 0.584981 0.685241 0.657574 1.13744 1.19146 0.396259 0.178603 2.84289 0.890974 3.1415 1.76186 2.11497 1.67792 2.36574 2.53973
196 5.865 0.595026 59.0771 0.493917 4.25087 1.17454 0.596663 0.64232 0.665948 0.935022 1.21138 0.446554 0.180794 2.55932 0.916429 1.29566 1.77474 1.49072 1.69274 1.65296 2.55616
197 5.895 0.647738 59.6873 0.554453 4.30884 1.13464 0.608064 0.613909 0.674034 0.723281 1.22695 0.532211 0.183432 2.41041 0.940649 0.564294 1.78041 1.88363 1.71167 2.04524 2.57671
198 5.925 0.732437 60.3843 0.685797 4.38128 1.11537 0.619386 0.76695 0.684239 0.711328 1.24241 0.71106 0.186992 2.17505 0.962727 0.964869 1.79021 1.49169 1.72681 2.6988 2.60411
199 5.955 0.822896 61.1753 0.862084 4.47326 1.15689 0.631248 1.27504 0.701376 0.842335 1.26091 1.22116 0.193168 1.64022 0.979545 1.85999 1.80928 1.72285 1.74448 4.67588 2.65205
200 5.985 0.886171 62.0358 0.929694 4.57345 1.15087 0.643168 1.5171 0.721973 0.888486 1.28062 1.43467 0.200497 1.59246 0.996039 2.538 1.83557 1.30956 1.75804 4.89378 2.70274
790000 200
1 0.015 0 0 0 0 0 0 0 0 0 0 0 0 0 0 0 0 0 0 0 0
2 0.045 0 0 0 0 0 0 0 0 0 0 0 0 0 0 0 0 0 0 0 0
3 0.075 0 0 0 0 0 0 0 0 0 0 0 0 0 0 0 0 0 0 0 0
4 0.105 0 0 0 0 0 0 0 0 0 0 0 0 0 0 0 0 0 0 0 0
5 0.135 0 0 0 0 0 0 0 0 0 0 0 0 0 0 0 0 0 0 0 0
6 0.165 0 0 0 0 0 0 0 0 0 0 0 0 0 0 0 0 0 0 0 0
7 0.195 0 0 0 0 0 0 0 0 0 0 0 0 0 0 0 0 0 0 0 0
8 0.225 0 0 0 0 0 0 0 0 0 0 0 0 0 0 0 0 0 0 0 0
9 0.255 0 0 0 0 0 0 0 0 0 0 0 0 0 0 0 0 0 0 0 0
10 0.285 0 0 0 0 0 0 0 0 0 0 4.35062 5.04468e-05 0 0 0 0 0 0 0 0
11 0.315 0 0 0 0 0 0 0 0 0 0 1.5259 7.20669e-05 0 0 0 0 0 0 0 0
12 0.345 0 0 0 0 0 0 0 0 0 0 1.27292 9.36869e-05 0 0 0 0 0 0 0 0
13 0.375 0 0 0 0 0 0 0 0 0 0 5.74514 0.000208994 0 0 0 0 0 0 0 0
14 0.405 0 0 0 0 0 0 0 0 0 0 3.69437 0.000295474 0 0 0 0 0 0 0 0
15 0.435 0 0 0 0 0 0 0 0 0 0 5.33788 0.000439608 0 0 0 0 0 0 0 0
16 0.465 0 0 0 0 0 0 0 0 0.161367 2.16201e-05 1.6349 0.000490055 0 0 0 0 0 0 0 0
17 0.495 0 0 0 0 0 0 0 0 0.237336 5.76535e-05 3.09192 0.000598155 0 0 0 0 0 0 0 0
18 0.525 0 0 0 0 0 0 0 0 0 5.76535e-05 2.74901 0.000706255 0 0 0 0 0 0 51.5719 0.00410959
19 0.555 0 0 0 0 0 0 0 0 0.0755303 7.20669e-05 1.47593 0.000771116 0 0 0 0 0 0 107.622 0.0136986
20 0.585 0 0 0 0 0 0 0 0 0 7.20669e-05 1.47586 0.000843182 0 0 0 0 0 0 69.1934 0.0205479
21 0.615 0 0 0 0 0 0 0 0 0 7.20669e-05 1.46897 0.000922456 0 0 0 0 0 0 137.715 0.0356164
22 0.645 0 0 0 0 0 0 0 0 0 7.20669e-05 1.21398 0.000994523 0 0 0 0 0 0 216.315 0.0616438
23 0.675 0 0 0 0 0 0 0 0 0 7.20669e-05 0.66536 0.00103776 0 0 0 0 0 0 145.537 0.0808219
24 0.705 0 0 0 0 0 0 0 0 0.0467973 8.64803e-05 0.203389 0.00105218 0 0 0 0 0 0 85.7338 0.0931507
25 0.735 0 0 0 0 0 0 0 0 0.0861353 0.000115307 0.280535 0.0010738 0 0 0 0 6.0559 0.000946372 78.9091 0.105479
26 0.765 0 0 0 0 0 0 0 0 0.0596486 0.000136927 0.0862968 0.001081 0 0 0 0 5.58903 0.00189274 113.306 0.124658
27 0.795 0 0 0 0 0 0 0 0 0 0.000136927 0 0.001081 0 0 0 0 5.1789 0.00283912 67.4419 0.136986
28 0.825 0 0 0 0 0 0 0 0 0 0.000136927 0 0.001081 0 0 0 0 9.61521 0.00473186 76.5395 0.152055
29 0.855 0 0 0 0 0 0 0 0 0.0318157 0.00015134 0 0.001081 0 0 0 0 4.47648 0.00567823 103.657 0.173973
30 0.885 0 0 0 0 0 0 0 0 0.0148561 0.000158547 0 0.001081 0 0 0 0 1.392 0.00599369 84.6736 0.193151
31 0.915 0 0 0 0 0 0 0.0681147 2.16201e-05 0 0.000158547 0 0.001081 0 0 0 0 1.30343 0.00630915 84.8646 0.213699
32 0.945 0.00178609 4.32401e-05 0 0 0 0 0.106443 5.76535e-05 0.0390898 0.000180167 0 0.001081 0 0 0 0 0 0.00630915 79.5579 0.234247
33 0.975 0.00279548 0.000115307 0 0 0 0 0.0199942 6.48602e-05 0 0.000180167 0 0.001081 0 0 0 0 0 0.00630915 69.7526 0.253425
34 1.005 0.00105281 0.000144134 0.00237211 7.20669e-06 0.0246588 7.20669e-06 0 6.48602e-05 0.0460613 0.000208994 0 0.001081 0 0 0 0 0 0.00630915 65.6462 0.272603
35 1.035 0 0.000144134 0.00447038 2.16201e-05 0.0232771 1.44134e-05 0.0354959 7.92736e-05 0.0108675 0.000216201 0 0.001081 0 0 0 0 0 0.00630915 35.3692 0.283562
36 1.065 0 0.000144134 0.00422337 3.60334e-05 0.043942 2.88268e-05 0.0670489 0.0001081 0 0.000216201 0 0.001081 0 0 1.57214 0.000515464 0 0.00630915 66.8256 0.305479
37 1.095 0 0.000144134 0.00798835 6.48602e-05 0.166236 8.64803e-05 0.0475665 0.00012972 0 0.000216201 0 0.001081 0 0 0 0.000515464 0 0.00630915 71.1053 0.330137
38 1.125 0 0.000144134 0.00567668 8.64803e-05 0.17721 0.00015134 0.105113 0.000180167 0 0.000216201 0 0.001081 0 0 0 0.000515464 0.861997 0.00662461 33.6881 0.342466
39 1.155 0 0.000144134 0.00717952 0.000115307 0.0560354 0.000172961 0.0712683 0.000216201 0 0.000216201 0 0.001081 0 0 0 0.000515464 4.08772 0.00820189 42.6032 0.358904
40 1.185 0 0.000144134 0.00852729 0.00015134 0.124229 0.000223407 0.148921 0.000295474 0 0.000216201 0 0.001081 0 0 0 0.000515464 5.43682 0.0104101 30.3538 0.371233
41 1.215 0 0.000144134 0.00648895 0.000180167 0.0844111 0.000259441 0.0772437 0.000338714 0 0.000216201 0 0.001081 0 0 1.20796 0.00103093 2.95624 0.0116719 41.7109 0.389041
42 1.245 0 0.000144134 0.0247184 0.000295474 0.0482171 0.000281061 0.0858801 0.000389161 0 0.000216201 0.0325887 0.00108821 0 0 0 0.00103093 2.11117 0.0126183 21.3901 0.39863
43 1.275 0 0.000144134 0.0338837 0.000461228 0.0153248 0.000288268 0.0233839 0.000403575 0 0.000216201 0.0310694 0.00109542 0 0 0 0.00103093 4.02594 0.014511 23.3085 0.409589
44 1.305 0 0.000144134 0.0365686 0.000648602 0 0.000288268 0.0223199 0.000417988 0.00682809 0.000223407 0.0296709 0.00110262 0 0 0 0.00103093 5.1238 0.0170347 22.2543 0.420548
45 1.335 0 0.000144134 0.0268724 0.000792736 0 0.000288268 0.010662 0.000425195 0 0.000223407 0 0.00110262 0 0 0.999638 0.00154639 3.67224 0.0189274 10.6345 0.426027
46 1.365 0 0.000144134 0.0424113 0.00103056 0 0.000288268 0.0102003 0.000432401 0.0187275 0.000245027 0 0.00110262 0 0 1.91333 0.00257732 4.09841 0.0211356 22.883 0.438356
47 1.395 0 0.000144134 0.034458 0.00123234 0 0.000288268 0 0.000432401 0.0358663 0.000288268 0 0.00110262 0 0 0.91607 0.00309278 1.68096 0.022082 24.3336 0.452055
48 1.425 0 0.000144134 0.0507107 0.00154223 0 0.000288268 0 0.000432401 0.0687669 0.000374748 0.0248918 0.00110983 0 0 6.14439 0.00670103 2.14887 0.0233438 30.3221 0.469863
49 1.455 0 0.000144134 0.0294092 0.00172961 0 0.000288268 0 0.000432401 0.1209 0.000533295 0.0238538 0.00111704 0 0 5.89298 0.0103093 1.54583 0.0242902 22.3695 0.483562
50 1.485 0 0.000144134 0.0477842 0.0020467 0 0.000288268 0 0.000432401 0.079127 0.000641395 0.0229054 0.00112424 0 0 8.88986 0.0159794 2.96832 0.026183 17.1835 0.494521
51 1.515 0.000231572 0.000158547 0.0302576 0.00225569 0.0108591 0.000295474 0.00827861 0.000439608 0.0861827 0.000763909 0 0.00112424 0 0 10.0948 0.0226804 3.32635 0.0283912 28.8925 0.513699
52 1.545 0 0.000158547 0.0361189 0.00251513 0.0313051 0.000317094 0.00796203 0.000446815 0.160855 0.00100173 0.0211546 0.00113145 0 0 17.1754 0.0345361 2.28506 0.0299685 39.6884 0.541096
53 1.575 0 0.000158547 0.0347588 0.00277457 0 0.000317094 0.00766256 0.000454021 0.150085 0.00123234 0.02038 0.00113866 0.0904704 6.49351e-05 21.5555 0.05 5.27636 0.0337539 38.1888 0.568493
54 1.605 0 0.000158547 0.0288203 0.00299798 0.0193493 0.000331508 0.00738338 0.000461228 0.266447 0.00165754 0.0196053 0.00114586 0.174355 0.000194805 14.5308 0.0608247 4.23442 0.0369085 27.5818 0.589041
55 1.635 0 0.000158547 0.0277714 0.00322139 0.0559316 0.000374748 0.0142174 0.000475641 0.348165 0.00223407 0 0.00114586 0 0.000194805 13.3356 0.071134 1.63208 0.0381703 24.8072 0.608219
56 1.665 0 0.000158547 0.035419 0.00351686 0.0539405 0.000417988 0.0274302 0.000504468 0.214009 0.00260161 0 0.00114586 0.162013 0.000324675 16.0743 0.0840206 1.96773 0.0397476 20.5061 0.624658
57 1.695 0 0.000158547 0.0183362 0.00367541 0.199498 0.000583742 0.0132354 0.000518882 0.303715 0.00314212 0.0175932 0.00115307 0.0781185 0.00038961 16.1287 0.0974227 3.417 0.0425868 21.4371 0.642466
58 1.725 0 0.000158547 0.0249498 0.00389882 0.267996 0.000814356 0.0191707 0.000540502 0.238506 0.00358172 0 0.00115307 0.15098 0.000519481 32.9433 0.125773 3.29895 0.0454259 12.738 0.653425
59 1.755 0 0.000158547 0.0248832 0.00412943 0.857572 0.00157826 0.0308644 0.000576535 0.196425 0.00395647 0 0.00115307 0.218694 0.000714286 32.9866 0.155155 5.31215 0.0501577 12.3002 0.664384
60 1.785 0 0.000158547 0.027059 0.00438887 1.25914 0.00273854 0.047731 0.000634189 0.153365 0.00425915 0 0.00115307 0.493177 0.00116883 43.6314 0.195361 4.79306 0.0545741 23.7864 0.686301
61 1.815 0 0.000158547 0.0334407 0.00472038 2.05753 0.00469876 0.0692528 0.000720669 0.12007 0.00450418 0 0.00115307 1.15876 0.00227273 39.4984 0.23299 6.62245 0.0608833 31.6307 0.716438
62 1.845 0.000156151 0.000172961 0.0478429 0.00521044 2.56953 0.00722831 0.117282 0.000872009 0.140138 0.00479965 0 0.00115307 0.923552 0.00318182 34.0326 0.266495 5.12647 0.0659306 30.6131 0.746575
63 1.875 0.000151194 0.000187374 0.0987701 0.00625541 2.82817 0.0101038 0.129771 0.00104497 0.0959667 0.00500865 0 0.00115307 0.574852 0.00376623 48.6717 0.315979 6.20466 0.0722397 25.6009 0.772603
64 1.905 0.000146427 0.000201787 0.120103 0.00756702 4.05831 0.0143629 0.0943047 0.00117469 0.0897756 0.00521044 0 0.00115307 0.556698 0.00435065 42.2348 0.360309 1.8037 0.0741325 19.5767 0.793151
65 1.935 0.000142053 0.000216201 0.198919 0.0098083 3.95997 0.0186509 0.147244 0.00138368 0.0838918 0.00540502 0 0.00115307 0.599703 0.005 30.9436 0.393814 3.20486 0.0776025 17.7132 0.812329
66 1.965 0.00068856 0.000288268 0.287783 0.0131522 4.1562 0.023292 0.132925 0.00157826 0.1145 0.00567887 0 0.00115307 0.407086 0.00545455 29.0823 0.426289 4.23797 0.0823344 30.6699 0.846575
67 1.995 0.00160301 0.000461228 0.393529 0.0178654 3.96955 0.0278611 0.138541 0.00178726 0.149071 0.00604641 0 0.00115307 0.225607 0.00571429 30.4546 0.46134 4.65892 0.0876972 27.3704 0.878082
68 2.025 0.00207406 0.000691842 0.431605 0.0231911 3.31807 0.0317959 0.176174 0.00206111 0.295074 0.00679591 0 0.00115307 0.328568 0.0061039 22.1687 0.487629 2.6602 0.0908517 23.1003 0.905479
69 2.055 0.00516137 0.00128279 0.551786 0.0302032 2.69673 0.0350894 0.297103 0.00253675 0.435284 0.00793456 0.0119692 0.00116028 0.372253 0.00655844 14.3491 0.505155 2.32482 0.0936909 25.7967 0.936986
70 2.085 0.0106398 0.00253675 0.72223 0.0396512 2.22979 0.0378928 0.323602 0.00307005 0.760058 0.00998126 0 0.00116028 0.413201 0.00707792 8.60973 0.515979 2.25809 0.09653 14.1674 0.954795
71 2.115 0.0202028 0.00498703 0.838937 0.0509441 1.57658 0.0399323 0.433493 0.00380513 0.897302 0.0124676 0.033881 0.0011819 0.251026 0.0074026 4.38336 0.521649 3.65787 0.101262 5.29421 0.961644
72 2.145 0.0417108 0.0101903 1.01083 0.0649395 1.26741 0.0416186 0.785048 0.0051744 1.20108 0.0158907 0.0219576 0.00119631 0.439277 0.00798701 6.58648 0.530412 3.08237 0.105363 4.1183 0.967123
73 2.175 0.0806865 0.0205391 1.23169 0.0824733 1.10093 0.0431248 1.12118 0.00718507 1.45107 0.0201427 0.0106818 0.00120352 0.474599 0.00863636 2.26005 0.533505 1.38331 0.107256 3.00319 0.971233
74 2.205 0.155702 0.0410637 1.46343 0.103884 0.763674 0.0441986 1.12609 0.00926059 1.47166 0.0245748 0.0311617 0.00122514 0.323222 0.00909091 1.83323 0.536082 2.01905 0.110095 9.74341 0.984932
75 2.235 0.338432 0.0868982 1.61759 0.1282 0.853056 0.045431 1.31306 0.0117469 1.5186 0.0292736 0.0101191 0.00123234 0.35961 0.00961039 1.78384 0.53866 2.4017 0.113565 7.58601 0.99589
76 2.265 0.612217 0.172052 1.75427 0.155283 0.558636 0.0462597 1.43036 0.0145287 1.74845 0.0348299 0.0590783 0.00127558 0.262572 0.01 1.38972 0.540722 2.76425 0.117666 8.30915 1.00822
77 2.295 1.05152 0.322211 1.85921 0.184751 0.539357 0.0470813 1.35712 0.0172384 1.92175 0.0410997 0.0863374 0.00134044 0.298431 0.0104545 2.0307 0.543814 2.27888 0.121136 3.59666 1.0137
78 2.325 1.64483 0.563275 1.96087 0.216647 0.525541 0.0479029 1.52632 0.0203661 2.13722 0.048256 0.233628 0.00152061 0.249212 0.0108442 1.31903 0.545876 3.02666 0.125868 7.01055 1.02466
79 2.355 2.29613 0.908533 2.03041 0.250533 0.435853 0.0486019 1.77221 0.024092 2.22363 0.0558951 0.191303 0.00167195 0.242898 0.0112338 2.57071 0.55 3.14656 0.130915 11.1032 1.04247
80 2.385 2.9078 1.35698 1.98809 0.284563 0.324177 0.0491352 1.87159 0.0281277 2.15988 0.0635053 0.3464 0.00195301 0.236785 0.0116234 1.88028 0.553093 3.26045 0.136278 5.83053 1.05205
81 2.415 3.38228 1.8918 1.93324 0.318492 0.303371 0.0496469 2.15137 0.0328841 2.18835 0.0714111 0.502458 0.002371 0.230952 0.012013 1.52779 0.55567 3.17951 0.14164 12.9959 1.07397
82 2.445 3.73841 2.49771 1.77592 0.35044 0.225106 0.050036 2.36921 0.0382531 1.94621 0.0786178 0.625416 0.0029043 0.150242 0.0122727 2.38516 0.559794 2.18955 0.145426 7.13106 1.0863
83 2.475 3.91831 3.14846 1.62172 0.380333 0.240022 0.0504612 2.32142 0.0436437 1.87082 0.0857163 0.668064 0.00348804 0.183311 0.0125974 2.03727 0.563402 4.27356 0.152997 6.1854 1.09726
84 2.505 3.9222 3.81574 1.52662 0.40916 0.222381 0.0508648 2.40851 0.049373 1.85037 0.0929086 0.877583 0.00427357 0.0357701 0.0126623 1.70452 0.566495 1.91229 0.156467 3.77475 1.10411
85 2.535 3.85853 4.48801 1.39752 0.436185 0.151229 0.0511459 2.0323 0.054324 1.80141 0.100079 0.856931 0.00505909 0.0699053 0.0127922 0.832231 0.568041 1.35769 0.158991 2.21099 1.10822
86 2.565 3.66086 5.14102 1.36429 0.463195 0.227252 0.0515783 1.88978 0.0590372 1.65872 0.106839 0.890756 0.00589507 0.0682249 0.0129221 0 0.568041 0.497473 0.159937 2.88003 1.1137
87 2.595 3.47629 5.7757 1.281 0.489154 0.192442 0.051953 1.76729 0.0635486 1.51 0.113138 0.74277 0.00660853 0 0.0129221 0.264617 0.568557 2.42989 0.164669 7.03284 1.1274
88 2.625 3.2817 6.38879 1.20082 0.514053 0.224223 0.0523998 1.54777 0.0675915 1.44701 0.119314 0.762533 0.00735803 0.0325773 0.012987 0.775999 0.570103 3.00704 0.170662 2.7505 1.13288
89 2.655 3.04641 6.971 1.08753 0.537122 0.162628 0.0527313 1.52651 0.0716705 1.50363 0.125879 0.781224 0.00814356 0 0.012987 0.252735 0.570619 3.40431 0.177603 6.7192 1.14658
90 2.685 2.81591 7.52139 0.927499 0.557243 0.276518 0.0533079 1.16295 0.0748487 1.36531 0.131976 0.69382 0.00885702 0.0623066 0.0131169 0.741687 0.572165 3.78271 0.185489 3.94248 1.15479
91 2.715 2.61093 8.04318 0.804109 0.575079 0.223143 0.0537835 1.03421 0.0777385 1.37161 0.138239 0.657971 0.00954886 0.0304764 0.0131818 0.725479 0.573711 2.9601 0.191798 3.21258 1.16164
92 2.745 2.35923 8.52515 0.691921 0.590768 0.264581 0.05436 0.928452 0.0803906 1.34488 0.144516 0.764381 0.0103704 0 0.0131818 1.41871 0.576804 3.47431 0.199369 4.40087 1.17123
93 2.775 2.09773 8.96312 0.592765 0.604504 0.258892 0.0549366 0.839382 0.0828409 1.192 0.150202 0.820079 0.0112713 0 0.0131818 3.00908 0.583505 2.54989 0.205047 1.84536 1.17534
94 2.805 1.84182 9.35601 0.492789 0.616172 0.281894 0.055578 0.71277 0.0849668 1.15929 0.155852 0.821913 0.0121937 0.142669 0.0135065 2.26551 0.58866 1.66384 0.208833 1.80594 1.17945
95 2.835 1.61063 9.70698 0.437123 0.626744 0.300749 0.056277 0.695414 0.0870856 0.964094 0.160651 0.848611 0.0131666 0.167579 0.0138961 3.99201 0.597938 1.76434 0.212934 1.17892 1.18219
96 2.865 1.39754 10.018 0.396802 0.636545 0.300544 0.0569905 0.576701 0.0888801 0.853287 0.16499 0.806305 0.0141107 0.136801 0.0142208 3.04041 0.605155 2.65789 0.219243 1.15417 1.18493
97 2.895 1.19404 10.2893 0.326613 0.644782 0.425195 0.058021 0.576162 0.0907106 0.770467 0.16899 0.675194 0.0149178 0.160716 0.0146104 3.19016 0.612887 1.17147 0.222082 2.82575 1.19178
98 2.925 1.01898 10.5257 0.291962 0.652299 0.45145 0.0591381 0.606621 0.092678 0.698968 0.172694 0.64954 0.0157106 0.15753 0.015 3.54139 0.621649 1.78504 0.226498 3.87566 1.20137
99 2.955 0.870125 10.7317 0.250954 0.658893 0.502269 0.0604065 0.557366 0.0945229 0.706181 0.176513 0.590162 0.0164457 0.257166 0.0156494 4.08291 0.631959 1.24895 0.229653 1.62707 1.20548
100 2.985 0.745922 10.9119 0.235454 0.665206 0.469869 0.0616172 0.571815 0.0964543 0.614997 0.179908 0.606682 0.0172168 0.251963 0.0162987 2.00029 0.637113 1.59133 0.233754 1.5941 1.20959
101 3.015 0.655123 11.0733 0.226572 0.671404 0.567467 0.063109 0.621125 0.0985947 0.677071 0.18372 0.761399 0.0182041 0.246996 0.0169481 3.92116 0.647423 1.56003 0.237855 1.04233 1.21233
102 3.045 0.560227 11.2142 0.19966 0.676975 0.491847 0.0644278 0.572073 0.100605 0.559635 0.186934 0.719241 0.0191554 0.217981 0.0175325 2.88325 0.655155 1.88209 0.242902 0.510651 1.2137
103 3.075 0.489982 11.3398 0.198318 0.682617 0.571897 0.0659916 0.623259 0.102839 0.529089 0.190033 0.566375 0.0199193 0.261202 0.0182468 3.39269 0.664433 1.6151 0.247319 0 1.2137
104 3.105 0.421834 11.45 0.192764 0.68821 0.633275 0.0677573 0.538312 0.104807 0.459777 0.192779 0.550229 0.020676 0.395946 0.0193506 2.95839 0.67268 3.16814 0.256151 0.491648 1.21507
105 3.135 0.368474 11.5482 0.184216 0.693658 0.742892 0.0698688 0.518368 0.106738 0.488884 0.195755 0.467806 0.0213318 0.365575 0.0203896 3.26413 0.681959 2.8853 0.264353 0.482193 1.21644
106 3.165 0.334242 11.639 0.195565 0.699553 0.811001 0.0722182 0.499138 0.108634 0.492432 0.198811 0.453914 0.0219804 0.246561 0.0211039 3.91461 0.693299 3.04858 0.273186 0.472743 1.21781
107 3.195 0.2931 11.7201 0.19214 0.705455 0.761653 0.0744667 0.491642 0.110536 0.52085 0.202104 0.410838 0.0225786 0.329961 0.0220779 3.14332 0.702577 3.84727 0.284543 0.46434 1.21918
108 3.225 0.255062 11.792 0.196184 0.711596 0.89852 0.0771692 0.469772 0.112388 0.536934 0.205564 0.378892 0.0231407 0.518107 0.0236364 3.08509 0.711856 4.71963 0.298738 0 1.21918
109 3.255 0.243607 11.862 0.209313 0.718269 1.03488 0.0803402 0.511414 0.114442 0.557838 0.209225 0.343324 0.0236596 0.254324 0.0244156 2.69178 0.720103 4.22136 0.311672 2.68257 1.2274
110 3.285 0.224103 11.9276 0.21217 0.725159 0.935263 0.0832589 0.447476 0.116273 0.580051 0.213102 0.402617 0.0242793 0.582554 0.0262338 1.98248 0.726289 3.63896 0.323028 3.07277 1.23699
111 3.315 0.211114 11.9905 0.213574 0.732221 1.08393 0.0867037 0.38405 0.117873 0.573839 0.217008 0.386158 0.0248847 0.592519 0.0281169 2.91935 0.735567 6.05461 0.342271 2.58574 1.24521
112 3.345 0.194233 12.0494 0.239508 0.740285 1.12916 0.0903575 0.426471 0.119681 0.611416 0.221245 0.365745 0.0254684 0.401343 0.0294156 2.86765 0.744845 5.45918 0.359937 4.65683 1.26027
113 3.375 0.188647 12.1077 0.275011 0.749712 1.08727 0.0939392 0.489022 0.121793 0.595471 0.225447 0.354856 0.026045 0.670216 0.0316234 2.34725 0.752577 5.65059 0.378549 7.90163 1.2863
114 3.405 0.190244 12.1675 0.283191 0.759592 1.12196 0.0977011 0.498469 0.123984 0.586034 0.229656 0.396549 0.0267008 0.522942 0.0333766 3.99664 0.765979 6.49161 0.400315 6.94448 1.30959
115 3.435 0.194731 12.2297 0.314805 0.77077 1.11937 0.101521 0.530087 0.126355 0.606419 0.234088 0.329696 0.0272557 0.799287 0.0361039 1.96378 0.77268 6.28645 0.421767 7.22623 1.33425
116 3.465 0.200186 12.2949 0.319955 0.782329 1.12703 0.105434 0.606451 0.129115 0.601771 0.238563 0.366092 0.0278827 1.0099 0.0396104 2.82026 0.782474 5.36027 0.440379 4.34171 1.34932
117 3.495 0.208471 12.364 0.3784 0.796238 1.15876 0.109527 0.596079 0.131875 0.595299 0.243067 0.351582 0.0284952 0.845527 0.0425974 2.33436 0.790722 6.2508 0.462461 4.26549 1.36438
118 3.525 0.215163 12.4364 0.395883 0.811041 1.15519 0.113678 0.619647 0.134794 0.60863 0.247752 0.459443 0.0293096 1.01198 0.0462338 2.58231 0.8 5.70642 0.482965 2.28716 1.3726
119 3.555 0.23384 12.5166 0.422966 0.827126 1.16733 0.117945 0.589681 0.137619 0.64627 0.252811 0.491714 0.030196 0.870596 0.0494156 1.83359 0.806701 5.95499 0.504732 2.24841 1.38082
120 3.585 0.254102 12.6051 0.442557 0.844242 1.14786 0.122211 0.600549 0.140545 0.646347 0.257956 0.444202 0.0310104 1.27529 0.0541558 1.38711 0.811856 6.11122 0.527445 2.21147 1.38904
121 3.615 0.269266 12.7005 0.468595 0.862669 1.18609 0.126694 0.673535 0.143882 0.665055 0.26334 0.525792 0.0319905 1.28865 0.059026 1.90941 0.819072 6.4276 0.551735 0.725062 1.39178
122 3.645 0.317428 12.8148 0.484533 0.882041 1.08786 0.130873 0.6525 0.147168 0.745222 0.269472 0.441132 0.0328265 1.28432 0.063961 1.87815 0.826289 5.74714 0.573817 1.78241 1.39863
123 3.675 0.345334 12.9413 0.492968 0.902076 1.04256 0.134945 0.689755 0.150699 0.765831 0.275879 0.400256 0.0335976 1.41311 0.0694805 2.24353 0.835052 5.73486 0.596215 1.75333 1.40548
124 3.705 0.379961 13.0827 0.4824 0.922002 0.962142 0.138765 0.763095 0.15467 0.818748 0.282841 0.463742 0.0345056 1.58676 0.0757792 1.81772 0.842268 5.80106 0.619243 4.14029 1.42192
125 3.735 0.431772 13.246 0.512447 0.943514 0.930658 0.142519 0.715454 0.158453 0.769774 0.289493 0.420105 0.0353416 1.19104 0.0805844 2.0444 0.850515 5.55148 0.64164 2.37689 1.43151
126 3.765 0.479258 13.4302 0.548581 0.966914 0.977436 0.146526 0.85563 0.163051 0.874107 0.297168 0.484733 0.0363217 1.67912 0.0874675 1.76021 0.857732 5.46394 0.664038 2.67301 1.44247
127 3.795 0.533505 13.6385 0.585336 0.992282 0.951655 0.15049 0.831614 0.167592 0.853886 0.304785 0.564781 0.037482 1.54345 0.0938961 1.23771 0.862887 4.61985 0.683281 3.94603 1.4589
128 3.825 0.600746 13.8768 0.596647 1.01855 0.926604 0.15441 0.934255 0.172773 0.829403 0.312302 0.590497 0.0387143 1.76491 0.101364 0.9746 0.86701 5.36827 0.705994 3.88487 1.47534
129 3.855 0.673642 14.1482 0.624943 1.0465 0.915562 0.158345 0.871185 0.177681 0.868221 0.320294 0.611939 0.0400115 1.84333 0.109286 2.03887 0.875773 4.69776 0.726183 4.46297 1.49452
130 3.885 0.74658 14.4537 0.667542 1.07682 0.89651 0.162259 0.872888 0.182675 0.874138 0.328466 0.63599 0.0413808 1.32403 0.115065 1.41687 0.881959 4.11957 0.744164 6.59062 1.52329
131 3.915 0.830009 14.7986 0.692814 1.10877 0.884456 0.166179 0.945151 0.188167 0.937458 0.337367 0.609795 0.042714 1.64082 0.122338 2.44212 0.892784 5.69372 0.769401 2.78181 1.53562
132 3.945 0.926877 15.1897 0.732645 1.14308 0.989551 0.170633 0.945491 0.193745 0.891097 0.345957 0.594074 0.0440329 1.93331 0.131039 2.06175 0.902062 3.78467 0.786435 4.5658 1.55616
133 3.975 1.02805 15.6301 0.770274 1.17971 1.02355 0.17531 0.933662 0.199337 0.988874 0.355636 0.649114 0.0454958 1.63425 0.138506 2.36915 0.912887 4.2112 0.805678 1.19898 1.56164
134 4.005 1.1355 16.1239 0.779377 1.21732 1.02072 0.180045 0.969528 0.205232 0.97922 0.365365 0.554354 0.0467642 1.84782 0.147078 3.88937 0.930928 5.10046 0.829338 1.77202 1.56986
135 4.035 1.22731 16.6657 0.784761 1.25577 1.01478 0.184823 0.957513 0.211142 0.981862 0.375267 0.713714 0.0484217 1.6273 0.15474 2.29891 0.941753 3.75194 0.847003 0.872773 1.57397
136 4.065 1.31708 17.2558 0.818868 1.29649 1.03455 0.189767 0.965238 0.217188 1.02022 0.385709 0.715433 0.0501081 1.94317 0.164026 2.3732 0.953093 3.9607 0.865931 1.433 1.58082
137 4.095 1.4064 17.8952 0.828055 1.33827 1.12199 0.195208 1.03848 0.223789 1.01296 0.396231 0.732118 0.0518593 1.87465 0.173117 1.48807 0.960309 3.2524 0.881703 0.282665 1.58219
138 4.125 1.469 18.5728 0.841666 1.38137 1.03983 0.200324 1.03346 0.230455 1.0311 0.407099 0.700725 0.0535601 1.75498 0.181753 1.78087 0.969072 3.71847 0.9 1.6708 1.59041
139 4.155 1.53094 19.2894 0.842316 1.42513 1.07248 0.205679 1.02849 0.237187 1.00616 0.417858 0.702355 0.0552897 1.72981 0.19039 3.30362 0.985567 2.96956 0.914826 0.548641 1.59315
140 4.185 1.56535 20.0327 0.831923 1.46898 1.16815 0.211596 1.01926 0.243954 0.989132 0.428589 0.78463 0.0572499 1.6923 0.198961 2.23886 0.996907 3.05146 0.930284 1.35229 1.6
141 4.215 1.58958 20.7984 0.826331 1.51315 1.07162 0.217101 1.04118 0.250966 1.03075 0.439932 0.790552 0.0592534 1.98422 0.209156 2.00631 1.00722 2.08757 0.941009 2.39943 1.61233
142 4.245 1.58808 21.5743 0.83861 1.55863 1.16026 0.223148 1.06869 0.258266 0.991702 0.451002 0.765401 0.0612208 1.53258 0.217143 2.86863 1.02216 1.6344 0.949527 4.46919 1.63562
143 4.275 1.58077 22.3575 0.807356 1.60303 1.19312 0.229454 0.964303 0.264947 0.963198 0.461905 0.81831 0.063354 1.73241 0.226299 2.24327 1.03402 1.61138 0.958044 4.40561 1.6589
144 4.305 1.55351 23.1381 0.787361 1.64694 1.09719 0.235334 0.969387 0.271757 0.957368 0.472896 0.725168 0.065271 1.58717 0.234805 2.59693 1.04794 1.47146 0.965931 4.34514 1.68219
145 4.335 1.54218 23.9238 0.782619 1.69119 1.17888 0.241741 0.980276 0.27874 0.925577 0.48367 0.682898 0.0671015 1.72064 0.244156 2.56098 1.06186 2.03149 0.976972 2.01633 1.69315
146 4.365 1.49139 24.6942 0.772015 1.73546 1.10256 0.247816 1.05367 0.286351 0.946502 0.49484 0.81405 0.0693139 1.61453 0.253052 2.52568 1.07577 2.00384 0.988013 2.73457 1.70822
147 4.395 1.46717 25.4626 0.801068 1.78202 1.06822 0.253784 0.993074 0.293622 0.948648 0.506191 0.719291 0.0712958 1.6855 0.262468 2.30674 1.08866 1.75064 0.997792 1.96166 1.71918
148 4.425 1.42598 26.2196 0.774592 1.82766 1.07033 0.259844 0.966049 0.300793 0.96556 0.517901 0.650217 0.0731118 1.67418 0.271948 1.63829 1.09794 2.06141 1.00946 2.17755 1.73151
149 4.455 1.38339 26.964 0.758402 1.87295 1.06852 0.265977 0.87648 0.307387 0.96137 0.52972 0.789136 0.0753459 1.74225 0.281948 2.87397 1.11443 2.08842 1.02145 1.90944 1.74247
150 4.485 1.35173 27.7012 0.774713 1.91985 0.910549 0.271274 0.878946 0.314089 1.03591 0.542628 0.688191 0.0773206 1.46232 0.290455 1.86077 1.12526 2.00654 1.03312 1.41263 1.75068
151 4.515 1.30215 28.4208 0.749889 1.96585 0.905812 0.276614 0.832799 0.320525 0.998777 0.555239 0.686505 0.0793168 1.33278 0.298312 1.22427 1.13247 1.81925 1.04385 1.62683 1.76027
152 4.545 1.27997 29.1377 0.752306 2.01261 0.844458 0.281659 0.944237 0.327919 0.958039 0.567498 0.660334 0.0812626 1.54352 0.307532 1.03561 1.13866 2.7986 1.06057 0.458728 1.76301
153 4.575 1.25724 29.8511 0.767188 2.06093 0.858417 0.286855 0.895581 0.335025 0.936626 0.579641 0.649321 0.0832012 1.53409 0.316818 1.10727 1.14536 1.82401 1.07161 2.26292 1.77671
154 4.605 1.23279 30.5599 0.764461 2.10971 0.85552 0.292101 0.900077 0.34226 0.918441 0.591705 0.631326 0.085111 1.56707 0.326429 1.4288 1.15412 1.44032 1.08044 1.34006 1.78493
155 4.635 1.22975 31.2762 0.751025 2.15827 0.80502 0.297103 0.893765 0.349539 0.887618 0.603517 0.719649 0.0873162 1.48416 0.335649 1.82518 1.16546 2.03126 1.09306 1.98431 1.79726
156 4.665 1.2209 31.9965 0.752846 2.20757 0.805011 0.302169 0.913777 0.357077 0.896557 0.615602 0.654685 0.0893485 1.48573 0.345 1.71986 1.17629 1.80439 1.10442 2.177 1.81096
157 4.695 1.23178 32.7327 0.776279 2.25906 0.795892 0.307243 0.841745 0.364111 0.929996 0.628301 0.655502 0.0914096 1.37515 0.353766 2.58757 1.19278 1.38555 1.11325 0.859699 1.81644
158 4.725 1.23334 33.4792 0.766029 2.31052 0.703207 0.311783 0.857504 0.371368 0.921349 0.641042 0.654002 0.0934924 1.36779 0.362597 1.91609 1.20515 1.07493 1.12019 1.06102 1.82329
159 4.755 1.24183 34.2405 0.778846 2.36351 0.651361 0.316042 0.848404 0.378639 0.934471 0.654129 0.719522 0.0958129 1.34066 0.371364 2.1285 1.21907 1.78506 1.13186 0.628416 1.8274
160 4.785 1.25166 35.0174 0.750382 2.41521 0.654119 0.320373 0.869324 0.386185 0.921266 0.667195 0.611221 0.0978092 1.18669 0.379221 1.01182 1.22577 0.952821 1.13817 1.65474 1.83836
161 4.815 1.25368 35.8055 0.761933 2.46837 0.61805 0.324517 0.89791 0.394076 0.912319 0.680297 0.721278 0.100195 1.29779 0.387922 1.6144 1.2366 1.74103 1.14984 1.43039 1.84795
162 4.845 1.25887 36.6066 0.767112 2.52256 0.597679 0.328575 0.938637 0.402429 0.944185 0.694026 0.753289 0.102717 1.46351 0.397857 0.987088 1.2433 1.57993 1.16057 0.605421 1.85205
163 4.875 1.27012 37.425 0.776043 2.57806 0.590337 0.332632 0.955124 0.411033 0.928184 0.70769 0.690913 0.105059 1.52111 0.408312 1.42515 1.25309 1.60637 1.17161 1.3954 1.86164
164 4.905 1.27478 38.2565 0.762097 2.63323 0.570716 0.336603 0.916617 0.419393 0.917357 0.721361 0.67617 0.10738 1.40922 0.418117 1.40778 1.26289 1.26942 1.18044 1.37794 1.87123
165 4.935 1.27364 39.0975 0.753551 2.68845 0.618046 0.340956 0.903943 0.427739 0.910532 0.735097 0.699132 0.109808 1.29999 0.427273 1.61002 1.27423 1.97059 1.19432 0.777867 1.87671
166 4.965 1.26807 39.945 0.760604 2.74488 0.564097 0.344977 0.836773 0.435558 0.89767 0.748804 0.653811 0.112107 1.30257 0.436558 1.30155 1.28351 2.16835 1.20978 1.34476 1.8863
167 4.995 1.26703 40.8021 0.746404 2.80092 0.573306 0.349114 0.876254 0.443845 0.854293 0.762006 0.688469 0.114558 1.57492 0.447922 1.71461 1.29588 1.92366 1.22366 1.70908 1.89863
168 5.025 1.23673 41.6488 0.719207 2.85556 0.616819 0.353618 0.819162 0.451686 0.825689 0.774921 0.680302 0.117008 1.23605 0.456948 1.34112 1.30567 1.77115 1.23659 1.8759 1.91233
169 5.055 1.21997 42.4939 0.733089 2.91193 0.638782 0.358338 0.816142 0.459592 0.839146 0.788203 0.618852 0.119263 1.52889 0.468247 1.11604 1.31392 2.60419 1.25584 1.85356 1.92603
170 5.085 1.19696 43.3331 0.719192 2.96789 0.656331 0.363246 0.81464 0.467577 0.858969 0.80196 0.627202 0.121577 1.56298 0.479935 1.03391 1.32165 1.35004 1.26593 2.1983 1.94247
171 5.115 1.15689 44.1537 0.691467 3.02233 0.701968 0.368557 0.788387 0.475396 0.857374 0.815855 0.672019 0.124085 1.46763 0.491039 2.31611 1.33918 1.58426 1.27792 1.44854 1.95342
172 5.145 1.13326 44.967 0.672753 3.07592 0.71545 0.374034 0.804363 0.483468 0.787167 0.828762 0.658464 0.126571 1.31478 0.501104 1.88547 1.35361 2.38997 1.29621 1.96828 1.96849
173 5.175 1.10454 45.769 0.659789 3.12909 0.716494 0.379583 0.708472 0.49066 0.818058 0.842332 0.609359 0.128899 1.61814 0.513636 2.39608 1.37216 1.58863 1.30852 1.06132 1.97671
174 5.205 1.06603 46.552 0.637007 3.18102 0.750576 0.385464 0.716477 0.498018 0.800477 0.855765 0.598621 0.131212 1.40073 0.52461 1.77641 1.38608 1.97298 1.32397 2.09801 1.99315
175 5.235 1.01888 47.309 0.635838 3.23346 0.779267 0.39164 0.704106 0.505333 0.773933 0.868903 0.632324 0.133684 1.54042 0.536818 1.95106 1.40155 2.22895 1.34164 3.11087 2.01781
176 5.265 0.97759 48.0437 0.596822 3.28324 0.871994 0.398631 0.71393 0.512835 0.805853 0.88274 0.616032 0.13612 1.74956 0.550844 2.3149 1.4201 2.20354 1.35931 2.39246 2.03699
177 5.295 0.936684 48.7558 0.597169 3.33363 0.924385 0.406126 0.695704 0.520229 0.789274 0.896447 0.576623 0.138426 1.50562 0.563052 1.08093 1.42887 2.06198 1.37603 3.5484 2.06575
178 5.325 0.90019 49.4478 0.572041 3.38244 0.870038 0.41326 0.643624 0.527148 0.783683 0.910212 0.516714 0.140516 1.59161 0.576104 0.942873 1.4366 2.11563 1.39338 2.50574 2.0863
179 5.355 0.856132 50.1134 0.564405 3.43114 1.04196 0.421901 0.676886 0.534506 0.784265 0.924142 0.537359 0.142714 1.5034 0.588571 1.55387 1.44948 2.35852 1.41293 2.47793 2.10685
180 5.385 0.81067 50.7507 0.551026 3.47922 0.981371 0.430131 0.666082 0.541828 0.771136 0.937994 0.566245 0.145056 1.8583 0.604156 1.59808 1.46289 1.95592 1.42934 4.24705 2.14247
181 5.415 0.769165 51.3622 0.541424 3.527 0.995198 0.43857 0.665851 0.549229 0.747145 0.951564 0.546193 0.147341 1.64638 0.618117 1.3981 1.47474 2.12055 1.44732 3.06944 2.16849
182 5.445 0.729963 51.949 0.520853 3.57346 1.04054 0.447492 0.663027 0.556681 0.744439 0.965235 0.526577 0.149568 1.9692 0.635 1.86366 1.49072 2.13417 1.46562 1.91696 2.18493
183 5.475 0.696235 52.5148 0.508131 3.6193 1.04001 0.456508 0.641825 0.563974 0.718033 0.978567 0.571374 0.152011 1.97 0.652078 2.02177 1.50825 2.32893 1.4858 2.52807 2.20685
184 5.505 0.665385 53.0615 0.506712 3.66551 1.05255 0.465732 0.674999 0.571728 0.784722 0.993298 0.540138 0.154346 2.05973 0.67013 1.5879 1.52216 1.97974 1.50315 1.40694 2.21918
185 5.535 0.63185 53.5863 0.499133 3.71152 1.07779 0.475281 0.637918 0.579137 0.760665 1.00773 0.502972 0.156544 1.82508 0.686299 1.74545 1.53763 2.10074 1.52177 2.62856 2.24247
186 5.565 0.603583 54.0931 0.495693 3.75772 1.07662 0.484924 0.66419 0.586934 0.799813 1.02308 0.569324 0.159059 1.77632 0.702208 2.30218 1.55825 2.2543 1.54196 2.1414 2.26164
187 5.595 0.58223 54.5873 0.495755 3.80442 1.12563 0.495114 0.633421 0.594451 0.766377 1.03794 0.572963 0.161617 1.91517 0.719545 1.93608 1.57577 1.74231 1.55773 2.5723 2.28493
188 5.625 0.560079 55.0677 0.509177 3.8529 1.16015 0.505729 0.616477 0.601845 0.767775 1.05298 0.582803 0.164248 2.0368 0.738182 2.42259 1.59794 1.44785 1.57098 3.29309 2.31507
189 5.655 0.548264 55.5431 0.492846 3.90032 1.2024 0.516849 0.655119 0.609787 0.828052 1.06939 0.551397 0.166763 1.8045 0.75487 2.22917 1.61856 1.56895 1.58549 3.40681 2.34658
190 5.685 0.547856 56.0231 0.497003 3.94866 1.13657 0.527472 0.628238 0.617483 0.822206 1.08585 0.493968 0.16904 1.85492 0.772208 2.3163 1.64021 1.85638 1.60284 3.81042 2.38219
191 5.715 0.540019 56.5013 0.496999 3.99751 1.19101 0.538722 0.615248 0.625101 0.844595 1.10293 0.433116 0.171058 1.93869 0.790519 1.74637 1.6567 1.20235 1.6142 2.75543 2.40822
192 5.745 0.54654 56.9904 0.49915 4.04708 1.23373 0.550497 0.61748 0.632826 0.90347 1.1214 0.410247 0.172989 2.09535 0.810519 2.48413 1.68041 1.2559 1.62618 4.3057 2.44932
193 5.775 0.541592 57.4801 0.502815 4.09754 1.17759 0.561855 0.648695 0.641028 1.02111 1.1425 0.393872 0.174863 2.45742 0.834221 2.88591 1.70825 1.63531 1.64196 3.97682 2.48767
194 5.805 0.566428 57.9976 0.502959 4.14854 1.20981 0.573645 0.622844 0.648984 1.10344 1.16553 0.443772 0.176996 2.84519 0.861948 3.17358 1.73918 1.52156 1.65678 3.37333 2.52055
195 5.835 0.577825 58.531 0.498433 4.19961 1.16522 0.585118 0.642127 0.657272 1.17483 1.19031 0.36059 0.178747 2.73689 0.888896 2.67009 1.76546 2.05059 1.67697 1.39119 2.53425
196 5.865 0.594739 59.0856 0.506995 4.25209 1.17361 0.596793 0.662652 0.665912 0.957881 1.21072 0.431821 0.180866 2.56529 0.914416 1.55455 1.78093 1.90256 1.6959 1.37714 2.54795
197 5.895 0.652634 59.7005 0.551602 4.30977 1.20044 0.608857 0.624744 0.674142 0.766023 1.22721 0.497224 0.183331 2.49406 0.939481 0.718168 1.78814 1.03577 1.70631 1.6362 2.56438
198 5.925 0.734932 60.4 0.684723 4.38211 1.1755 0.620791 0.780903 0.684534 0.709891 1.24264 0.682159 0.186747 2.07873 0.960584 0.812265 1.79639 1.27409 1.71924 3.77864 2.60274
199 5.955 0.821734 61.1901 0.853903 4.47323 1.13911 0.632473 1.27806 0.701715 0.827111 1.26081 1.24661 0.193053 1.84259 0.979481 2.51305 1.82216 1.8148 1.73785 5.74324 2.66164
200 5.985 0.888857 62.0533 0.936088 4.57413 1.09294 0.643795 1.50251 0.722117 0.926008 1.28136 1.46404 0.200533 1.54203 0.995455 2.98566 1.85309 1.79672 1.75647 3.70246 2.7
800000 200
1 0.015 0 0 0 0 0 0 0 0 0 0 0 0 0 0 0 0 0 0 0 0
2 0.045 0 0 0 0 0 0 0 0 0 0 0 0 0 0 0 0 0 0 0 0
3 0.075 0 0 0 0 0 0 0 0 0 0 0 0 0 0 0 0 0 0 0 0
4 0.105 0 0 0 0 0 0 0 0 0 0 0 0 0 0 0 0 0 0 0 0
5 0.135 0 0 0 0 0 0 0 0 0 0 0 0 0 0 0 0 0 0 0 0
6 0.165 0 0 0 0 0 0 0 0 0 0 0 0 0 0 0 0 0 0 0 0
7 0.195 0 0 0 0 0 0 0 0 0 0 0 0 0 0 0 0 0 0 0 0
8 0.225 0 0 0 0 0 0 0 0 0 0 0 0 0 0 0 0 0 0 0 0
9 0.255 0 0 0 0 0 0 0 0 0 0 0 0 0 0 0 0 0 0 0 0
10 0.285 0 0 0 0 0 0 0 0 0 0 0.621294 7.20669e-06 0 0 0 0 0 0 0 0
11 0.315 0 0 0 0 0 0 0 0 0 0 4.07164 6.48602e-05 0 0 0 0 0 0 0 0
12 0.345 0 0 0 0 0 0 0 0 0 0 2.96952 0.000115307 0 0 0 0 0 0 0 0
13 0.375 0 0 0 0 0 0 0 0 0 0 5.74792 0.000230614 0 0 0 0 0 0 0 0
14 0.405 0 0 0 0 0 0 0 0 0 0 4.31118 0.000331508 0 0 0 0 0 0 0 0
15 0.435 0 0 0 0 0 0 0 0 0 0 2.13588 0.000389161 0 0 0 0 0 0 0 0
16 0.465 0 0 0 0 0 0 0 0 0 0 2.33647 0.000461228 0 0 0 0 0 0 0 0
17 0.495 0 0 0 0 0 0 0 0 0.189879 2.88268e-05 2.88674 0.000562122 0 0 0 0 0 0 0 0
18 0.525 0 0 0 0 0 0 0 0 0.211104 6.48602e-05 3.29999 0.000691842 0 0 0 0 0 0 68.7559 0.00547945
19 0.555 0 0 0 0 0 0 0 0 0.0377833 7.20669e-05 0.656085 0.000720669 0 0 0 0 0 0 92.2852 0.0136986
20 0.585 0 0 0 0 0 0 0 0 0 7.20669e-05 2.21461 0.000828769 0 0 0 0 0 0 83.0404 0.0219178
21 0.615 0 0 0 0 0 0 0 0 0 7.20669e-05 1.60303 0.000915249 0 0 0 0 0 0 100.196 0.0328767
22 0.645 0 0 0 0 0 0 0 0 0 7.20669e-05 0.485825 0.000944076 0 0 0 0 0 0 113.859 0.0465753
23 0.675 0 0 0 0 0 0 0 0 0 7.20669e-05 1.77454 0.00105938 0 0 0 0 0 0 114.4 0.0616438
24 0.705 0 0 0 0 0 0 0 0 0.0468193 8.64803e-05 0.304949 0.001081 0 0 0 0 2.19335 0.000315457 133.427 0.0808219
25 0.735 0 0 0 0 0 0 0 0 0.129231 0.00012972 0 0.001081 0 0 0 0 0 0.000315457 52.6342 0.0890411
26 0.765 0 0 0 0 0 0 0 0 0.0397823 0.000144134 0 0.001081 0 0 0 0 5.59313 0.00126183 97.1504 0.105479
27 0.795 0 0 0 0 0 0 0 0 0 0.000144134 0 0.001081 0 0 0 0 12.0829 0.00347003 82.4586 0.120548
28 0.825 0 0 0 0 0 0 0 0 0 0.000144134 0 0.001081 0 0 0 0 3.20615 0.00410095 83.5262 0.136986
29 0.855 0 0 0 0 0 0 0 0 0 0.000144134 0 0.001081 0 0 0 0 5.97011 0.00536278 77.7616 0.153425
30 0.885 0 0 0 0 0 0 0 0 0 0.000144134 0 0.001081 0 0 0 0 4.18032 0.00630915 133.087 0.183562
31 0.915 0 0 0 0 0 0 0.113554 3.60334e-05 0 0.000144134 0 0.001081 0 0 0 0 0 0.00630915 39.6024 0.193151
32 0.945 0.000595353 1.44134e-05 0 0 0 0 0.106474 7.20669e-05 0.0521295 0.000172961 0 0.001081 0 0 0 0 0 0.00630915 137.954 0.228767
33 0.975 0.00335659 0.000100894 0 0 0 0 0 7.20669e-05 0.024472 0.000187374 0 0.001081 0 0 0 0 0 0.00630915 24.9258 0.235616
34 1.005 0.00157915 0.000144134 0.00237373 7.20669e-06 0 0 0 7.20669e-05 0.0230492 0.000201787 0 0.001081 0 0 0 0 0 0.00630915 56.2975 0.252055
35 1.035 0 0.000144134 0.00670837 2.88268e-05 0.0232723 7.20669e-06 0 7.20669e-05 0.010863 0.000208994 0 0.001081 0 0 0 0 0 0.00630915 53.0709 0.268493
36 1.065 0 0.000144134 0.00633524 5.04468e-05 0.0219645 1.44134e-05 0.0167798 7.92736e-05 0.0102619 0.000216201 0 0.001081 0 0 0 0 0 0.00630915 54.3005 0.286301
37 1.095 0 0.000144134 0.0039955 6.48602e-05 0.249471 0.000100894 0.0951441 0.000122514 0 0.000216201 0 0.001081 0 0 0 0 1.81912 0.00694006 59.2748 0.306849
38 1.125 0 0.000144134 0.00378568 7.92736e-05 0.118143 0.000144134 0.0600895 0.00015134 0 0.000216201 0 0.001081 0 0 0 0 1.72442 0.00757098 59.8986 0.328767
39 1.155 0 0.000144134 0.00179543 8.64803e-05 0.130796 0.000194581 0.0855149 0.000194581 0 0.000216201 0 0.001081 0 0 0 0 3.27143 0.00883281 53.2791 0.349315
40 1.185 0 0.000144134 0.00170502 9.36869e-05 0.0354971 0.000208994 0.148971 0.000273854 0 0.000216201 0 0.001081 0 0 0 0 4.66369 0.0107256 53.9779 0.371233
41 1.215 0 0.000144134 0.0113622 0.000144134 0.151988 0.000273854 0.0772739 0.000317094 0 0.000216201 0 0.001081 0 0 0 0 0.738842 0.011041 19.255 0.379452
42 1.245 0 0.000144134 0.0231832 0.000252234 0.0160902 0.000281061 0.0858774 0.000367541 0 0.000216201 0 0.001081 0 0 0 0 2.81506 0.0123028 18.3427 0.387671
43 1.275 0 0.000144134 0.0309413 0.000403575 0.0153312 0.000288268 0.046803 0.000396368 0 0.000216201 0 0.001081 0 0 0 0 6.04063 0.015142 29.1535 0.40137
44 1.305 0 0.000144134 0.0295383 0.000554915 0 0.000288268 0.0335118 0.000417988 0 0.000216201 0 0.001081 0 0 0 0 4.48467 0.0173502 27.8208 0.415068
45 1.335 0 0.000144134 0.0309129 0.000720669 0 0.000288268 0.0106693 0.000425195 0 0.000216201 0.0283713 0.00108821 0 0 2.00045 0.00103093 2.44926 0.018612 23.9249 0.427397
46 1.365 0 0.000144134 0.0437137 0.000965696 0 0.000288268 0.0102055 0.000432401 0.0249833 0.000245027 0.0271189 0.00109542 0 0 0 0.00103093 2.92784 0.0201893 22.8944 0.439726
47 1.395 0 0.000144134 0.0381616 0.0011891 0 0.000288268 0 0.000432401 0.0478373 0.000302681 0.0259675 0.00110262 0 0 1.83224 0.00206186 5.04594 0.0230284 21.9123 0.452055
48 1.425 0 0.000144134 0.0471921 0.00147737 0 0.000288268 0 0.000432401 0.0573152 0.000374748 0 0.00110262 0 0 2.63567 0.00360825 2.14972 0.0242902 21.0039 0.464384
49 1.455 0 0.000144134 0.0486579 0.00178726 0 0.000288268 0 0.000432401 0.0879606 0.000490055 0 0.00110262 0 0 6.73754 0.00773196 0.515372 0.0246057 20.138 0.476712
50 1.485 0 0.000144134 0.0521392 0.00213318 0.0113018 0.000295474 0 0.000432401 0.0949802 0.000619775 0 0.00110262 0 0 4.85034 0.0108247 0.989235 0.0252366 30.079 0.49589
51 1.515 0 0.000144134 0.0323557 0.00235659 0.010862 0.000302681 0 0.000432401 0.096336 0.000756702 0 0.00110262 0 0 7.76772 0.0159794 2.85172 0.0271293 26.8324 0.513699
52 1.545 0.000222694 0.000158547 0.0431526 0.00266647 0.0104516 0.000309888 0.0238913 0.000454021 0.180397 0.00102335 0.0211601 0.00110983 0.0941157 6.49351e-05 17.1795 0.0278351 4.57071 0.0302839 39.6949 0.541096
53 1.575 0 0.000158547 0.0299384 0.00288988 0.0201053 0.000324301 0.0153327 0.000468435 0.239254 0.00139089 0.0814932 0.00113866 0.0904937 0.00012987 17.967 0.0407216 7.91815 0.0359621 32.4725 0.564384
54 1.605 0 0.000158547 0.0362662 0.00317094 0.0386875 0.000353128 0.00738615 0.000475641 0.243941 0.00178005 0 0.00113866 0.174387 0.00025974 15.9176 0.0525773 4.65874 0.0394322 14.7142 0.575342
55 1.635 0 0.000158547 0.0197182 0.00332949 0.0186498 0.000367541 0.0142352 0.000490055 0.226371 0.0021548 0.0188902 0.00114586 0.083988 0.000324675 16.6739 0.0654639 4.08254 0.0425868 38.9993 0.605479
56 1.665 0.00019187 0.000172961 0.0259255 0.00354569 0.0539503 0.000410781 0 0.000490055 0.281275 0.00263765 0.0182454 0.00115307 0 0.000324675 16.0799 0.0783505 1.18113 0.0435331 18.7992 0.620548
57 1.695 0 0.000172961 0.0208465 0.00372586 0.190831 0.000569328 0.013234 0.000504468 0.263293 0.00310608 0 0.00115307 0 0.000324675 16.7556 0.092268 2.65834 0.0457413 28.0348 0.643836
58 1.725 0 0.000172961 0.0265639 0.00396368 0.402152 0.000915249 0.0511211 0.000562122 0.211212 0.00349524 0 0.00115307 0.226437 0.000519481 38.9466 0.125773 3.66669 0.0488959 17.5134 0.658904
59 1.755 0.000172671 0.000187374 0.0241097 0.00418709 0.69602 0.00153502 0.0432396 0.000612568 0.219154 0.00391323 0 0.00115307 0.145841 0.000649351 32.9932 0.155155 6.02233 0.0542587 12.3069 0.669863
60 1.785 0 0.000187374 0.0263164 0.00443932 1.11101 0.00255837 0.0417703 0.000663015 0.164348 0.00423753 0 0.00115307 0.493496 0.0011039 41.9706 0.193814 5.47903 0.059306 17.8473 0.686301
61 1.815 0.000161303 0.000201787 0.0378132 0.00481407 2.05825 0.00451859 0.051943 0.000727875 0.148378 0.00454021 0 0.00115307 1.09082 0.00214286 41.1348 0.23299 4.63756 0.0637224 21.5778 0.706849
62 1.845 0 0.000201787 0.0605228 0.00543384 2.35792 0.00683915 0.145252 0.000915249 0.102573 0.00475641 0 0.00115307 0.725575 0.00285714 40.8548 0.273196 5.12904 0.0687697 23.66 0.730137
63 1.875 0 0.000201787 0.0892606 0.00637792 3.34668 0.0102407 0.113586 0.00106659 0.105945 0.00498703 0 0.00115307 0.894481 0.00376623 47.6711 0.321649 3.41422 0.0722397 16.1751 0.746575
64 1.905 0.000146457 0.000216201 0.149189 0.00800663 3.95648 0.0143918 0.0943183 0.00119631 0.115458 0.00524647 0 0.00115307 0.742886 0.00454545 42.7418 0.366495 1.80429 0.0741325 26.1154 0.773973
65 1.935 0.000142105 0.000230614 0.203467 0.0102984 4.081 0.0188095 0.106674 0.00134765 0.0963681 0.00546988 0 0.00115307 0.419915 0.005 29.0478 0.397938 3.20557 0.0776025 24.0468 0.8
66 1.965 0.000275587 0.000259441 0.263676 0.0133612 4.07364 0.0233569 0.11327 0.0015134 0.126579 0.00577256 0 0.00115307 0.465375 0.00551948 25.4008 0.426289 5.93463 0.0842271 31.9036 0.835616
67 1.995 0.000801448 0.000345921 0.39606 0.0181032 3.73277 0.0276521 0.138538 0.0017224 0.143279 0.00612568 0 0.00115307 0.395037 0.00597403 22.3973 0.452062 3.83746 0.0886435 22.6189 0.861644
68 2.025 0.00220442 0.000590948 0.438742 0.0235154 3.25822 0.0315148 0.115938 0.00190257 0.204347 0.00664457 0 0.00115307 0.657337 0.00675325 20.8696 0.476804 2.92684 0.0921136 25.4212 0.891781
69 2.055 0.00554169 0.00122514 0.568964 0.0307437 2.81557 0.0349524 0.238663 0.00228452 0.418902 0.00773998 0 0.00115307 0.106335 0.00688312 14.7767 0.494845 3.10035 0.0958991 25.8072 0.923288
70 2.085 0.0092971 0.00232055 0.688283 0.0397449 2.07573 0.0375613 0.3412 0.00284664 0.666604 0.00953445 0.0116162 0.00116028 0.154964 0.00707792 11.0719 0.508763 2.25895 0.0987382 17.4395 0.945205
71 2.115 0.0192596 0.00465552 0.842957 0.0510882 1.66065 0.0397088 0.590923 0.00384837 0.944395 0.0121505 0.0112971 0.00116748 0.301246 0.00746753 9.56615 0.521134 2.92754 0.102524 8.47354 0.956164
72 2.145 0.0404521 0.0097002 1.07258 0.065934 1.44653 0.041633 0.834937 0.00530412 1.21923 0.0156241 0.0219604 0.0011819 0.536893 0.00818182 6.58717 0.529897 2.37157 0.105678 9.26762 0.968493
73 2.175 0.0871171 0.0208706 1.22956 0.0834318 1.16976 0.0432329 0.956753 0.00701931 1.38509 0.0196815 0.0427378 0.00121072 0.617311 0.00902597 1.50812 0.531959 2.53735 0.109148 6.01009 0.976712
74 2.205 0.165154 0.0426348 1.40176 0.103935 0.866484 0.0444509 1.23201 0.00928942 1.57019 0.0244091 0.0207993 0.00122514 0.369574 0.00954545 2.19998 0.535052 1.57114 0.111356 9.74379 0.990411
75 2.235 0.318412 0.0857452 1.62434 0.128344 0.718567 0.0454886 1.30201 0.0117541 1.64251 0.0294898 0.0202378 0.00123955 0.404755 0.0101299 1.07033 0.536598 2.8396 0.115457 3.79497 0.99589
76 2.265 0.607948 0.17028 1.79781 0.15609 0.568505 0.0463318 1.37151 0.0144206 1.63329 0.0346786 0.059097 0.00128279 0.218783 0.0104545 1.04314 0.538144 1.91407 0.118297 3.69419 1.00137
77 2.295 1.04691 0.319732 1.90165 0.186221 0.624732 0.0472831 1.54896 0.0175123 1.89141 0.0408475 0.0863672 0.00134765 0.213275 0.0107792 1.69205 0.540722 1.65656 0.12082 8.09617 1.0137
78 2.325 1.64475 0.560709 1.90343 0.217174 0.428835 0.0479533 1.46341 0.0205102 2.14438 0.0480254 0.168289 0.00147737 0.249321 0.0111688 1.97868 0.543814 3.63408 0.126498 4.38274 1.02055
79 2.355 2.28552 0.904266 2.05222 0.251413 0.440518 0.0486596 1.62872 0.0239334 2.33348 0.0560392 0.246038 0.00167195 0.243036 0.0115584 2.57265 0.547938 1.96782 0.129653 7.68953 1.03288
80 2.385 2.91534 1.35373 1.96511 0.285039 0.341841 0.0492217 1.98253 0.028207 2.26286 0.0640098 0.257665 0.00188095 0.236885 0.0119481 2.19419 0.551546 2.10998 0.133123 12.4945 1.05342
81 2.415 3.36448 1.88557 1.90876 0.318528 0.282097 0.0496973 2.08031 0.0328048 2.00143 0.0712381 0.485255 0.00228452 0.308104 0.0124675 2.75151 0.556186 2.99341 0.13817 7.31189 1.06575
82 2.445 3.72219 2.48867 1.72358 0.349524 0.254359 0.0501369 2.43678 0.0383252 1.90786 0.0783007 0.574846 0.00277457 0.150254 0.0127273 2.38635 0.560309 4.92768 0.146688 7.13347 1.07808
83 2.475 3.88385 3.1335 1.63042 0.379569 0.256357 0.0505909 2.32526 0.043723 1.94926 0.0856947 0.849765 0.00351686 0.109998 0.0129221 2.03691 0.563918 2.49372 0.151104 4.64191 1.0863
84 2.505 3.95588 3.8063 1.48702 0.407639 0.162891 0.0508864 2.35172 0.0493154 1.85281 0.0928942 0.877853 0.00430239 0.0357881 0.012987 1.42075 0.566495 2.08701 0.15489 5.28548 1.09589
85 2.535 3.83897 4.47495 1.42219 0.435133 0.201718 0.0512612 2.11877 0.0544754 1.73679 0.0998054 0.896534 0.00512396 0 0.012987 0 0.566495 2.37728 0.159306 4.42377 1.10411
86 2.565 3.71219 5.13691 1.36363 0.462122 0.155332 0.0515566 1.93949 0.059311 1.66104 0.106572 0.78344 0.00585904 0.136538 0.0132468 0 0.566495 2.32193 0.163722 4.32054 1.11233
87 2.595 3.48179 5.7724 1.27073 0.487864 0.199905 0.0519458 1.89204 0.0641395 1.52607 0.112936 0.885623 0.00670943 0.0667184 0.0133766 0 0.566495 1.78226 0.167192 2.81449 1.11781
88 2.625 3.2737 6.3838 1.21127 0.512972 0.206208 0.0523566 1.48478 0.0680167 1.46091 0.11917 0.711436 0.00740848 0.0325706 0.0134416 0.77632 0.568041 2.53338 0.17224 6.87543 1.13151
89 2.655 3.0663 6.96963 1.113 0.536574 0.187399 0.0527385 1.35158 0.0716273 1.43807 0.125447 0.760035 0.00817238 0.0318907 0.0135065 0.505804 0.569072 3.86962 0.180126 2.68851 1.13699
90 2.685 2.81567 7.5198 0.967328 0.557553 0.28008 0.0533223 1.12111 0.0746901 1.40123 0.131702 0.750095 0.0089435 0.0311603 0.0135714 1.73088 0.57268 2.11897 0.184543 4.60024 1.14658
91 2.715 2.58087 8.03543 0.808936 0.57549 0.199521 0.0537475 1.00616 0.0775007 1.41307 0.138152 0.952975 0.00994523 0.0304737 0.0136364 0.725384 0.574227 2.96101 0.190852 8.35569 1.16438
92 2.745 2.34592 8.51453 0.682277 0.590956 0.271271 0.0543384 0.959041 0.0802393 1.35148 0.144458 0.710941 0.0107091 0.0596221 0.0137662 2.36669 0.579381 1.73773 0.194637 5.66029 1.17671
93 2.775 2.09748 8.95231 0.567748 0.604108 0.310764 0.0550303 0.859419 0.0827472 1.23324 0.150339 0.794143 0.0115811 0.0583461 0.0138961 3.24176 0.586598 2.55016 0.200315 1.23074 1.17945
94 2.805 1.84854 9.34651 0.496903 0.615869 0.275637 0.0556572 0.739602 0.0849524 1.1227 0.155809 0.745059 0.0124171 0.0856231 0.0140909 3.39885 0.59433 3.05138 0.207256 1.20505 1.18219
95 2.835 1.62192 9.69983 0.422666 0.626088 0.297737 0.0563491 0.766564 0.0872874 0.955725 0.160565 0.786032 0.013318 0.139728 0.0144156 4.21499 0.604124 1.90069 0.211672 0.589084 1.18356
96 2.865 1.41605 10.0149 0.386702 0.635637 0.376543 0.0572427 0.676532 0.0893918 0.915938 0.165221 0.640296 0.0140675 0.109487 0.0146753 2.38952 0.609794 2.25938 0.217035 3.46376 1.19178
97 2.895 1.20787 10.2892 0.327298 0.643889 0.443189 0.0583165 0.60811 0.0913231 0.7929 0.169336 0.693457 0.0148962 0.16079 0.0150649 2.33977 0.615464 1.56196 0.22082 2.26175 1.19726
98 2.925 1.02254 10.5263 0.298482 0.651571 0.393326 0.0592894 0.529016 0.0930383 0.671973 0.172896 0.65567 0.0156962 0.104981 0.0153247 3.33445 0.623711 2.29578 0.226498 3.32265 1.20548
99 2.955 0.865399 10.7312 0.258989 0.658374 0.388235 0.0602695 0.522689 0.0947679 0.66904 0.176513 0.682971 0.0165466 0.257219 0.015974 3.67539 0.63299 1.7494 0.230915 2.71318 1.21233
100 2.985 0.755648 10.9136 0.23203 0.664594 0.562326 0.0617181 0.533561 0.0965696 0.662221 0.180167 0.788394 0.0175483 0.17642 0.0164286 3.40157 0.641753 1.59214 0.235016 1.59544 1.21644
101 3.015 0.654449 11.0749 0.217419 0.670539 0.548454 0.0631594 0.548101 0.0984578 0.583803 0.183453 0.567051 0.0182834 0.296521 0.0172078 1.96185 0.646907 2.16035 0.240694 1.0426 1.21918
102 3.045 0.553122 11.2139 0.206184 0.67629 0.588756 0.0647377 0.559913 0.100425 0.582407 0.186797 0.539616 0.0189968 0.266494 0.0179221 3.26927 0.65567 1.177 0.243849 0 1.21918
103 3.075 0.478605 11.3366 0.192554 0.681767 0.601077 0.0663808 0.605369 0.102594 0.52062 0.189846 0.598611 0.019804 0.332525 0.0188312 3.3943 0.664948 2.19275 0.249842 0 1.21918
104 3.105 0.424613 11.4475 0.197544 0.687496 0.690367 0.068305 0.528629 0.104526 0.538392 0.19306 0.618572 0.0206544 0.186356 0.0193506 3.32831 0.674227 2.15016 0.255836 0.982836 1.22192
105 3.135 0.375348 11.5475 0.196705 0.693312 0.649261 0.0701499 0.522428 0.106472 0.464174 0.195885 0.529635 0.0213967 0.388504 0.0204545 2.35853 0.680928 3.21978 0.264984 0.481736 1.22329
106 3.165 0.336623 11.6389 0.184864 0.698883 0.734132 0.0722759 0.523955 0.108461 0.505381 0.19902 0.600364 0.0222543 0.246651 0.0211688 3.20362 0.690206 2.94141 0.273502 0 1.22329
107 3.195 0.292204 11.7197 0.196668 0.704922 0.781419 0.074582 0.512327 0.110442 0.514193 0.20227 0.371328 0.0227948 0.242036 0.0218831 3.66813 0.701031 4.59626 0.287066 0 1.22329
108 3.225 0.265929 11.7947 0.202004 0.711242 0.829281 0.0770755 0.482712 0.112345 0.488986 0.205419 0.398434 0.0233857 0.453518 0.0232468 3.77112 0.712371 4.30176 0.3 2.73317 1.23151
109 3.255 0.241477 11.864 0.203497 0.717728 0.898716 0.0798285 0.46846 0.114226 0.58108 0.209232 0.319582 0.0238686 0.38161 0.0244156 2.18751 0.719072 5.56083 0.317035 1.78926 1.23699
110 3.285 0.225506 11.93 0.216006 0.724741 1.00947 0.0829778 0.433517 0.115999 0.619043 0.213368 0.332497 0.0243802 0.457971 0.0258442 2.47856 0.726804 4.95384 0.332492 0.878178 1.23973
111 3.315 0.208521 11.9921 0.225844 0.732207 0.97314 0.0860695 0.396284 0.117649 0.622739 0.217606 0.363303 0.0249496 0.449672 0.0272727 2.59589 0.735052 5.16301 0.348896 4.31203 1.25342
112 3.345 0.199664 12.0527 0.244504 0.740437 1.10948 0.0896584 0.431685 0.11948 0.565824 0.221526 0.424581 0.025627 0.662423 0.0294156 2.0712 0.741753 5.85098 0.367823 4.65804 1.26849
113 3.375 0.194867 12.1128 0.254484 0.749157 1.20584 0.0936293 0.485831 0.121577 0.624287 0.22593 0.319466 0.0261459 0.631014 0.0314935 1.87848 0.747938 5.74763 0.386751 3.7437 1.28082
114 3.405 0.183424 12.1705 0.285975 0.759131 1.12878 0.0974128 0.464176 0.123616 0.593239 0.230189 0.339977 0.026708 0.678088 0.0337662 4.46 0.762887 6.11735 0.407256 8.99132 1.31096
115 3.435 0.188573 12.2308 0.302116 0.769854 1.14296 0.101312 0.565715 0.126146 0.543488 0.23416 0.334094 0.0272701 0.780433 0.0364286 3.02224 0.773196 5.91877 0.427445 6.02378 1.33151
116 3.465 0.199141 12.2956 0.317448 0.78132 1.14819 0.105297 0.603511 0.128892 0.627172 0.238822 0.383061 0.0279259 0.991539 0.0398701 1.93047 0.779897 5.45297 0.446372 5.91983 1.35205
117 3.495 0.198607 12.3613 0.377344 0.795186 1.19383 0.109513 0.653895 0.131918 0.578338 0.243197 0.459282 0.0287259 0.919328 0.0431169 2.18928 0.787629 5.36038 0.4653 4.65577 1.36849
118 3.525 0.216385 12.4342 0.399473 0.810118 1.17354 0.113729 0.59841 0.134736 0.612527 0.24791 0.451477 0.0295258 0.957985 0.0465584 1.72159 0.793814 6.23481 0.487697 5.33743 1.38767
119 3.555 0.230843 12.5133 0.417024 0.825973 1.14994 0.11793 0.621425 0.137713 0.592129 0.252544 0.439836 0.0303185 1.0841 0.0505195 1.55182 0.799485 6.82107 0.512618 1.49947 1.39315
120 3.585 0.253766 12.6017 0.447728 0.843283 1.14432 0.122182 0.63623 0.140811 0.632974 0.257581 0.483675 0.031205 1.15345 0.0548052 2.49741 0.808763 6.11251 0.535331 1.47482 1.39863
121 3.615 0.281964 12.7015 0.463062 0.861487 1.08153 0.126268 0.66503 0.144105 0.680398 0.263087 0.514305 0.0321634 1.1516 0.0591558 1.77379 0.815464 4.67589 0.552997 2.17596 1.40685
122 3.645 0.319929 12.8167 0.472243 0.880362 1.15195 0.130693 0.642671 0.147341 0.728776 0.269083 0.418442 0.0329562 1.16649 0.0636364 2.41582 0.824742 5.58452 0.574448 1.42684 1.41233
123 3.675 0.338078 12.9405 0.500214 0.900685 1.00224 0.134607 0.757547 0.151218 0.778131 0.275591 0.486439 0.0338931 1.39693 0.0690909 2.11232 0.83299 6.30161 0.599054 3.15751 1.42466
124 3.705 0.38008 13.0819 0.500353 0.921346 0.980623 0.138498 0.736992 0.155052 0.778297 0.282207 0.427098 0.034729 1.60359 0.0754545 2.46804 0.842784 5.5645 0.621136 2.41588 1.43425
125 3.735 0.431102 13.2449 0.52514 0.943384 0.975654 0.142433 0.747028 0.159001 0.87597 0.289774 0.391254 0.0355074 1.62626 0.082013 1.4058 0.848454 6.41365 0.647003 3.73642 1.44932
126 3.765 0.479481 13.4291 0.548074 0.966756 1.08147 0.146865 0.822394 0.163419 0.865375 0.29737 0.488432 0.0364947 1.52108 0.0882468 2.64133 0.859278 4.77271 0.666562 2.67452 1.46027
127 3.795 0.527024 13.6348 0.579362 0.991856 1.00732 0.151059 0.823946 0.167916 0.821833 0.304699 0.477225 0.0374748 1.65302 0.0951299 1.60937 0.865979 5.83375 0.690852 3.94774 1.47671
128 3.825 0.59984 13.8727 0.592581 1.01794 0.930309 0.154994 0.937166 0.173112 0.825681 0.312179 0.683942 0.0389017 1.351 0.100844 1.94932 0.874227 4.92244 0.711672 3.56245 1.49178
129 3.855 0.674391 14.1443 0.637872 1.04645 0.920872 0.158951 0.900898 0.178185 0.855977 0.320056 0.693733 0.0403719 1.64743 0.107922 1.68005 0.881443 5.13938 0.733754 3.18867 1.50548
130 3.885 0.744311 14.4488 0.66965 1.07686 0.954623 0.163116 0.869394 0.183158 0.918359 0.328639 0.579295 0.0416186 1.66671 0.115195 2.24419 0.891237 4.41008 0.752997 5.02211 1.5274
131 3.915 0.837729 14.7968 0.705693 1.1094 0.93841 0.167274 0.909447 0.18844 0.902058 0.337201 0.613265 0.0429591 1.97841 0.123961 2.09388 0.900515 3.91573 0.770347 3.71114 1.54384
132 3.945 0.923925 15.1866 0.745332 1.14429 0.95625 0.171577 0.89199 0.193701 0.967669 0.346526 0.555324 0.0441914 2.00602 0.132987 2.17684 0.910309 4.83772 0.792114 2.13139 1.55342
133 3.975 1.02608 15.626 0.754002 1.18013 0.943443 0.175886 0.950813 0.199395 0.923654 0.355564 0.591729 0.0455246 1.56367 0.14013 2.70772 0.92268 4.97214 0.814826 2.39845 1.56438
134 4.005 1.13098 16.1177 0.798748 1.21867 0.989948 0.180477 0.940159 0.20511 0.959922 0.365098 0.604972 0.0469083 1.45621 0.146883 2.00092 0.931959 3.53744 0.83123 2.06796 1.57397
135 4.035 1.22384 16.6577 0.78059 1.2569 1.0105 0.185233 1.02087 0.211408 0.973573 0.374914 0.627051 0.0483641 1.58643 0.154351 2.95689 0.945876 3.95441 0.849842 2.32822 1.58493
136 4.065 1.32286 17.2502 0.811151 1.29723 0.985084 0.189939 1.05304 0.218002 0.9635 0.384772 0.645316 0.0498847 1.94389 0.163636 2.91343 0.959794 3.49963 0.866562 1.72056 1.59315
137 4.095 1.40128 17.8871 0.835309 1.33936 0.995982 0.194768 1.00363 0.22438 1.00562 0.395215 0.735317 0.0516431 1.54033 0.171104 2.76434 0.973196 3.18826 0.882019 0.564754 1.59589
138 4.125 1.47842 18.5689 0.838264 1.38227 1.04892 0.199928 1.00136 0.230837 0.980121 0.405542 0.692025 0.0533223 1.78203 0.17987 2.30541 0.984536 4.1045 0.902208 0.835411 1.6
139 4.155 1.52061 19.2804 0.837724 1.42578 1.07863 0.205311 1.01673 0.237489 0.976144 0.415977 0.728923 0.0551167 1.96449 0.189675 2.06564 0.994845 2.59124 0.915142 0.823219 1.60411
140 4.185 1.55585 20.019 0.827123 1.46936 1.10446 0.210904 0.981578 0.244004 1.00072 0.42683 0.660808 0.0567671 1.92366 0.199416 1.93438 1.00464 1.93122 0.924921 1.89453 1.6137
141 4.215 1.57948 20.7795 0.834271 1.51394 1.19823 0.217058 0.990126 0.25067 1.0206 0.438059 0.75098 0.0586696 2.02273 0.209805 2.60946 1.01804 2.57974 0.93817 2.13341 1.62466
142 4.245 1.58542 21.5538 0.803517 1.5575 1.12603 0.222924 1.02364 0.257661 1.02819 0.449532 0.757212 0.0606155 1.84472 0.219416 2.07792 1.02887 2.05856 0.948896 3.15448 1.6411
143 4.275 1.56805 22.3306 0.808394 1.60195 1.16211 0.229065 0.969811 0.264377 1.02911 0.461178 0.718987 0.0624892 1.79445 0.228896 2.24379 1.04072 1.79114 0.95836 4.66676 1.66575
144 4.305 1.5597 23.114 0.795487 1.6463 1.17154 0.235342 1.06818 0.27188 0.968954 0.472297 0.782595 0.0645575 1.5875 0.237403 2.40497 1.05361 2.00163 0.969085 3.57973 1.68493
145 4.335 1.5402 23.8985 0.782088 1.69051 1.17924 0.241748 1.01704 0.279122 1.00017 0.483936 0.761084 0.066597 1.55373 0.245844 2.46686 1.06701 1.45168 0.976972 2.01719 1.69589
146 4.365 1.50299 24.6746 0.778803 1.73515 1.08982 0.247752 1.05599 0.286747 0.92725 0.494876 0.779814 0.0687158 1.60321 0.254675 2.24589 1.07938 1.83255 0.987066 1.74077 1.70548
147 4.395 1.47065 25.4446 0.77329 1.78008 1.04921 0.253611 0.941183 0.293636 0.918815 0.505866 0.761367 0.0708129 1.60467 0.263636 2.12294 1.09124 2.03383 0.998423 1.9626 1.71644
148 4.425 1.41509 26.1956 0.784359 1.82628 1.03626 0.259477 0.918749 0.300454 0.964057 0.517555 0.725281 0.072838 1.88132 0.274286 1.91205 1.10206 2.00633 1.00978 1.93563 1.7274
149 4.455 1.38399 26.9401 0.774686 1.87254 0.925644 0.264788 0.922723 0.307394 1.02326 0.530131 0.710452 0.0748487 1.59565 0.283442 1.52756 1.11082 1.81432 1.02019 3.10373 1.74521
150 4.485 1.3342 27.6675 0.769482 1.9191 1.02236 0.270734 0.897183 0.314233 0.960438 0.542094 0.668305 0.0767656 1.51861 0.292273 1.86121 1.12165 2.16966 1.03281 1.64906 1.75479
151 4.515 1.3092 28.3908 0.740252 1.96449 0.9538 0.276355 0.901138 0.321195 1.02421 0.555023 0.634675 0.0786106 1.38829 0.300455 1.57438 1.13093 2.51581 1.04763 3.71859 1.77671
152 4.545 1.29394 29.1152 0.752198 2.01124 0.845928 0.281407 0.909564 0.328315 1.00003 0.567815 0.721726 0.0807365 1.45691 0.309156 1.89895 1.14227 2.1656 1.06057 0.917752 1.78219
153 4.575 1.2616 29.8309 0.75713 2.05891 0.864648 0.286639 0.895864 0.335421 0.973055 0.580427 0.717083 0.0828769 1.54526 0.318506 1.95924 1.15412 2.18966 1.07382 1.35847 1.79041
154 4.605 1.24062 30.544 0.755763 2.10712 0.878103 0.292022 0.905724 0.3427 0.946717 0.592858 0.622037 0.0847579 1.45117 0.327403 1.76569 1.16495 2.10948 1.08675 1.1172 1.79726
155 4.635 1.22937 31.2598 0.770996 2.15695 0.795995 0.296966 0.871941 0.349798 0.879771 0.604562 0.670448 0.0868118 1.48465 0.336623 0.913006 1.17062 1.42219 1.09558 1.98475 1.80959
156 4.665 1.21884 31.9787 0.78269 2.20819 0.809857 0.302061 0.857247 0.356868 0.864756 0.616215 0.638602 0.0887936 1.51723 0.346169 1.80252 1.18196 1.40396 1.10442 0.870912 1.81507
157 4.695 1.23525 32.7167 0.759235 2.25853 0.706765 0.306565 0.886043 0.364269 0.889109 0.628351 0.671774 0.0909052 1.38573 0.355 1.77967 1.1933 1.78196 1.11577 0.859954 1.82055
158 4.725 1.23482 33.4639 0.768626 2.31015 0.695607 0.311055 0.920812 0.37206 0.928953 0.641193 0.674621 0.0930528 1.35811 0.363766 1.27767 1.20155 1.31959 1.12429 1.27328 1.82877
159 4.755 1.2405 34.2241 0.76309 2.36206 0.637257 0.315221 0.883981 0.379634 0.927543 0.65418 0.652704 0.0951571 1.4901 0.373506 1.73467 1.21289 1.834 1.13628 0.628576 1.83288
160 4.785 1.24733 34.9982 0.776671 2.41555 0.692418 0.319804 0.868786 0.387172 0.924589 0.667289 0.71515 0.0974921 1.41259 0.382857 1.168 1.22062 1.38201 1.14543 1.2416 1.8411
161 4.815 1.25643 35.7877 0.77984 2.46994 0.637594 0.324078 0.919483 0.395251 0.937717 0.680751 0.706272 0.099827 1.39505 0.392208 1.46143 1.23041 1.83538 1.15773 1.02218 1.84795
162 4.845 1.27053 36.596 0.754083 2.52319 0.629736 0.328351 0.857941 0.402883 0.922176 0.694155 0.641572 0.101975 1.63617 0.403312 1.74679 1.24227 1.11565 1.1653 1.00942 1.85479
163 4.875 1.27677 37.4184 0.75249 2.57699 0.586327 0.33238 0.895394 0.410947 0.935331 0.70792 0.701754 0.104353 1.63506 0.414545 1.05053 1.24948 1.74477 1.17729 1.39535 1.86438
164 4.905 1.27715 38.2512 0.755274 2.63165 0.581265 0.336423 0.886062 0.419026 0.907487 0.72144 0.674314 0.106666 1.46569 0.42474 1.33392 1.25876 1.13387 1.18517 1.77203 1.87671
165 4.935 1.27992 39.0961 0.771287 2.68816 0.630497 0.340862 0.872219 0.427076 0.901262 0.735032 0.688926 0.109059 1.10676 0.432532 1.97647 1.27268 2.01622 1.19937 1.36198 1.8863
166 4.965 1.26279 39.9398 0.74043 2.74307 0.545042 0.344746 0.843194 0.434952 0.91591 0.749013 0.692926 0.111495 1.41241 0.442597 1.51886 1.28351 1.99175 1.21356 1.34488 1.89589
167 4.995 1.25314 40.7872 0.734633 2.79821 0.613441 0.349171 0.839935 0.442894 0.894663 0.762835 0.706933 0.11401 1.44927 0.453052 1.78635 1.29639 1.83681 1.22681 1.32975 1.90548
168 5.025 1.24491 41.6392 0.745718 2.85485 0.573574 0.353358 0.832222 0.450858 0.858657 0.776261 0.630468 0.11628 1.47669 0.463831 1.62397 1.30825 1.8151 1.24006 0.750506 1.91096
169 5.055 1.21983 42.484 0.716824 2.90995 0.594093 0.357747 0.856586 0.459152 0.862607 0.789911 0.615107 0.118521 1.51179 0.475 1.95369 1.32268 2.04965 1.25521 1.48325 1.92192
170 5.085 1.19016 43.3181 0.712656 2.96539 0.632434 0.362475 0.822979 0.467217 0.822768 0.803084 0.674289 0.121007 1.43324 0.485714 1.65487 1.33505 1.7722 1.26845 1.28285 1.93151
171 5.115 1.17376 44.1505 0.686558 3.01942 0.601199 0.367022 0.800276 0.475151 0.814506 0.81628 0.63746 0.123386 1.50239 0.497078 1.84008 1.34897 1.877 1.28265 1.81098 1.94521
172 5.145 1.13938 44.9679 0.681562 3.0737 0.771244 0.372924 0.795967 0.483136 0.829185 0.829872 0.666333 0.125901 1.19638 0.506234 2.15538 1.36546 1.23647 1.29211 1.79048 1.9589
173 5.175 1.09294 45.7612 0.668142 3.12752 0.726044 0.378546 0.773305 0.490984 0.779629 0.842801 0.600093 0.128193 1.44258 0.517403 2.46327 1.38454 1.99654 1.30757 1.59239 1.97123
174 5.205 1.06179 46.5409 0.647458 3.18029 0.801399 0.384823 0.727918 0.498458 0.799449 0.856212 0.606259 0.130535 1.60836 0.53 2.43508 1.40361 2.53737 1.32744 1.9238 1.9863
175 5.235 1.01694 47.2963 0.622307 3.23159 0.840473 0.391482 0.705726 0.505787 0.776719 0.869393 0.641741 0.133043 1.61455 0.542792 2.08197 1.4201 2.07043 1.34385 2.76648 2.00822
176 5.265 0.992362 48.0418 0.607199 3.28223 0.854297 0.398328 0.694957 0.513087 0.780058 0.882783 0.616219 0.135479 1.64475 0.555974 1.28662 1.43041 2.32215 1.36246 3.07703 2.03288
177 5.295 0.937354 48.7541 0.589924 3.33198 0.882872 0.405484 0.660638 0.520107 0.822308 0.89706 0.566002 0.137741 1.62631 0.569156 0.890264 1.43763 2.29628 1.38107 2.36622 2.05205
178 5.325 0.90045 49.4462 0.588191 3.38216 0.921302 0.413037 0.647189 0.527061 0.765884 0.910507 0.607766 0.140199 1.64757 0.582662 1.44608 1.44948 2.53991 1.40189 4.17774 2.0863
179 5.355 0.854263 50.1101 0.555054 3.43004 0.9145 0.420618 0.662498 0.534261 0.793019 0.924589 0.549837 0.142447 1.49601 0.595065 1.42996 1.46134 2.39698 1.42177 3.80069 2.11781
180 5.385 0.808793 50.7458 0.539798 3.47713 1.04102 0.429346 0.652518 0.541431 0.766153 0.938347 0.571657 0.144811 1.7505 0.60974 1.16829 1.47113 1.88146 1.43754 2.77768 2.1411
181 5.415 0.768679 51.3567 0.540122 3.52477 1.04141 0.438174 0.699132 0.5492 0.744595 0.951867 0.604957 0.147341 1.76179 0.624675 1.82427 1.4866 1.86066 1.45331 2.90873 2.16575
182 5.445 0.728144 51.9418 0.51423 3.57063 1.06021 0.447261 0.701089 0.557077 0.73878 0.96543 0.502856 0.149467 1.74243 0.63961 1.50338 1.49948 1.91376 1.46972 1.91825 2.18219
183 5.475 0.698511 52.5093 0.516603 3.61722 1.03448 0.456227 0.631248 0.564248 0.741174 0.979187 0.539515 0.151773 1.82835 0.655455 1.01119 1.50825 1.81999 1.48549 2.0549 2.2
184 5.505 0.659257 53.0508 0.510189 3.66373 1.08495 0.465732 0.658267 0.571807 0.729655 0.99288 0.526998 0.15405 2.05304 0.673442 1.88277 1.52474 1.87219 1.50189 1.72005 2.21507
185 5.535 0.628005 53.5722 0.509607 3.71069 1.08625 0.475353 0.697089 0.579901 0.786348 1.0078 0.598824 0.156666 1.92083 0.690455 2.26966 1.54485 2.06589 1.52019 2.62918 2.23836
186 5.565 0.601829 54.0774 0.501883 3.75745 1.0955 0.485161 0.674865 0.587821 0.762494 1.02242 0.535245 0.15903 1.86394 0.707143 1.84216 1.56134 2.18443 1.53975 2.90666 2.26438
187 5.595 0.582516 54.5716 0.501793 3.80471 1.12995 0.495388 0.639095 0.595402 0.778142 1.0375 0.526315 0.161379 1.90857 0.724416 2.61992 1.58505 1.5338 1.55363 3.179 2.29315
188 5.625 0.562388 55.0539 0.499708 3.85227 1.13924 0.505809 0.598617 0.60258 0.808115 1.05334 0.543098 0.16383 1.87411 0.741558 1.69075 1.60052 2.1727 1.5735 2.39604 2.31507
189 5.655 0.54536 55.5266 0.496901 3.90007 1.16614 0.51659 0.619046 0.610082 0.79884 1.06916 0.538896 0.166287 2.10704 0.761039 1.84007 1.61753 1.56962 1.58801 2.51853 2.33836
190 5.685 0.544965 56.004 0.502272 3.9489 1.13766 0.52722 0.598992 0.617419 0.837945 1.08593 0.476929 0.168485 1.94587 0.779221 2.70313 1.64278 1.51913 1.60221 4.10463 2.37671
191 5.715 0.54351 56.4851 0.502802 3.99831 1.13795 0.537965 0.623592 0.625137 0.882266 1.10377 0.473488 0.17069 1.8911 0.797078 2.0744 1.66237 1.13595 1.61293 4.06219 2.41507
192 5.745 0.549287 56.9765 0.495169 4.04747 1.17671 0.549193 0.637253 0.633108 0.925268 1.12268 0.372081 0.172442 2.21863 0.818247 2.26906 1.68402 1.68624 1.62902 3.30206 2.44658
193 5.775 0.559095 57.4819 0.496938 4.09733 1.19592 0.560724 0.623237 0.640984 0.979192 1.1429 0.412182 0.174402 2.28306 0.84026 2.51279 1.70825 1.57044 1.64416 2.69907 2.4726
194 5.805 0.563936 57.9969 0.491597 4.14716 1.20058 0.57242 0.64108 0.649171 1.09895 1.16583 0.436413 0.176499 2.83283 0.867857 2.96282 1.73711 2.23424 1.66593 2.95312 2.50137
195 5.835 0.577786 58.5301 0.496129 4.19797 1.20366 0.584268 0.658529 0.657668 1.14034 1.18987 0.431976 0.178596 2.8037 0.895455 2.61828 1.76289 1.98682 1.68549 2.22623 2.52329
196 5.865 0.589204 59.0794 0.497191 4.24942 1.17398 0.595943 0.614223 0.665675 0.953774 1.21019 0.379033 0.180455 2.37684 0.919091 1.14034 1.77423 1.20544 1.69748 1.79056 2.5411
197 5.895 0.640913 59.6831 0.552947 4.30723 1.2008 0.608007 0.608526 0.673688 0.735455 1.22602 0.474113 0.182805 2.48837 0.944091 0.718285 1.78144 1.44429 1.71199 1.63623 2.55753
198 5.925 0.727405 60.3752 0.686237 4.3797 1.21991 0.620388 0.772483 0.683965 0.681263 1.24083 0.724125 0.18643 2.13694 0.965779 1.57444 1.79742 1.61619 1.72839 3.50926 2.59315
199 5.955 0.824932 61.1681 0.843694 4.4697 1.1929 0.632617 1.28916 0.70129 0.810289 1.25862 1.2584 0.192793 1.82413 0.984481 2.36282 1.82165 1.60012 1.74479 4.67704 2.6411
200 5.985 0.884591 62.0269 0.926551 4.56954 1.18234 0.644862 1.5152 0.721858 0.914284 1.2789 1.43062 0.200101 1.61154 1.00117 3.03648 1.85309 1.58389 1.7612 3.83586 2.68082
