# Time-averaged data for fix rdf1850out
# TimeStep Number-of-rows
# Row c_rdf1850[1] c_rdf1850[2] c_rdf1850[3] c_rdf1850[4] c_rdf1850[5] c_rdf1850[6] c_rdf1850[7] c_rdf1850[8] c_rdf1850[9] c_rdf1850[10] c_rdf1850[11] c_rdf1850[12] c_rdf1850[13] c_rdf1850[14] c_rdf1850[15] c_rdf1850[16] c_rdf1850[17] c_rdf1850[18] c_rdf1850[19] c_rdf1850[20] c_rdf1850[21]
360000 200
1 0.015 0 0 0 0 0 0 0 0 0 0 0 0 0 0 0 0 0 0 0 0
2 0.045 0 0 0 0 0 0 0 0 0 0 0 0 0 0 0 0 0 0 0 0
3 0.075 0 0 0 0 0 0 0 0 0 0 0 0 0 0 0 0 0 0 0 0
4 0.105 0 0 0 0 0 0 0 0 0 0 0 0 0 0 0 0 0 0 466.095 0.00136986
5 0.135 0 0 0 0 0 0 0 0 0 0 0 0 0 0 0 0 0 0 0 0.00136986
6 0.165 0 0 0 0 0 0 0 0 0 0 0 0 0 0 0 0 0 0 0 0.00136986
7 0.195 0 0 0 0 0 0 0 0 0 0 0 0 0 0 0 0 0 0 0 0.00136986
8 0.225 0 0 0 0 0 0 0 0 0 0 0 0 0 0 0 0 0 0 0 0.00136986
9 0.255 0 0 0 0 0 0 0 0 0 0 0 0 0 0 0 0 0 0 0 0.00136986
10 0.285 0 0 0 0 0 0 0 0 0 0 0 0 0 0 0 0 0 0 0 0.00136986
11 0.315 0 0 0 0 0 0 0 0 0 0 1.09879 1.44134e-05 0 0 0 0 0 0 0 0.00136986
12 0.345 0.00487531 1.44134e-05 0 0 0 0 0 0 0 0 1.85668 4.32401e-05 0 0 0 0 0 0 0 0.00136986
13 0.375 0 1.44134e-05 0 0 0 0 0 0 0.180909 1.44134e-05 1.95593 7.92736e-05 0 0 0 0 0 0 73.2596 0.00410959
14 0.405 0 1.44134e-05 0 0 0 0 0 0 0 1.44134e-05 3.01576 0.000144134 0 0 0 0 0 0 0 0.00410959
15 0.435 0 1.44134e-05 0 0 0 0 0 0 0.0664381 2.16201e-05 4.35886 0.000252234 0 0 0 0 0 0 27.4142 0.00547945
16 0.465 0 1.44134e-05 0 0 0 0 0 0 0.293702 5.76535e-05 1.77975 0.000302681 0 0 0 0 0 0 0 0.00547945
17 0.495 0 1.44134e-05 0 0 0 0 0 0 0.15595 7.92736e-05 1.58141 0.000353128 0 0 0 0 0 0 21.0245 0.00684932
18 0.525 0 1.44134e-05 0 0 0 0 0 0 0.137249 0.000100894 0.998476 0.000389161 0 0 0 0 0 0 18.5524 0.00821918
19 0.555 0.00187713 2.88268e-05 0 0 0 0 0 0 0.123367 0.000122514 0.53637 0.000410781 0 0 0 0 0 0 50.2165 0.0123288
20 0.585 0 2.88268e-05 0 0 0 0 0 0 0 0.000122514 0.48412 0.000432401 0 0 0 0 0 0 180.968 0.0287671
21 0.615 0 2.88268e-05 0 0 0 0 0 0 0.0335288 0.00012972 0.437768 0.000454021 0 0 0 0 0 0 27.486 0.0315068
22 0.645 0 2.88268e-05 0 0 0 0 0 0 0.0912437 0.00015134 0.132371 0.000461228 0 0 0 0 2.83075 0.000315457 61.8904 0.0383562
23 0.675 0 2.88268e-05 0 0 0 0 0 0 0.0554327 0.000165754 0.484224 0.000490055 0 0 0 0 0 0.000315457 79.4331 0.0479452
24 0.705 0 2.88268e-05 0 0 0 0 0 0 0.0255632 0.000172961 0.332289 0.000511675 0 0 0 0 0 0.000315457 41.6552 0.0534247
25 0.735 0 2.88268e-05 0 0 0 0 0 0 0.0236627 0.000180167 0.20325 0.000526088 0 0 0 0 4.39924 0.000946372 86.129 0.0657534
26 0.765 0 2.88268e-05 0 0 0 0 0 0 0.0216033 0.000187374 0.0932084 0.000533295 0 0 0 0 0 0.000946372 44.1327 0.0726027
27 0.795 0 2.88268e-05 0 0 0 0 0 0 0.0198967 0.000194581 0 0.000533295 0 0 0 0 5.61259 0.00189274 32.5815 0.0780822
28 0.825 0 2.88268e-05 0 0 0 0 0 0 0.0184762 0.000201787 0.32319 0.000562122 0 0 0 0 3.49079 0.00252366 45.4989 0.0863014
29 0.855 0 2.88268e-05 0 0 0 0 0.0567329 1.44134e-05 0 0.000201787 0.075338 0.000569328 0 0 0 0 4.90076 0.00347003 56.5635 0.0972603
30 0.885 0 2.88268e-05 0 0 0 0 0.0532603 2.88268e-05 0.0322617 0.000216201 0.140387 0.000583742 0 0 0 0 1.52662 0.00378549 85.7781 0.115068
31 0.915 0 2.88268e-05 0 0 0 0 0 2.88268e-05 0 0.000216201 0.197813 0.000605362 0 0 0 0 0 0.00378549 49.3123 0.126027
32 0.945 0 2.88268e-05 0 0 0.121332 2.88268e-05 0.0229855 3.60334e-05 0.014281 0.000223407 0.0616724 0.000612568 0 0 0 0 2.66641 0.0044164 34.7592 0.134247
33 0.975 0 2.88268e-05 0 0 0.0859123 5.04468e-05 0.0217326 4.32401e-05 0 0.000223407 0.231422 0.000641395 0 0 0 0 5.00444 0.00567823 21.7512 0.139726
34 1.005 0 2.88268e-05 0 0 0.0801755 7.20669e-05 0.0409935 5.76535e-05 0 0.000223407 0 0.000641395 0 0 0 0 1.18311 0.00599369 30.7793 0.147945
35 1.035 0 2.88268e-05 0.00244166 7.20669e-06 0.0509067 8.64803e-05 0.0191829 6.48602e-05 0 0.000223407 0.256785 0.000677429 0 0 0 0 5.53559 0.00757098 24.2058 0.154795
36 1.065 0 2.88268e-05 0 7.20669e-06 0.0958921 0.000115307 0.0183058 7.20669e-05 0.0111584 0.000230614 0.193676 0.000706255 0 0 0 0 3.14874 0.00851735 18.137 0.160274
37 1.095 0 2.88268e-05 0 7.20669e-06 0.0679628 0.000136927 0.0173804 7.92736e-05 0 0.000230614 0.229382 0.000742289 0 0 0 0 2.99353 0.00946372 21.4758 0.167123
38 1.125 0 2.88268e-05 0 7.20669e-06 0.0647103 0.000158547 0 7.92736e-05 0 0.000230614 0.174296 0.000771116 0 0 0 0 4.71488 0.011041 24.413 0.175342
39 1.155 0 2.88268e-05 0 7.20669e-06 0.0608346 0.000180167 0.0623143 0.0001081 0 0.000230614 0.082572 0.000785529 0 0 0 0 1.76676 0.0116719 27.1205 0.184932
40 1.185 0 2.88268e-05 0.00373222 2.16201e-05 0.115907 0.000223407 0.0148764 0.000115307 0 0.000230614 0.0786618 0.000799942 0 0 1.3808 0.000515464 4.23646 0.0132492 25.7409 0.194521
41 1.215 0 2.88268e-05 0.00353931 3.60334e-05 0.018247 0.000230614 0.0280603 0.00012972 0.00866013 0.000237821 0.111815 0.000821562 0 0 0 0.000515464 0.805531 0.0135647 7.01294 0.19726
42 1.245 0 2.88268e-05 0.00166831 4.32401e-05 0.105118 0.000273854 0.0266996 0.000144134 0 0.000237821 0.177799 0.000857596 0 0 0 0.000515464 3.82554 0.015142 23.36 0.206849
43 1.275 0 2.88268e-05 0.00640952 7.20669e-05 0.0168041 0.000281061 0.038388 0.000165754 0.0701947 0.000302681 0.0675011 0.000872009 0 0 0 0.000515464 2.93029 0.0164038 9.50303 0.210959
44 1.305 0 2.88268e-05 0.00610219 0.000100894 0.0476371 0.000302681 0.0485643 0.000194581 0.0224158 0.000324301 0.0651186 0.000886423 0 0 0 0.000515464 3.47786 0.0179811 18.2695 0.219178
45 1.335 0 2.88268e-05 0.00731682 0.000136927 0.0153181 0.000309888 0.0231104 0.000208994 0.0355581 0.000360334 0.0924347 0.000908043 0 0 0 0.000515464 3.3388 0.0195584 17.3513 0.227397
46 1.365 0.000311435 4.32401e-05 0.00558712 0.000165754 0.0293578 0.000324301 0.011137 0.000216201 0.0613059 0.000425195 0.0589254 0.000922456 0 0 1.03406 0.00103093 0.643308 0.0198738 27.6751 0.241096
47 1.395 0 4.32401e-05 0.0107816 0.000223407 0 0.000324301 0.053047 0.000252234 0.14372 0.000583742 0.0564011 0.000936869 0 0 1.00404 0.00154639 4.26656 0.022082 13.3217 0.247945
48 1.425 0.000854693 8.64803e-05 0.00642507 0.000259441 0 0.000324301 0.0611937 0.000295474 0.074868 0.000670222 0.0271572 0.000944076 0 0 1.9126 0.00257732 4.68742 0.0246057 5.09313 0.250685
49 1.455 0.000546666 0.000115307 0.00741812 0.000302681 0.0257909 0.000338714 0.0586259 0.000338714 0.227823 0.000944076 0.0260489 0.000951283 0 0 2.75801 0.00412371 1.11808 0.0252366 19.5166 0.261644
50 1.485 0.000528041 0.000144134 0.00828815 0.000353128 0.0244949 0.000353128 0.0659145 0.000389161 0.212849 0.00121072 0.0749591 0.000972903 0 0 1.75499 0.00515464 5.41376 0.0283912 11.6869 0.268493
51 1.515 0.000505326 0.000172961 0.00793123 0.000403575 0.0235816 0.000367541 0.0812382 0.000454021 0.226804 0.0015062 0 0.000972903 0 0 2.53277 0.00670103 2.07785 0.029653 11.2299 0.275342
52 1.545 0.000484734 0.000201787 0.0109242 0.000475641 0.0228252 0.000381954 0.0694407 0.000511675 0.201932 0.00178005 0.0230739 0.00098011 0 0 5.69731 0.0103093 4.48014 0.0324921 8.63809 0.280822
53 1.575 0.000702777 0.000245027 0.0105531 0.000547708 0.0437405 0.000410781 0.100273 0.000598155 0.301599 0.00220525 0.022134 0.000987316 0 0 3.13774 0.0123711 3.36163 0.0347003 16.7225 0.291781
54 1.605 0.000224982 0.000259441 0.0151804 0.000655809 0.0737676 0.000461228 0.0806058 0.000670222 0.216647 0.00252234 0.0212003 0.000994523 0.0947277 6.49351e-05 4.53608 0.0154639 2.31017 0.0362776 18.0342 0.30411
55 1.635 0.000868742 0.000317094 0.0107333 0.000735082 0.304995 0.000677429 0.116479 0.000778322 0.30779 0.00299078 0.0411811 0.00100894 0 6.49351e-05 15.9751 0.0268041 1.777 0.0375394 9.67563 0.310959
56 1.665 0.000630261 0.000360334 0.0207276 0.000893629 0.26465 0.000872009 0.0895998 0.000864803 0.228857 0.00335111 0.0198256 0.00101614 0.177088 0.000194805 27.3509 0.0469072 3.42509 0.0400631 16.7881 0.323288
57 1.695 0.00161889 0.000475641 0.0181873 0.00103776 0.633754 0.00135486 0.0794238 0.000944076 0.277767 0.00380513 0.0765397 0.00104497 0.170815 0.000324675 31.1161 0.0706186 2.06396 0.0416404 9.00028 0.330137
58 1.725 0.00194657 0.000619775 0.0307055 0.00129 1.05753 0.00219083 0.132507 0.001081 0.208682 0.00415826 0.0925214 0.001081 0.0826685 0.00038961 25.4394 0.0907216 2.39804 0.0435331 17.3452 0.343836
59 1.755 0.00113038 0.000706255 0.0263047 0.0015134 1.4282 0.00335832 0.174962 0.00126838 0.255429 0.00460507 0.053894 0.00110262 0.556666 0.000844156 45.4257 0.127835 1.54392 0.044795 13.3495 0.354795
60 1.785 0.00254764 0.000908043 0.030337 0.00178005 1.78981 0.00487172 0.0911149 0.00136927 0.286681 0.00512396 0.0691061 0.00113145 0.919487 0.00162338 40.2773 0.161856 3.37097 0.0476341 9.72876 0.363014
61 1.815 0.00599697 0.0013981 0.0404036 0.00214759 2.18563 0.00678149 0.17011 0.00156385 0.246363 0.00558518 0.0499915 0.00115307 0.816915 0.00233766 50.0886 0.20567 1.44125 0.0488959 15.7135 0.376712
62 1.845 0.00545215 0.00185933 0.0621582 0.00273133 2.61807 0.00914529 0.158525 0.00175123 0.267725 0.00610406 0.0325302 0.00116748 0.86149 0.00311688 38.2332 0.240206 2.10227 0.0507886 16.7036 0.391781
63 1.875 0.00941157 0.00268089 0.0988131 0.00368982 2.6892 0.0116532 0.300473 0.00211877 0.248811 0.00660133 0.0313002 0.0011819 0.975948 0.00402597 55.3271 0.291753 1.70042 0.0523659 22.0161 0.412329
64 1.905 0.0131093 0.00386278 0.142459 0.00511675 2.39489 0.0139594 0.228402 0.00240703 0.2273 0.00706976 0.0303103 0.00119631 0.470486 0.00448052 41.2241 0.331443 0.654758 0.0529968 11.4012 0.423288
65 1.935 0.0271207 0.00638513 0.216275 0.00735082 2.53936 0.0164817 0.354426 0.00286826 0.298048 0.00770395 0.0879967 0.00123955 0.589856 0.00506494 37.889 0.369072 1.58713 0.0545741 17.9156 0.441096
66 1.965 0.0416038 0.0103776 0.286138 0.0103993 2.62273 0.0191698 0.327377 0.00330787 0.347881 0.00846786 0.0713678 0.00127558 0.571105 0.00564935 32.2326 0.402062 3.38934 0.0580442 5.33785 0.446575
67 1.995 0.0775163 0.0180455 0.386471 0.014644 2.27148 0.0215696 0.427336 0.00389882 0.503313 0.00960651 0.0966376 0.00132603 0.79883 0.00649351 27.3635 0.430928 3.57891 0.0618297 16.8549 0.464384
68 2.025 0.130483 0.0313491 0.468776 0.0199481 2.10652 0.0238613 0.434729 0.00451859 0.618484 0.0110479 0.0536633 0.00135486 1.07332 0.00766234 18.9708 0.451546 1.44868 0.0634069 17.6208 0.483562
69 2.055 0.194143 0.0517296 0.602727 0.0269746 1.87737 0.0259657 0.495357 0.00524647 0.708786 0.0127486 0.0520158 0.00138368 0.985035 0.00876623 18.388 0.472165 3.38591 0.0671924 9.75867 0.494521
70 2.085 0.314954 0.085774 0.738954 0.0358389 1.47464 0.0276665 0.709646 0.00632027 0.93937 0.0150692 0.139588 0.00146296 0.395117 0.00922078 12.97 0.487113 3.00629 0.0706625 11.8858 0.508219
71 2.115 0.451562 0.136005 0.911652 0.0470957 1.76724 0.0297636 0.768741 0.00751658 1.21349 0.0181536 0.184566 0.00157106 0.765792 0.0101299 11.7316 0.501031 2.12253 0.0731861 9.24646 0.519178
72 2.145 0.631417 0.208244 1.08315 0.0608533 1.41147 0.031486 0.805915 0.00880657 1.39799 0.0218074 0.119786 0.00164312 0.638915 0.0109091 6.7496 0.509278 3.62985 0.0776025 5.63046 0.526027
73 2.175 0.836007 0.306601 1.25219 0.0772052 1.01602 0.0327616 1.03779 0.0105146 1.53652 0.0259369 0.163179 0.00174402 0.672273 0.0117532 7.38683 0.518557 1.51006 0.0794953 14.1842 0.543836
74 2.205 1.05556 0.434246 1.36141 0.0954742 1.07818 0.0341525 1.17132 0.0124964 1.70871 0.0306572 0.271591 0.00191698 0.603499 0.0125325 4.78335 0.524742 1.22083 0.0810726 9.57248 0.556164
75 2.235 1.2884 0.594307 1.54675 0.116806 0.892196 0.0353344 1.39031 0.0149106 1.86056 0.0359398 0.264782 0.00208994 0.440477 0.0131169 5.83183 0.532474 2.85618 0.084858 6.20454 0.564384
76 2.265 1.54641 0.791626 1.71272 0.141064 0.968493 0.0366532 1.40091 0.0174114 2.01902 0.0418276 0.290225 0.00228452 0.381142 0.0136364 3.01788 0.536598 2.08975 0.0876972 8.03713 0.575342
77 2.295 1.7761 1.0243 1.80092 0.167253 0.758767 0.0377126 1.49059 0.0201427 2.14301 0.0482416 0.512523 0.00263765 0.279596 0.014026 5.16833 0.543814 2.48471 0.0911672 9.77887 0.589041
78 2.325 1.97462 1.28981 1.91891 0.195892 0.733594 0.0387648 1.69444 0.023328 1.96768 0.054288 0.601183 0.00306284 0.453961 0.0146753 4.3076 0.55 2.19951 0.0943218 8.57171 0.60137
79 2.355 2.17772 1.59026 1.99494 0.226441 0.670666 0.0397521 1.80443 0.0268089 2.08815 0.0608677 0.704985 0.00357452 0.353605 0.0151948 3.4979 0.555155 1.71313 0.0968454 7.46534 0.612329
80 2.385 2.31739 1.91816 2.0477 0.258605 0.816606 0.0409844 1.89412 0.0305564 2.04409 0.0674762 0.84129 0.0042015 0.473655 0.0159091 3.75002 0.560825 2.71462 0.100946 5.46593 0.620548
81 2.415 2.42863 2.27052 2.08163 0.29213 0.517473 0.0417844 1.95827 0.0345272 1.99155 0.0740775 1.17993 0.00510233 0.336443 0.0164286 3.32345 0.565979 2.24276 0.104416 11.5059 0.638356
82 2.445 2.50309 2.64278 2.05091 0.325987 0.572952 0.0426924 1.90289 0.0384837 1.88567 0.0804843 1.12434 0.00598155 0.286956 0.0168831 2.59471 0.570103 3.38489 0.109779 8.6387 0.652055
83 2.475 2.52035 3.02685 2.02692 0.36027 0.487975 0.0434852 1.89318 0.0425195 1.85254 0.0869343 1.24972 0.00698328 0.55935 0.0177922 2.86172 0.574742 2.90672 0.114511 8.42231 0.665753
84 2.505 2.51604 3.4196 2.00813 0.395063 0.502297 0.0443211 1.99468 0.0468723 1.60678 0.0926636 1.21915 0.00798501 0.233683 0.0181818 3.40341 0.580412 3.78188 0.12082 10.7131 0.683562
85 2.535 2.51216 3.8212 1.94166 0.429519 0.523858 0.0452148 1.77256 0.050836 1.69685 0.0988613 1.42252 0.00918132 0.0761842 0.0183117 2.42453 0.584536 2.22216 0.124606 10.4544 0.70137
86 2.565 2.47315 4.22599 1.93965 0.464759 0.420901 0.0459498 1.48361 0.0542303 1.54577 0.104641 1.37269 0.0103632 0.260179 0.0187662 2.94904 0.589691 2.34764 0.128707 6.28283 0.712329
87 2.595 2.38093 4.62485 1.92281 0.500512 0.467863 0.0467858 1.47063 0.0576751 1.44074 0.110154 1.35717 0.0115595 0.181907 0.0190909 4.0501 0.596907 2.11192 0.132492 7.68262 0.726027
88 2.625 2.29674 5.01854 1.81004 0.534952 0.477132 0.0476578 1.47891 0.0612208 1.39452 0.115617 1.26189 0.0126982 0.31995 0.0196753 1.4023 0.599485 4.14181 0.140063 4.50218 0.734247
89 2.655 2.20109 5.4045 1.72552 0.568536 0.431136 0.048465 1.23119 0.0642404 1.37048 0.121108 1.32044 0.0139161 0.208839 0.0200649 2.20512 0.603608 3.7148 0.147003 7.30989 0.747945
90 2.685 2.06276 5.77442 1.65348 0.601449 0.527312 0.0494739 1.18397 0.0672096 1.34505 0.126622 1.35108 0.0151917 0.270787 0.0205844 2.15354 0.607732 2.64459 0.15205 5.73234 0.758904
91 2.715 1.96366 6.13449 1.52177 0.632423 0.479285 0.0504108 1.04015 0.069876 1.24185 0.131825 1.2625 0.0164096 0.266489 0.0211039 2.90313 0.613402 2.73686 0.157413 4.19929 0.767123
92 2.745 1.84075 6.47952 1.46624 0.662929 0.483185 0.0513765 1.07511 0.0726939 1.17777 0.136869 1.16145 0.0175555 0.259809 0.0216234 1.54612 0.616495 3.7845 0.164984 3.42156 0.773973
93 2.775 1.71871 6.80875 1.31068 0.690797 0.490089 0.0523782 0.923167 0.0751658 1.10517 0.141705 1.17212 0.0187374 0.19121 0.022013 2.2699 0.621134 2.62567 0.170347 8.71642 0.791781
94 2.805 1.60044 7.12199 1.24775 0.717901 0.476259 0.0533727 0.972094 0.077825 1.10244 0.146634 1.09828 0.0198688 0.248824 0.0225325 2.71983 0.626804 4.07891 0.178864 3.28913 0.79863
95 2.835 1.48849 7.41959 1.17931 0.744069 0.601488 0.0546555 0.883928 0.0802969 0.934346 0.150901 1.15048 0.0210796 0.212411 0.022987 3.38977 0.634021 2.81122 0.184858 3.21749 0.805479
96 2.865 1.38039 7.70144 1.13185 0.769717 0.602391 0.0559671 0.878479 0.0828048 0.973213 0.155441 1.12049 0.0222831 0.327297 0.0237013 2.83956 0.640206 4.77768 0.195268 1.8836 0.809589
97 2.895 1.27636 7.96751 1.00599 0.792995 0.657988 0.0574301 0.714788 0.0848876 0.883888 0.15965 1.03185 0.0234145 0.292741 0.0243506 3.47711 0.647938 3.41323 0.202839 6.1516 0.823288
98 2.925 1.19579 8.22199 0.958987 0.815646 0.600122 0.0587922 0.765258 0.0871649 0.83295 0.1637 1.04211 0.024582 0.458377 0.0253896 4.31109 0.657732 2.78271 0.209148 1.80609 0.827397
99 2.955 1.1018 8.46129 0.876324 0.836776 0.64701 0.0602912 0.76632 0.0894926 0.849652 0.167916 0.996844 0.0257207 0.253258 0.025974 4.66412 0.668557 2.30695 0.214511 5.91731 0.841096
100 2.985 1.03574 8.69083 0.822999 0.857019 0.655385 0.0618406 0.781381 0.0919141 0.815412 0.172045 0.785171 0.0266359 0.35726 0.0268182 3.92661 0.677835 3.33365 0.222397 3.48873 0.849315
101 3.015 0.9499 8.90561 0.739788 0.875584 0.639479 0.0633828 0.795807 0.0944292 0.708701 0.175706 0.921556 0.0277313 0.242357 0.0274026 2.77924 0.684536 4.05265 0.232177 5.13547 0.861644
102 3.045 0.883906 9.10944 0.700524 0.893514 0.594459 0.0648458 0.683767 0.0966345 0.74669 0.179641 0.861684 0.0287763 0.396728 0.0283766 3.56453 0.693299 3.32901 0.240379 5.00024 0.873973
103 3.075 0.827852 9.30412 0.686252 0.91143 0.738374 0.0666979 0.804493 0.0992793 0.756771 0.183706 0.903415 0.0298933 0.516829 0.0296753 3.90986 0.703093 4.15069 0.250789 6.57 0.890411
104 3.105 0.788551 9.4932 0.641456 0.928502 0.715438 0.0685284 0.645018 0.101441 0.673442 0.187396 0.776677 0.0308735 0.40627 0.0307143 3.0237 0.710825 4.30964 0.26183 4.81225 0.90274
105 3.135 0.734877 9.67282 0.615993 0.945215 0.768328 0.0705319 0.700365 0.103834 0.7074 0.191345 0.728557 0.0318103 0.522252 0.0320779 1.98068 0.715979 5.80518 0.276972 7.36373 0.921918
106 3.165 0.701494 9.84758 0.561615 0.960745 0.846155 0.0727803 0.717972 0.106335 0.739426 0.195553 0.736536 0.032776 0.538328 0.0335065 4.07793 0.726804 4.62274 0.289274 2.57835 0.928767
107 3.195 0.663393 10.016 0.523945 0.975512 0.838007 0.0750504 0.724556 0.108907 0.694598 0.199582 0.64182 0.0336336 0.576654 0.0350649 2.84802 0.734536 4.77236 0.302208 7.07539 0.947945
108 3.225 0.629804 10.1789 0.537128 0.990934 0.866848 0.0774431 0.69733 0.11143 0.797186 0.204295 0.582404 0.0344263 0.447054 0.0362987 4.49382 0.746907 4.68121 0.315142 2.48296 0.954795
109 3.255 0.608897 10.3393 0.492852 1.00535 0.982072 0.0802032 0.690458 0.113974 0.715835 0.208605 0.629277 0.0352984 0.647036 0.0381169 4.76884 0.760309 7.97175 0.337539 8.28255 0.978082
110 3.285 0.574234 10.4934 0.488768 1.0199 0.989363 0.0830355 0.652832 0.116424 0.749978 0.213203 0.729767 0.0363289 0.589296 0.0398052 3.96133 0.771649 6.28781 0.355521 6.71154 0.99726
111 3.315 0.562699 10.6472 0.4839 1.03458 0.907113 0.0856803 0.678842 0.119018 0.718712 0.217692 0.671843 0.0372946 0.734416 0.0419481 2.82287 0.779897 7.13769 0.376341 2.35113 1.00411
112 3.345 0.548995 10.8 0.501514 1.05007 1.03183 0.0887432 0.672632 0.121634 0.757136 0.222506 0.576146 0.0381378 0.919259 0.0446753 2.43244 0.787113 7.33352 0.398107 3.2333 1.0137
113 3.375 0.523988 10.9484 0.465758 1.06472 1.06801 0.0919717 0.70967 0.124445 0.748338 0.227349 0.474158 0.038844 0.643749 0.0466234 2.21782 0.793814 8.76171 0.424606 4.99655 1.02877
114 3.405 0.516133 11.0972 0.467346 1.07967 1.0896 0.0953229 0.733038 0.1274 0.71943 0.232091 0.498623 0.0396007 0.759184 0.048961 2.5169 0.801546 7.79223 0.44858 4.46077 1.04247
115 3.435 0.525482 11.2514 0.483272 1.09541 1.00087 0.0984578 0.770813 0.130564 0.755664 0.237158 0.657737 0.0406169 0.684392 0.0511039 2.30876 0.808763 6.84308 0.470032 5.25686 1.0589
116 3.465 0.524962 11.4082 0.488088 1.11159 1.0717 0.101874 0.733779 0.133626 0.742225 0.242224 0.642436 0.0416258 0.610918 0.0530519 2.58369 0.81701 7.92908 0.495268 3.43445 1.06986
117 3.495 0.526407 11.5681 0.495652 1.1283 0.971607 0.105023 0.787595 0.13697 0.806283 0.247824 0.654134 0.0426708 0.86162 0.0558442 2.70177 0.825773 7.59641 0.519874 4.64107 1.08493
118 3.525 0.527611 11.7311 0.497863 1.14538 1.10382 0.108662 0.705578 0.140019 0.777693 0.253315 0.651289 0.0437302 0.768216 0.0583766 2.03762 0.832474 8.51937 0.54795 3.32251 1.09589
119 3.555 0.536346 11.8997 0.504411 1.16298 0.99502 0.111999 0.764414 0.143377 0.869166 0.259556 0.610254 0.0447391 0.755733 0.0609091 2.91981 0.842268 8.09178 0.575079 2.0363 1.10274
120 3.585 0.546094 12.0742 0.527951 1.18171 1.14332 0.115898 0.753353 0.146743 0.822009 0.265559 0.582794 0.0457192 0.762545 0.0635065 2.41897 0.850515 6.75459 0.598107 5.21393 1.12055
121 3.615 0.560646 12.2564 0.53415 1.20098 1.15332 0.119898 0.796278 0.15036 0.827968 0.271707 0.657467 0.0468435 0.879208 0.0665584 2.08464 0.857732 7.18867 0.623028 4.34142 1.13562
122 3.645 0.572544 12.4456 0.559375 1.2215 1.11391 0.123825 0.843734 0.154259 0.870557 0.278279 0.638577 0.0479533 0.903736 0.0697403 3.80145 0.871134 5.28232 0.64164 3.10596 1.14658
123 3.675 0.596989 12.6461 0.586553 1.24337 1.046 0.127573 0.764186 0.157848 0.8602 0.28488 0.717368 0.0492217 0.870456 0.0728571 2.44555 0.879897 7.57125 0.66877 2.67957 1.15616
124 3.705 0.61344 12.8556 0.589895 1.26572 1.04507 0.131378 0.852906 0.16192 0.8776 0.291727 0.650028 0.0503892 1.21312 0.0772727 2.97821 0.890722 6.05949 0.690852 2.25978 1.16438
125 3.735 0.641618 13.0782 0.637241 1.29026 1.06886 0.135334 0.907812 0.166323 0.830176 0.298306 0.635381 0.0515494 0.929347 0.0807143 1.38951 0.895876 5.03186 0.709464 2.94969 1.17534
126 3.765 0.654886 13.3091 0.634556 1.3151 1.08104 0.139399 0.867215 0.170597 0.917972 0.3057 0.696096 0.0528394 0.966031 0.0843506 2.32731 0.904639 5.36212 0.729653 3.27715 1.18767
127 3.795 0.694335 13.5578 0.655337 1.34115 1.0243 0.143312 0.912107 0.175166 0.922779 0.313253 0.734594 0.0542231 0.8488 0.0875974 2.29191 0.913402 6.10235 0.752997 0.358565 1.18904
128 3.825 0.719777 13.8197 0.690054 1.36903 1.02663 0.147297 0.882438 0.179656 0.905739 0.320784 0.756327 0.0556717 1.10474 0.0918831 2.52076 0.923196 6.0117 0.776341 4.23402 1.20548
129 3.855 0.754819 14.0987 0.716379 1.39841 1.07002 0.151513 0.890886 0.184261 0.928537 0.328625 0.692673 0.0570193 0.972215 0.0957143 2.21907 0.931959 4.39922 0.793691 1.7357 1.21233
130 3.885 0.777373 14.3906 0.718858 1.42837 1.05433 0.155737 0.93898 0.18919 0.920918 0.336523 0.788233 0.058576 0.941158 0.0994805 1.92927 0.939691 5.66928 0.816404 3.40885 1.22603
131 3.915 0.812152 14.7002 0.75785 1.46044 0.999667 0.159801 0.956723 0.194292 0.911704 0.344465 0.76889 0.0601182 0.973401 0.103442 2.02692 0.947938 4.34637 0.834069 2.67746 1.23699
132 3.945 0.857651 15.0322 0.767868 1.49343 0.970306 0.163808 0.926826 0.199308 0.967995 0.353027 0.778507 0.0617037 1.10131 0.107987 2.62505 0.958763 5.57513 0.857098 4.31023 1.25479
133 3.975 0.884407 15.3798 0.803351 1.52848 1.14963 0.168629 0.937526 0.204461 0.923925 0.361322 0.790933 0.0633396 1.09998 0.112597 1.96879 0.96701 4.21226 0.874763 1.95374 1.26301
134 4.005 0.908634 15.7424 0.842453 1.56579 1.14984 0.173523 0.950801 0.209765 0.955795 0.370035 0.937036 0.065307 0.962662 0.116688 2.5403 0.977835 4.59561 0.894322 2.5698 1.27397
135 4.035 0.957805 16.1303 0.854609 1.6042 1.0496 0.178056 0.952128 0.215156 0.968885 0.379 0.892495 0.0672096 1.23216 0.122013 2.14878 0.987113 4.01453 0.911672 2.5418 1.28493
136 4.065 0.978758 16.5326 0.889673 1.64479 1.01229 0.182495 1.03176 0.221087 0.914649 0.38759 0.843473 0.0690329 0.977062 0.126299 2.00389 0.995876 3.81651 0.928391 3.74992 1.30137
137 4.095 1.01471 16.9559 0.898639 1.6864 1.08682 0.187331 1.03552 0.227126 1.0527 0.397622 0.939078 0.071094 0.992267 0.130714 2.78076 1.00825 4.32296 0.947634 1.2354 1.30685
138 4.125 1.05065 17.4006 0.9013 1.72875 1.07114 0.192166 1.03384 0.233244 0.998594 0.407279 0.840588 0.0729677 0.806346 0.134351 2.28601 1.01856 3.0803 0.961514 3.34116 1.32192
139 4.155 1.07116 17.8606 0.927981 1.77298 0.996072 0.196728 1.00461 0.239276 0.976944 0.416864 0.925082 0.0750577 1.09261 0.139351 2.5918 1.03041 3.0956 0.97571 2.08904 1.33151
140 4.185 1.10113 18.3403 0.950754 1.81896 0.991386 0.201333 1.00435 0.245395 1.04733 0.427292 0.999726 0.0773494 0.976769 0.143896 2.33203 1.04124 3.12337 0.990221 2.06117 1.3411
141 4.215 1.13099 18.8402 0.993487 1.86769 1.00491 0.206068 1.10324 0.252212 1.0386 0.437777 0.989009 0.0796483 1.06211 0.148896 2.40408 1.05258 3.41252 1.00631 0.872222 1.34521
142 4.245 1.16586 19.3628 0.986558 1.91678 1.08358 0.21125 0.993262 0.258439 1.07047 0.448739 1.04151 0.0821058 1.05988 0.153961 3.01691 1.06701 3.30198 1.02208 3.42833 1.36164
143 4.275 1.17005 19.8947 0.986577 1.96656 1.07276 0.216453 1.08179 0.265314 1.00609 0.459189 1.01212 0.0845272 1.25831 0.160065 2.55434 1.07938 2.79197 1.03565 3.10882 1.37671
144 4.305 1.19056 20.4436 1.01857 2.01869 1.0612 0.221671 1.00629 0.2718 0.998396 0.469703 0.985955 0.0869199 1.0579 0.16526 2.51912 1.09175 2.4393 1.04763 1.38955 1.38356
145 4.335 1.20868 21.0085 1.03543 2.07241 0.988548 0.2266 1.04415 0.278625 1.00753 0.480463 0.973243 0.0893125 1.28875 0.171688 2.9995 1.1067 2.71959 1.0612 0.549353 1.3863
146 4.365 1.2272 21.5902 1.02371 2.12626 0.992222 0.231616 1.07789 0.285767 1.10572 0.492433 1.05498 0.0919429 1.00328 0.176753 1.42576 1.11392 2.55682 1.07413 2.16425 1.39726
147 4.395 1.24923 22.1904 1.0338 2.18139 1.02948 0.236891 1.02232 0.292635 1.06272 0.504101 0.975511 0.0944076 1.02624 0.182013 1.4054 1.12113 2.65015 1.0877 1.33694 1.40411
148 4.425 1.23899 22.7939 1.05889 2.23864 0.952959 0.241842 1.08467 0.300022 1.0025 0.515257 1.09696 0.0972182 0.936358 0.186883 2.18458 1.13247 2.54945 1.10095 3.4291 1.42192
149 4.455 1.25867 23.4153 1.06803 2.29716 1.00331 0.247125 1.06077 0.307344 1.04534 0.527047 1.07663 0.100014 1.18409 0.193117 2.64463 1.14639 1.91756 1.11104 2.33483 1.43425
150 4.485 1.2687 24.0501 1.07095 2.35664 0.948929 0.252191 1.0744 0.31486 1.06997 0.539276 1.00163 0.102652 1.05848 0.198766 2.31763 1.15876 2.06982 1.12208 1.02565 1.43973
151 4.515 1.2698 24.694 1.08117 2.41748 0.909704 0.257113 1.08862 0.322579 1.02129 0.55111 1.08056 0.105535 0.90075 0.203636 2.09538 1.1701 2.4537 1.13533 1.01211 1.44521
152 4.545 1.28617 25.3549 1.0907 2.47969 0.955901 0.262352 1.11131 0.330564 1.0378 0.563296 1.10329 0.108518 0.983979 0.209026 2.26127 1.18247 2.88102 1.1511 1.24911 1.45205
153 4.575 1.2941 26.0287 1.10071 2.5433 0.854971 0.267101 1.09277 0.33852 1.04998 0.575786 0.98646 0.111221 1.15918 0.215455 1.85875 1.19278 2.6132 1.16562 0.738541 1.45616
154 4.605 1.2736 26.7005 1.10009 2.6077 0.870794 0.272002 1.10326 0.346656 1.04349 0.588361 1.01793 0.114046 1.00393 0.221104 2.84123 1.20876 2.41447 1.17918 1.21917 1.46301
155 4.635 1.28267 27.3859 1.1153 2.67385 0.872588 0.276975 1.06579 0.354619 1.00694 0.600656 1.07599 0.117073 1.25399 0.228247 2.44124 1.22268 1.99121 1.19054 2.16374 1.47534
156 4.665 1.27298 28.0751 1.10985 2.74053 0.820128 0.281709 1.09882 0.362936 1.02972 0.61339 1.02472 0.119991 1.01312 0.234091 1.96334 1.23402 2.40714 1.20442 1.18802 1.48219
157 4.695 1.28913 28.7819 1.08235 2.80641 0.894472 0.286941 1.04345 0.370935 1.01497 0.626103 1.05646 0.12304 0.866349 0.239156 1.58571 1.2433 2.15842 1.21703 2.11076 1.49452
158 4.725 1.2719 29.4882 1.10126 2.87429 0.840955 0.291921 1.07313 0.379266 0.985356 0.638606 1.06572 0.126153 0.854593 0.244221 2.69824 1.25928 2.23783 1.23028 0.693487 1.49863
159 4.755 1.25805 30.1958 1.09468 2.94262 0.831019 0.296908 1.09795 0.3879 0.950657 0.650822 1.08637 0.129367 0.897983 0.24961 2.05719 1.27165 2.2596 1.24385 0.91493 1.50411
160 4.785 1.24669 30.9058 1.09208 3.01165 0.822277 0.301903 1.02625 0.396072 1.01346 0.66401 1.10127 0.132668 1.0799 0.256169 2.11926 1.28454 1.66323 1.25394 1.80678 1.51507
161 4.815 1.24127 31.6216 1.08953 3.08139 0.869465 0.30725 1.06436 0.404656 0.994742 0.677119 1.00237 0.135709 0.960966 0.262078 2.68505 1.30103 1.74463 1.26467 1.11474 1.52192
162 4.845 1.23416 32.3422 1.0623 3.15024 0.823958 0.312381 0.980789 0.412662 0.95971 0.689918 1.02076 0.138844 1.05362 0.268636 1.98795 1.3134 2.3824 1.2795 1.5403 1.53151
163 4.875 1.21507 33.0606 1.05384 3.21939 0.785189 0.317332 1.03327 0.421202 1.00479 0.703488 1.04729 0.142101 0.927371 0.274481 2.36949 1.32835 2.20098 1.29338 1.3004 1.53973
164 4.905 1.19918 33.7782 1.06545 3.29016 0.793122 0.322398 0.991141 0.429497 1.02612 0.717519 0.984301 0.1452 1.01838 0.280974 2.42018 1.34381 2.37346 1.30852 1.50688 1.54932
165 4.935 1.18862 34.4982 1.02622 3.35917 0.866556 0.327998 0.989536 0.437878 0.99353 0.73127 1.06943 0.148609 1.03537 0.287662 2.07394 1.35722 2.05203 1.32177 1.48497 1.5589
166 4.965 1.18059 35.2221 1.03253 3.42944 0.779933 0.3331 0.95809 0.446094 0.950582 0.744588 0.98978 0.151802 1.01285 0.294286 2.36225 1.37268 2.60377 1.3388 1.89071 1.57123
167 4.995 1.14759 35.9343 1.01038 3.49903 0.808808 0.338455 1.01638 0.454915 0.940279 0.75792 0.889461 0.154706 0.981367 0.300779 1.48178 1.38247 1.95525 1.35174 0.827543 1.57671
168 5.025 1.13719 36.6486 0.99304 3.56827 0.848803 0.344141 0.924845 0.463037 0.92491 0.771195 0.926859 0.157769 1.14414 0.308442 2.07455 1.39639 1.50612 1.36183 1.8398 1.58904
169 5.055 1.11451 37.357 0.980983 3.63747 0.828307 0.349755 1.02175 0.472117 0.920686 0.784563 0.967963 0.161005 0.823478 0.314026 2.04964 1.41031 2.14198 1.37634 0.607838 1.59315
170 5.085 1.09138 38.059 0.959457 3.70597 0.815043 0.355347 0.957559 0.480729 0.917649 0.798047 0.904987 0.164067 1.02224 0.321039 2.10224 1.42474 1.60897 1.38738 1.79946 1.60548
171 5.115 1.06964 38.7551 0.936787 3.77364 0.917733 0.361718 0.94487 0.489327 0.885484 0.811214 0.890396 0.167116 0.878574 0.327143 1.93443 1.43814 2.09019 1.40189 0.789757 1.61096
172 5.145 1.05527 39.4499 0.946589 3.84282 0.907259 0.368089 0.97277 0.498285 0.901134 0.824769 0.850977 0.170063 0.962013 0.333896 1.61411 1.44948 1.84067 1.41483 0.786079 1.61644
173 5.175 1.02761 40.1345 0.921197 3.91094 0.912892 0.374575 0.916941 0.506825 0.958948 0.839363 0.940096 0.173357 1.15188 0.342078 1.59696 1.46082 1.99835 1.42902 0.772214 1.62192
174 5.205 1.01014 40.8152 0.908233 3.97887 0.928342 0.381248 0.894159 0.515249 0.918301 0.853502 0.869816 0.176441 1.08412 0.34987 1.86608 1.47423 1.71152 1.44132 1.13862 1.63014
175 5.235 0.984005 41.4859 0.899778 4.04695 0.88319 0.387669 0.923586 0.524049 0.919429 0.867822 0.940163 0.179814 1.1076 0.357922 1.77109 1.48711 2.42802 1.45899 0.567715 1.63425
176 5.265 0.962985 42.1499 0.876644 4.11404 0.955517 0.394696 0.962943 0.533331 0.923135 0.882365 0.888071 0.183035 0.972048 0.365065 1.81936 1.50052 2.10161 1.47445 1.30059 1.64384
177 5.295 0.94603 42.8096 0.856714 4.18035 0.942622 0.401708 0.96479 0.542736 0.894158 0.896613 0.805165 0.18599 0.978259 0.372338 1.73065 1.5134 2.33389 1.4918 1.47774 1.65479
178 5.325 0.933725 43.4681 0.836786 4.24585 0.994279 0.409189 0.906811 0.551679 0.91875 0.911415 0.842677 0.189118 0.966691 0.37961 1.50566 1.52474 1.97258 1.50662 0.913901 1.66164
179 5.355 0.912227 44.1188 0.843065 4.31259 1.00591 0.416842 0.907736 0.560731 0.927353 0.926528 0.783273 0.192058 1.22852 0.388961 1.08658 1.53299 1.61823 1.51893 0.720683 1.66712
180 5.385 0.894753 44.7641 0.827877 4.37886 0.975334 0.424344 0.895338 0.569761 0.91184 0.941554 0.793752 0.195071 1.00536 0.396688 1.47359 1.54433 2.13089 1.53533 1.24417 1.67671
181 5.415 0.886029 45.4103 0.813105 4.44469 1.02281 0.4323 0.92094 0.579151 0.924706 0.956962 0.858538 0.198364 1.00992 0.404545 1.3897 1.55515 2.67538 1.55615 1.23087 1.6863
182 5.445 0.866053 46.0489 0.802932 4.51041 1.02164 0.440336 0.887597 0.588304 0.922602 0.972506 0.812128 0.201513 1.27167 0.414545 1.37542 1.56598 1.96417 1.57161 0.868324 1.69315
183 5.475 0.858749 46.6891 0.791066 4.57586 1.06757 0.448825 0.953306 0.598242 0.932772 0.988397 0.784468 0.204591 1.22442 0.424286 1.16463 1.57526 1.66609 1.58486 0.68995 1.69863
184 5.505 0.844921 47.326 0.780792 4.64119 1.02332 0.457055 0.923031 0.607971 0.92447 1.00432 0.722789 0.207459 1.37322 0.435325 1.72849 1.58918 2.11838 1.60189 0.51089 1.70274
185 5.535 0.841727 47.9673 0.789347 4.70794 1.02243 0.465365 0.944475 0.618031 0.922323 1.02037 0.821502 0.210752 0.982034 0.443312 1.14178 1.59845 1.59325 1.61483 1.68383 1.71644
186 5.565 0.82736 48.6046 0.775175 4.77421 1.05063 0.473998 0.895801 0.627681 0.963482 1.03733 0.815941 0.21406 1.22515 0.453377 1.6334 1.61186 1.76736 1.62934 1.16855 1.72603
187 5.595 0.823036 49.2454 0.771696 4.84091 1.05112 0.482726 0.888495 0.637352 0.974005 1.05466 0.756722 0.217159 1.39989 0.465 2.04825 1.62887 1.70976 1.64353 0.659484 1.73151
188 5.625 0.825239 49.8949 0.770464 4.90821 1.09774 0.491943 0.939137 0.647687 0.955894 1.07184 0.767384 0.220337 1.2841 0.475779 2.33605 1.64845 1.99094 1.66025 1.30274 1.74247
189 5.655 0.817448 50.545 0.781789 4.97723 1.06565 0.500987 0.953977 0.658295 0.980433 1.08967 0.714571 0.223328 1.33165 0.487078 1.64076 1.66237 1.67376 1.67445 0.805936 1.74932
190 5.685 0.809168 51.1955 0.774441 5.04632 1.11519 0.510551 0.931732 0.668766 1.00757 1.10817 0.712515 0.22634 1.06099 0.496169 1.44508 1.67474 1.80476 1.68991 1.11949 1.7589
191 5.715 0.815539 51.858 0.773738 5.11609 1.05803 0.519717 0.975997 0.67985 1.00003 1.12674 0.713437 0.229389 1.10162 0.505714 1.78544 1.69021 2.04147 1.70757 0.475494 1.76301
192 5.745 0.824758 52.535 0.766049 5.18589 1.11595 0.52949 0.99914 0.691316 0.96857 1.1449 0.723949 0.232517 1.39308 0.517922 1.65097 1.70464 1.47916 1.7205 1.40715 1.77534
193 5.775 0.815829 53.2117 0.783183 5.258 1.13457 0.539529 0.927106 0.702068 1.03045 1.16443 0.648916 0.235349 1.39528 0.53026 1.74634 1.7201 1.71039 1.73565 0.930253 1.78356
194 5.805 0.832771 53.9097 0.788757 5.33138 1.09103 0.549287 0.938874 0.713073 1.03086 1.18417 0.709267 0.238477 1.35105 0.542338 1.72919 1.73557 1.51806 1.74921 1.37795 1.79589
195 5.835 0.836047 54.6177 0.798312 5.40641 1.08754 0.559109 0.965188 0.724503 1.04706 1.20443 0.708692 0.241633 1.26569 0.553766 1.4279 1.74845 1.77992 1.7653 0.90821 1.80411
196 5.865 0.848799 55.3439 0.7986 5.48225 1.11003 0.569242 0.945477 0.73581 0.929861 1.22261 0.766759 0.245085 1.39493 0.566494 0.959171 1.75722 1.38316 1.77792 1.05043 1.8137
197 5.895 0.857361 56.085 0.808887 5.55985 1.09826 0.579367 0.96767 0.747506 0.967873 1.24172 0.895515 0.249157 1.22623 0.577792 1.51016 1.77113 1.84518 1.79495 1.78312 1.83014
198 5.925 0.869049 56.8438 0.839451 5.64122 1.01038 0.588779 0.947412 0.759073 0.899243 1.25966 0.902071 0.253301 1.20668 0.589026 0.664303 1.77732 1.6601 1.81041 1.17659 1.8411
199 5.955 0.878899 57.619 0.879298 5.7273 0.949377 0.597708 0.978034 0.771137 0.898203 1.27776 0.971875 0.257812 1.2291 0.600584 1.09672 1.78763 2.31549 1.83218 1.60633 1.85616
200 5.985 0.89073 58.4126 0.892494 5.81556 0.967599 0.606904 1.0227 0.783879 0.913673 1.29636 1.09323 0.262936 1.107 0.611104 0.977833 1.79691 1.7903 1.84921 1.86856 1.87397
370000 200
1 0.015 0 0 0 0 0 0 0 0 0 0 0 0 0 0 0 0 0 0 0 0
2 0.045 0 0 0 0 0 0 0 0 0 0 0 0 0 0 0 0 0 0 0 0
3 0.075 0 0 0 0 0 0 0 0 0 0 0 0 0 0 0 0 0 0 0 0
4 0.105 0 0 0 0 0 0 0 0 0 0 0 0 0 0 0 0 0 0 0 0
5 0.135 0 0 0 0 0 0 0 0 0 0 0 0 0 0 0 0 0 0 0 0
6 0.165 0 0 0 0 0 0 0 0 0 0 0 0 0 0 0 0 0 0 0 0
7 0.195 0 0 0 0 0 0 0 0 0 0 0 0 0 0 0 0 0 0 0 0
8 0.225 0 0 0 0 0 0 0 0 0 0 0 0 0 0 0 0 0 0 0 0
9 0.255 0 0 0 0 0 0 0 0 0.197543 7.20669e-06 0 0 0 0 0 0 0 0 0 0
10 0.285 0 0 0 0 0 0 0 0 0.472551 2.88268e-05 0.686805 7.20669e-06 0 0 0 0 0 0 0 0
11 0.315 0 0 0 0 0 0 0 0 0.258165 4.32401e-05 0 7.20669e-06 0 0 0 0 0 0 0 0
12 0.345 0 0 0 0 0 0 0 0 0 4.32401e-05 1.40073 2.88268e-05 0 0 0 0 0 0 0 0
13 0.375 0 0 0 0 0 0 0 0 0.0915668 5.04468e-05 1.18451 5.04468e-05 0 0 0 0 0 0 0 0
14 0.405 0 0 0 0 0 0 0 0 0.0783129 5.76535e-05 2.71331 0.0001081 0 0 0 0 0 0 63.6681 0.00273973
15 0.435 0 0 0 0 0 0 0 0 0.135442 7.20669e-05 5.59141 0.000245027 0 0 0 0 0 0 27.4847 0.00410959
16 0.465 0 0 0 0 0 0 0 0 0.296673 0.0001081 3.86294 0.000353128 0 0 0 0 0 0 96.3398 0.00958904
17 0.495 0 0 0 0 0 0 0 0 0 0.0001081 1.58989 0.000403575 0 0 0 0 0 0 63.924 0.0136986
18 0.525 0 0 0 0 0 0 0 0 0.0929226 0.000122514 1.82018 0.000468435 0 0 0 0 0 0 94.5302 0.0205479
19 0.555 0 0 0 0 0 0 0 0 0.0832549 0.000136927 1.62667 0.000533295 0 0 0 0 0 0 84.7822 0.0273973
20 0.585 0 0 0 0 0 0 0 0 0.0746333 0.00015134 1.46507 0.000598155 0 0 0 0 0 0 30.5234 0.030137
21 0.615 0 0 0 0 0 0 0 0 0.0339708 0.000158547 1.0307 0.000648602 0 0 0 0 0 0 27.6529 0.0328767
22 0.645 0 0 0 0 0 0 0 0 0.0613962 0.000172961 0.669236 0.000684635 0 0 0 0 0 0 50.0976 0.0383562
23 0.675 0 0 0 0 0 0 0 0 0.0563441 0.000187374 0.610628 0.000720669 0 0 0 0 2.63575 0.000315457 80.1345 0.0479452
24 0.705 0 0 0 0 0 0 0.0422725 7.20669e-06 0.0256695 0.000194581 0.560508 0.000756702 0 0 0 0 14.5216 0.0022082 62.9875 0.0561644
25 0.735 0 0 0 0 0 0 0.0388925 1.44134e-05 0.0476035 0.000208994 0.103286 0.000763909 0 0 0 0 2.23129 0.00252366 106.364 0.0712329
26 0.765 0 0 0 0 0 0 0.0717017 2.88268e-05 0.0438995 0.000223407 0.0951502 0.000771116 0 0 0 0 6.16649 0.00347003 71.3365 0.0821918
27 0.795 0 0 0 0 0 0 0 2.88268e-05 0.0202494 0.000230614 0.176518 0.000785529 0 0 0 0 7.60943 0.00473186 132.15 0.10411
28 0.825 0 0 0 0 0 0 0 2.88268e-05 0 0.000230614 0.163755 0.000799942 0 0 0 0 5.2835 0.00567823 99.7065 0.121918
29 0.855 0 0 0 0 0 0 0.086141 5.04468e-05 0 0.000230614 0.533581 0.000850389 0 0 0 0 8.22868 0.00725552 71.4641 0.135616
30 0.885 0 0 0 0 0 0 0 5.04468e-05 0.0164157 0.000237821 0 0.000850389 0 0 0 0 1.53506 0.00757098 73.2601 0.150685
31 0.915 0 0 0.00315289 7.20669e-06 0.0655647 1.44134e-05 0.0250795 5.76535e-05 0 0.000237821 0.199511 0.000872009 0 0 0 0 10.0578 0.00977918 56.1803 0.163014
32 0.945 0 0 0 7.20669e-06 0 1.44134e-05 0.140519 0.000100894 0 0.000237821 0 0.000872009 0 0 0 0 2.69122 0.0104101 58.4178 0.176712
33 0.975 0 0 0 7.20669e-06 0 1.44134e-05 0.0659671 0.000122514 0 0.000237821 0.0583189 0.000879216 0 0 0 0 1.26824 0.0107256 32.9739 0.184932
34 1.005 0 0 0 7.20669e-06 0.1087 4.32401e-05 0.0624025 0.000144134 0 0.000237821 0.0553865 0.000886423 0 0 0 0 0 0.0107256 25.8295 0.191781
35 1.035 0 0 0 7.20669e-06 0 4.32401e-05 0.0979391 0.000180167 0 0.000237821 0.207338 0.000915249 0 0 0 0 2.23579 0.0113565 77.8322 0.213699
36 1.065 0 0 0 7.20669e-06 0.0726562 6.48602e-05 0.0369619 0.000194581 0 0.000237821 0.0491983 0.000922456 0 0 0 0 2.1191 0.0119874 13.8286 0.217808
37 1.095 0 0 0.00219051 1.44134e-05 0.137335 0.0001081 0.0349644 0.000208994 0 0.000237821 0.185855 0.000951283 0 0 0 0 0.998307 0.0123028 21.7801 0.224658
38 1.125 0 0 0.00417148 2.88268e-05 0.108618 0.000144134 0.0828504 0.000245027 0.0100876 0.000245027 0.131758 0.000972903 0 0 0 0 4.74132 0.0138801 28.9071 0.234247
39 1.155 0 0 0.00197665 3.60334e-05 0.102963 0.000180167 0.0471221 0.000266647 0.00963282 0.000252234 0.166906 0.00100173 0 0 0 0 0.905412 0.0141956 23.4624 0.242466
40 1.185 0 0 0.00187784 4.32401e-05 0.0782654 0.000208994 0.0149228 0.000273854 0.0182472 0.000266647 0.0793467 0.00101614 0 0 0 0 2.56573 0.015142 25.9867 0.252055
41 1.215 0 0 0.00179637 5.04468e-05 0.148796 0.000266647 0.0851569 0.000317094 0.0347721 0.000295474 0.113231 0.00103776 0 0 0 0 4.06409 0.0167192 31.8349 0.264384
42 1.245 0 0 0 5.04468e-05 0.0885086 0.000302681 0.0270273 0.000331508 0.0165055 0.000309888 0.071826 0.00105218 0 0 0 0 5.43311 0.0189274 16.8226 0.271233
43 1.275 0 0 0.00648213 7.92736e-05 0.0336758 0.000317094 0.0386774 0.000353128 0.0551911 0.000360334 0.102853 0.0010738 0 0 0 0 5.91834 0.0214511 32.131 0.284932
44 1.305 0 0 0.00309234 9.36869e-05 0.0968652 0.000360334 0.0984864 0.000410781 0.0676331 0.000425195 0.0979877 0.00109542 0 0 2.29805 0.00103093 2.81944 0.0227129 9.17611 0.289041
45 1.335 0 0 0.0103674 0.000144134 0.0307395 0.000374748 0.0470802 0.000439608 0.0720024 0.000497261 0.0934265 0.00111704 0 0 0 0.00103093 4.03981 0.0246057 17.5784 0.29726
46 1.365 0 0 0.00424019 0.000165754 0.0736092 0.000410781 0.0675383 0.000482848 0.089501 0.000590948 0.0896959 0.00113866 0 0 0 0.00103093 2.58661 0.0258675 14.0015 0.30411
47 1.395 0 0 0.010834 0.000223407 0.0141539 0.000417988 0.0647624 0.000526088 0.111874 0.000713462 0.0571486 0.00115307 0 0 1.01237 0.00154639 1.85245 0.0268139 16.1183 0.312329
48 1.425 0.000576842 2.88268e-05 0.00779272 0.000266647 0 0.000417988 0.0721517 0.000576535 0.1136 0.000843182 0.0823046 0.00117469 0 0 0.962667 0.00206186 4.14782 0.0290221 10.2854 0.317808
49 1.455 0.00110623 8.64803e-05 0.0112188 0.000331508 0.025919 0.000432401 0.0691796 0.000626982 0.163606 0.00103776 0.078865 0.00119631 0 0 0 0.00206186 3.41141 0.0309148 4.93295 0.320548
50 1.485 0.000528787 0.000115307 0.0191337 0.000446815 0.0248742 0.000446815 0.0666516 0.000677429 0.191805 0.00127558 0.0505267 0.00121072 0 0 2.66469 0.00360825 4.35717 0.0334385 14.2223 0.328767
51 1.515 0.00153251 0.000201787 0.0137884 0.000533295 0.0719548 0.000490055 0.0364196 0.000706255 0.240224 0.00158547 0.0971356 0.00123955 0 0 1.70993 0.00463918 5.23825 0.0365931 20.4744 0.341096
52 1.545 0.00122899 0.000273854 0.0154623 0.000634189 0.069114 0.000533295 0.0526003 0.000749496 0.257617 0.00193139 0.023378 0.00124676 0 0 3.28741 0.00670103 3.52672 0.0388013 2.17957 0.342466
53 1.575 0.00118408 0.000345921 0.0234182 0.000792736 0.0552782 0.000569328 0.0506758 0.000792736 0.263553 0.00229893 0.0449371 0.00126117 0.100048 6.49351e-05 3.16573 0.00876289 4.35327 0.0416404 12.6399 0.350685
54 1.605 0.00113499 0.000417988 0.0215423 0.000944076 0.127926 0.000655809 0.0732364 0.000857596 0.243844 0.00265206 0.043353 0.00127558 0.192068 0.000194805 7.62682 0.0139175 1.39626 0.0425868 8.11618 0.356164
55 1.635 0.00109618 0.000490055 0.0276582 0.00114586 0.297961 0.000864803 0.0470171 0.000900836 0.244618 0.0030196 0.125181 0.00131882 0 0.000194805 15.4236 0.0247423 3.59603 0.0451104 9.75292 0.363014
56 1.665 0.0012677 0.000576535 0.0200276 0.0012972 0.455928 0.00119631 0.135861 0.00103056 0.291161 0.00347362 0.0603516 0.00134044 0.0894629 0.00025974 20.5586 0.0396907 3.90114 0.0479495 20.7073 0.378082
57 1.695 0.00203765 0.000720669 0.0192804 0.00144854 0.621093 0.00166474 0.0874417 0.00111704 0.240727 0.00386278 0.13563 0.00139089 0.258667 0.000454545 32.1315 0.0639175 1.25343 0.0488959 5.44202 0.382192
58 1.725 0.0039376 0.00100894 0.033695 0.0017224 0.848647 0.00232776 0.105728 0.00122514 0.30146 0.00436725 0.0747079 0.00141972 0.166811 0.000584416 29.0473 0.0865979 1.61709 0.0501577 21.055 0.39863
59 1.755 0.00285472 0.00122514 0.0368371 0.00203229 1.40876 0.00346642 0.190438 0.00142692 0.228895 0.00476362 0.0541129 0.00144134 0.401566 0.000909091 44.6286 0.12268 1.17083 0.0511041 27.1064 0.420548
60 1.785 0.00368028 0.0015134 0.0447719 0.00242145 1.86087 0.00502306 0.13796 0.00157826 0.249286 0.00521044 0.070005 0.00147016 0.622276 0.00142857 54.2611 0.168041 3.00992 0.0536278 14.7417 0.432877
61 1.815 0.00480149 0.00190257 0.0528984 0.00289709 2.20878 0.00693283 0.158932 0.00175843 0.322916 0.00580859 0.0338389 0.00148458 0.675313 0.00201299 60.1934 0.220103 1.82349 0.055205 17.4278 0.447945
62 1.845 0.00774412 0.00255117 0.0759959 0.00360334 2.36321 0.00904439 0.153694 0.0019386 0.308996 0.00639954 0.0491658 0.0015062 0.508024 0.00246753 58.2847 0.272165 2.12136 0.0570978 18.3998 0.464384
63 1.875 0.00832971 0.00327184 0.119411 0.00474921 2.41314 0.0112713 0.214507 0.00219804 0.29883 0.00699049 0.0473551 0.00152782 0.4928 0.00292208 54.1558 0.322165 1.70957 0.0586751 29.6395 0.491781
64 1.905 0.0176022 0.00484289 0.159945 0.00633468 2.27769 0.0134405 0.259632 0.00252234 0.30016 0.00760306 0.061525 0.00155664 0.955166 0.00383117 43.8444 0.363918 1.3238 0.0599369 12.9321 0.50411
65 1.935 0.0290915 0.00752378 0.228336 0.00866965 2.41318 0.0158115 0.279641 0.00288268 0.280681 0.008194 0.0894405 0.00159988 0.661772 0.00448052 47.2225 0.410309 2.56383 0.0624606 11.1386 0.515068
66 1.965 0.0485462 0.0121361 0.379269 0.0126694 2.31022 0.0181536 0.330988 0.00332228 0.305635 0.00885702 0.0720814 0.00163592 0.576174 0.00506494 34.0796 0.444845 0.935929 0.0634069 12.1666 0.527397
67 1.995 0.0793192 0.0199049 0.419072 0.017224 1.9587 0.0202003 0.347196 0.00379792 0.486231 0.00994523 0.0699038 0.00167195 1.05493 0.00616883 34.5417 0.480928 2.4142 0.0659306 19.6594 0.547945
68 2.025 0.142402 0.034275 0.548961 0.0233713 1.74801 0.0220813 0.434272 0.00441049 0.600062 0.0113289 0.0679551 0.00170799 0.301912 0.00649351 28.2568 0.51134 1.76139 0.0678233 14.0108 0.563014
69 2.055 0.219421 0.057077 0.652376 0.0308951 1.90515 0.0241929 0.51097 0.00515278 0.744061 0.0130946 0.132029 0.00178005 0.761542 0.00733766 16.7585 0.529897 2.56138 0.0706625 13.6121 0.578082
70 2.085 0.332762 0.092678 0.846131 0.0409412 1.50302 0.025908 0.650462 0.00612568 0.946401 0.0154079 0.12788 0.00185212 0.740087 0.00818182 17.6189 0.55 3.03999 0.0741325 11.9917 0.591781
71 2.115 0.464574 0.143817 0.949748 0.052544 1.35029 0.0274935 0.678921 0.00717065 1.17199 0.0183554 0.162123 0.00194581 0.497681 0.00876623 11.4025 0.563402 0.803284 0.0750789 11.6781 0.605479
72 2.145 0.656297 0.218118 1.12021 0.0666186 1.09813 0.0288195 0.969865 0.00870568 1.35388 0.0218579 0.145118 0.00203229 0.698381 0.00961039 9.40419 0.574742 2.87237 0.0785489 6.80695 0.613699
73 2.175 0.853608 0.317483 1.29566 0.0833598 1.17267 0.0302753 1.02279 0.0103704 1.43885 0.0256846 0.188595 0.00214759 0.627951 0.0103896 5.80865 0.581959 3.81078 0.0832808 7.71581 0.623288
74 2.205 1.06834 0.445301 1.42634 0.102299 1.06156 0.0316302 1.0942 0.0122009 1.46877 0.0296988 0.229243 0.00229173 0.610805 0.0111688 9.6958 0.59433 2.22257 0.0861199 11.7958 0.638356
75 2.235 1.30821 0.606097 1.5696 0.12371 0.890004 0.0327976 1.30001 0.014435 1.66554 0.0343759 0.400949 0.00255117 0.495633 0.0118182 6.29493 0.602577 3.37048 0.0905363 14.6263 0.657534
76 2.265 1.54209 0.800764 1.7021 0.147557 1.00582 0.0341525 1.50688 0.0170943 1.72416 0.0393485 0.412268 0.00282502 0.529844 0.0125325 4.97842 0.609278 2.81603 0.0943218 10.1944 0.671233
77 2.295 1.75367 1.02805 1.8106 0.173602 0.92805 0.0354353 1.67427 0.0201283 1.7281 0.0444653 0.549225 0.00319977 0.422943 0.0131169 7.08285 0.619072 4.55565 0.100631 13.878 0.690411
78 2.325 1.93053 1.28484 1.83197 0.200649 0.874314 0.0366748 1.75166 0.0233857 1.82335 0.0500072 0.648853 0.00365379 0.27437 0.0135065 4.72174 0.625773 2.22616 0.103785 8.67984 0.70274
79 2.355 2.13421 1.57609 1.9475 0.230146 0.757441 0.0377775 1.7864 0.0267945 1.76347 0.0555059 0.702693 0.00415826 0.222874 0.0138312 4.60432 0.632474 2.38602 0.107256 7.51634 0.713699
80 2.385 2.31535 1.90016 1.93868 0.260262 0.714612 0.038844 1.73115 0.0301816 1.92896 0.0616748 0.821528 0.00476362 0.391995 0.0144156 3.45156 0.637629 4.0202 0.113249 3.67137 0.719178
81 2.415 2.34646 2.2369 1.92115 0.290862 0.743834 0.0399827 1.88175 0.0339579 1.78032 0.0675123 1.03998 0.00554915 0.127595 0.0146104 4.3796 0.64433 3.91773 0.119243 7.17246 0.730137
82 2.445 2.4522 2.59762 1.8803 0.321562 0.514297 0.0407899 1.82951 0.0377198 1.79482 0.0735442 1.02409 0.00634189 0.289468 0.0150649 2.62855 0.648454 1.4085 0.121451 5.23737 0.738356
83 2.475 2.48471 2.97214 1.86825 0.352818 0.546505 0.0416691 1.78134 0.0414745 1.6341 0.0791727 1.09903 0.00721389 0.121123 0.0152597 4.16489 0.655155 4.12382 0.128076 8.51987 0.752055
84 2.505 2.47354 3.35406 1.81946 0.384001 0.520924 0.0425267 1.69938 0.0451427 1.71354 0.0852191 1.0473 0.00806428 0.275627 0.0157143 2.81146 0.659794 3.4483 0.133754 9.98348 0.768493
85 2.535 2.47086 3.74478 1.84405 0.416366 0.525547 0.0434131 1.72133 0.0489478 1.53401 0.090761 1.27342 0.00912367 0.307115 0.0162338 2.1381 0.663402 2.62178 0.13817 12.176 0.789041
86 2.565 2.4171 4.13609 1.76569 0.448097 0.413123 0.0441265 1.57623 0.0525151 1.51159 0.0963534 1.05737 0.0100245 0.112854 0.0164286 2.39151 0.667526 2.19338 0.141956 7.14094 0.80137
87 2.595 2.3421 4.52417 1.68718 0.479129 0.375161 0.0447896 1.42466 0.0558158 1.45978 0.101881 1.33863 0.011192 0.147013 0.0166883 1.75304 0.670619 2.4997 0.146372 4.65482 0.809589
88 2.625 2.26576 4.90832 1.66408 0.51045 0.490316 0.045676 1.31329 0.0589291 1.44737 0.107488 1.16294 0.0122297 0.286745 0.0172078 2.28074 0.674742 3.48716 0.152681 11.3696 0.830137
89 2.655 2.16989 5.28468 1.54937 0.540278 0.498453 0.0465984 1.272 0.0620135 1.35689 0.112864 1.45283 0.0135558 0.175411 0.0175325 1.39359 0.67732 2.38498 0.157098 2.96491 0.835616
90 2.685 2.05942 5.65 1.49837 0.569782 0.567707 0.0476722 1.22612 0.0650548 1.30707 0.118161 1.28967 0.0147593 0.171969 0.0178571 1.09091 0.679381 2.66918 0.162145 7.24181 0.849315
91 2.715 1.95841 6.00519 1.37104 0.597384 0.525118 0.0486884 1.03719 0.0676852 1.31679 0.123616 1.23112 0.015934 0.235227 0.0183117 2.402 0.684021 2.44342 0.166877 5.66898 0.860274
92 2.745 1.83054 6.34458 1.29115 0.623955 0.535497 0.0497478 1.02009 0.0703301 1.20277 0.128711 1.17462 0.0170799 0.164009 0.0186364 3.91388 0.691753 3.02968 0.172871 6.92731 0.873973
93 2.775 1.72732 6.67188 1.21329 0.649474 0.570491 0.0509008 0.894843 0.0727011 1.13699 0.133634 1.27212 0.0183482 0.0965959 0.0188312 4.08274 0.7 3.27786 0.179495 7.45153 0.889041
94 2.805 1.60415 6.98243 1.16299 0.674467 0.673578 0.0522917 0.961021 0.0753027 1.16988 0.138808 1.20308 0.0195734 0.251792 0.0193506 3.24463 0.706701 3.20666 0.18612 7.96008 0.905479
95 2.835 1.49718 7.27852 1.06337 0.697809 0.512507 0.0533727 0.818403 0.0775656 1.11182 0.143831 1.01777 0.0206327 0.0921057 0.0195455 2.93071 0.712887 4.03772 0.194637 5.18455 0.916438
96 2.865 1.39136 7.55954 1.02807 0.720856 0.571997 0.0546051 0.849784 0.0799654 0.99188 0.148407 1.02337 0.021721 0.210794 0.02 2.63377 0.718557 3.22256 0.201577 10.8061 0.939726
97 2.895 1.29181 7.82594 0.941058 0.742397 0.563564 0.0558446 0.727131 0.0820626 0.951373 0.15289 1.10281 0.0229173 0.41301 0.0209091 5.39063 0.730412 2.86884 0.207886 6.84791 0.954795
98 2.925 1.20487 8.07959 0.87734 0.7629 0.628885 0.0572571 0.822508 0.084484 0.912413 0.157279 0.98948 0.0240127 0.231515 0.0214286 4.81905 0.741237 3.64862 0.216088 7.92994 0.972603
99 2.955 1.12271 8.32081 0.785292 0.78163 0.679305 0.0588138 0.681357 0.0865307 0.88231 0.16161 0.962621 0.0251009 0.311321 0.0221429 4.27302 0.751031 3.1671 0.223344 7.78292 0.990411
100 2.985 1.04897 8.55079 0.747151 0.799813 0.693372 0.0604353 0.721618 0.0887432 0.801419 0.165624 1.10601 0.0263765 0.222325 0.0226623 3.30389 0.758763 3.64312 0.231861 8.20697 1.00959
101 3.015 0.985846 8.7713 0.72719 0.817865 0.622036 0.0619199 0.684244 0.0908835 0.867452 0.170056 0.943554 0.0274863 0.272398 0.0233117 3.45694 0.76701 2.38006 0.237539 5.16467 1.02192
102 3.045 0.913121 8.97963 0.700626 0.835608 0.657411 0.0635197 0.756533 0.0932978 0.757674 0.174005 0.960895 0.0286394 0.453974 0.0244156 4.02498 0.776804 2.7206 0.244164 5.63133 1.03562
103 3.075 0.87225 9.18257 0.644273 0.852248 0.624167 0.0650692 0.669154 0.0954742 0.759367 0.178041 0.800843 0.0296195 0.445285 0.0255195 3.94212 0.786598 3.04952 0.251735 6.62383 1.05205
104 3.105 0.811026 9.37496 0.604581 0.868168 0.800282 0.0670943 0.801656 0.0981335 0.752789 0.18212 0.727578 0.0305275 0.461776 0.0266883 3.66818 0.795876 4.1112 0.262145 5.41872 1.06575
105 3.135 0.773678 9.56206 0.578269 0.883691 0.857803 0.0693067 0.78661 0.100793 0.736934 0.186192 0.691163 0.0314067 0.327402 0.0275325 4.59663 0.807732 2.8133 0.269401 5.84117 1.08082
106 3.165 0.724118 9.74054 0.557344 0.898941 0.841518 0.0715192 0.675327 0.10312 0.749885 0.190415 0.672536 0.0322788 0.493455 0.0288312 6.86495 0.825773 5.39746 0.283596 3.64881 1.09041
107 3.195 0.697152 9.91565 0.529151 0.913693 0.874529 0.0738613 0.699806 0.105578 0.729679 0.194602 0.720165 0.03323 0.557464 0.0303247 3.65832 0.835567 5.5366 0.298423 4.08749 1.10137
108 3.225 0.65945 10.0844 0.506149 0.92807 0.902981 0.076326 0.648602 0.107899 0.72471 0.19884 0.663557 0.0341237 0.594703 0.0319481 5.48028 0.850515 5.89517 0.314511 5.02072 1.11507
109 3.255 0.621851 10.2465 0.507559 0.942757 0.901875 0.078834 0.751266 0.110637 0.722331 0.203142 0.588622 0.0349308 0.420631 0.0331169 3.89329 0.86134 5.44579 0.329653 5.92078 1.13151
110 3.285 0.605313 10.4073 0.486323 0.957091 0.898167 0.0813779 0.671778 0.113131 0.749526 0.20769 0.706633 0.0359181 0.641637 0.0349351 4.18743 0.873196 7.68738 0.35142 4.83803 1.14521
111 3.315 0.591775 10.5673 0.498277 0.972045 0.872231 0.0838931 0.655777 0.11561 0.75925 0.212381 0.653679 0.0368478 0.675332 0.0368831 3.75619 0.884021 7.32971 0.372555 3.32503 1.15479
112 3.345 0.565651 10.723 0.470524 0.986423 0.952015 0.0866892 0.773367 0.118586 0.743736 0.217058 0.581931 0.037691 0.707882 0.038961 3.15861 0.893299 6.98293 0.39306 3.72851 1.16575
113 3.375 0.563227 10.8809 0.475172 1.0012 0.990507 0.0896512 0.713526 0.121382 0.743025 0.221815 0.640113 0.0386351 0.694674 0.041039 2.92946 0.902062 7.49754 0.415457 5.96042 1.18356
114 3.405 0.567105 11.0427 0.475176 1.01625 0.959091 0.0925699 0.729766 0.124294 0.787281 0.226946 0.60968 0.0395503 0.640336 0.042987 3.05161 0.91134 8.80485 0.442271 4.05547 1.19589
115 3.435 0.547695 11.2017 0.495782 1.03223 1.02174 0.0957336 0.703197 0.127148 0.734404 0.231818 0.594653 0.0404583 0.587363 0.0448052 3.32489 0.921649 9.07097 0.470347 3.9802 1.20822
116 3.465 0.547336 11.3634 0.490913 1.04833 1.01997 0.0989478 0.769301 0.130326 0.733506 0.236769 0.537755 0.0412943 0.865636 0.0475325 4.08717 0.934536 7.90589 0.495268 2.17166 1.21507
117 3.495 0.543603 11.5268 0.505689 1.0652 1.00214 0.102162 0.72542 0.133374 0.758712 0.241979 0.51062 0.0421015 0.769252 0.05 3.54174 0.945876 5.70782 0.513565 1.70775 1.22055
118 3.525 0.560435 11.6981 0.51391 1.08264 1.00794 0.105448 0.807318 0.136826 0.789026 0.247492 0.484025 0.0428798 0.73678 0.0524026 2.68753 0.954639 7.83432 0.539117 1.68344 1.22603
119 3.555 0.561123 11.8726 0.528042 1.10086 0.994911 0.108749 0.861889 0.140574 0.801302 0.253185 0.625505 0.0439031 0.64562 0.0545455 3.1087 0.964948 6.47318 0.560568 5.37154 1.24384
120 3.585 0.575619 12.0546 0.538086 1.11975 1.11081 0.112496 0.818096 0.144191 0.828923 0.259174 0.662796 0.0450058 1.05837 0.0581169 3.9696 0.978351 6.26316 0.581703 3.65038 1.25616
121 3.615 0.578366 12.2406 0.525016 1.13849 0.996144 0.115912 0.830165 0.147924 0.834503 0.265307 0.55799 0.0459498 1.0034 0.0615584 3.00441 0.98866 7.26486 0.606625 4.39571 1.27123
122 3.645 0.589466 12.4333 0.566983 1.15907 1.07284 0.119653 0.848346 0.151802 0.827845 0.27149 0.758269 0.0472543 1.1361 0.0655195 2.80882 0.998454 8.23545 0.635331 4.71281 1.28767
123 3.675 0.617019 12.6383 0.574226 1.18025 1.02255 0.123278 0.85309 0.155765 0.867528 0.278077 0.651195 0.0483929 1.09889 0.0694156 3.05436 1.00928 7.21186 0.660883 1.93437 1.29452
124 3.705 0.629107 12.8508 0.61201 1.20319 1.09209 0.127212 0.840879 0.159736 0.817845 0.28439 0.67717 0.0495964 0.738946 0.0720779 4.00356 1.02371 6.04172 0.68265 1.52291 1.3
125 3.735 0.656483 13.0762 0.613861 1.22658 0.974142 0.13078 0.914298 0.164125 0.894053 0.291402 0.678077 0.0508216 1.06374 0.075974 4.22244 1.03918 4.99665 0.700946 0.750636 1.30274
126 3.765 0.675972 13.3119 0.636885 1.25123 1.04227 0.134657 0.929277 0.168658 0.81135 0.297867 0.702802 0.0521116 0.995094 0.0796753 3.04933 1.05052 6.27389 0.72429 3.31294 1.31507
127 3.795 0.692257 13.5573 0.64644 1.27666 1.01787 0.138505 0.925038 0.173242 0.841924 0.304684 0.699105 0.053416 1.06519 0.0837013 2.04651 1.05825 5.92632 0.746688 3.98968 1.33014
128 3.825 0.724558 13.8181 0.667158 1.30332 1.04153 0.142505 0.897631 0.17776 0.870173 0.311841 0.734569 0.0548069 1.04809 0.0877273 2.55119 1.06804 5.58461 0.768139 1.78031 1.33699
129 3.855 0.748063 14.0917 0.694765 1.33151 1.01046 0.146447 0.9543 0.182639 0.884987 0.319235 0.730192 0.0562122 1.04874 0.0918182 3.69803 1.08247 5.09702 0.788013 2.10783 1.34521
130 3.885 0.783566 14.3827 0.718911 1.36115 1.06976 0.150685 0.915991 0.187396 0.853499 0.326477 0.755975 0.0576895 1.36129 0.0972078 1.95307 1.09021 4.93571 0.807571 2.06922 1.35342
131 3.915 0.816991 14.6908 0.725817 1.39153 0.999634 0.154706 0.925156 0.192274 0.884778 0.334102 0.740819 0.0591597 0.840319 0.100584 3.97353 1.10619 4.62419 0.826183 1.36666 1.3589
132 3.945 0.846817 15.0151 0.763966 1.42401 0.96301 0.158641 0.979799 0.197521 0.864062 0.341662 0.81233 0.0607956 1.08141 0.105 2.01795 1.11443 5.09893 0.847003 2.34611 1.36849
133 3.975 0.863768 15.3509 0.763831 1.45697 0.976681 0.162691 0.967757 0.202782 0.904454 0.349697 0.8527 0.0625396 1.11166 0.10961 2.73281 1.12577 5.09464 0.868139 2.64199 1.37945
134 4.005 0.901604 15.7068 0.802008 1.4921 1.05979 0.167152 0.963751 0.2081 0.887028 0.357697 0.818758 0.0642404 1.09492 0.114221 3.7946 1.14175 5.09555 0.88959 1.62513 1.3863
135 4.035 0.941303 16.0839 0.818355 1.52849 1.0387 0.171591 0.99067 0.213649 0.914294 0.366064 0.91939 0.066179 1.15498 0.119156 3.13428 1.15515 3.83963 0.905994 2.24729 1.39589
136 4.065 0.968173 16.4775 0.830519 1.56597 1.07148 0.17624 1.0064 0.219372 0.916884 0.374582 0.818815 0.0679302 1.04762 0.123701 1.6647 1.16237 3.78018 0.922397 1.26188 1.40137
137 4.095 0.98439 16.8837 0.85585 1.60517 1.01339 0.1807 1.0392 0.225368 0.925755 0.383309 1.01225 0.0701283 1.01733 0.128182 2.9232 1.17526 3.79621 0.939117 0.934963 1.40548
138 4.125 1.03131 17.3155 0.885998 1.64634 1.06352 0.18545 1.03895 0.23145 0.907848 0.391993 0.964946 0.0722543 1.14888 0.133312 2.77291 1.18763 5.0864 0.96183 2.45872 1.41644
139 4.155 1.06033 17.7659 0.882227 1.68794 1.01178 0.190033 1.03999 0.237626 0.966071 0.401369 0.935463 0.0743442 1.01741 0.137922 2.16262 1.19742 5.22152 0.985489 1.5135 1.42329
140 4.185 1.09331 18.2371 0.901157 1.73104 1.02228 0.194732 0.959288 0.243406 0.920857 0.410435 1.03303 0.0766864 1.21478 0.143506 3.13992 1.21186 2.94942 0.999054 0.893245 1.4274
141 4.215 1.11775 18.7257 0.943797 1.77683 1.09878 0.199856 0.977477 0.24938 0.945896 0.419883 0.883919 0.0787187 1.03025 0.148312 3.20703 1.2268 3.18021 1.01388 1.17481 1.43288
142 4.245 1.13647 19.2296 0.943978 1.82329 1.01172 0.204641 1.04858 0.255881 1.0123 0.430138 1.0286 0.0811185 1.19458 0.153961 2.72376 1.23969 2.73562 1.02681 3.47819 1.44932
143 4.275 1.16351 19.7529 0.946438 1.87053 0.962926 0.209261 1.01082 0.262237 1.00511 0.440466 0.935162 0.0833309 1.00096 0.158766 1.39714 1.24639 4.07558 1.04637 1.14254 1.45479
144 4.305 1.17661 20.2894 0.956494 1.91895 0.983764 0.214046 1.01381 0.268701 0.980161 0.450677 0.98191 0.0856875 1.20087 0.16461 2.65106 1.25928 2.46429 1.05836 1.40616 1.46164
145 4.335 1.2106 20.8492 0.989763 1.96975 1.01972 0.219076 1.09021 0.275749 1.01433 0.461394 1.09333 0.0883468 0.935138 0.169221 2.7169 1.27268 3.58289 1.07603 1.66736 1.46986
146 4.365 1.21805 21.4203 0.989414 2.02123 0.974136 0.223948 0.997191 0.282286 0.980932 0.471901 0.876483 0.0905088 1.0127 0.174286 2.99013 1.28763 2.52356 1.08864 1.09292 1.47534
147 4.395 1.22968 22.0047 0.994346 2.07369 0.94242 0.228726 1.066 0.28937 0.976802 0.482509 1.06922 0.0931825 0.947772 0.179091 2.34114 1.29948 3.79383 1.10789 2.43303 1.48767
148 4.425 1.24782 22.6059 1.02234 2.12836 0.931304 0.233511 1.02049 0.296245 1.0404 0.493961 1.00341 0.0957264 1.17505 0.18513 1.40622 1.3067 2.57819 1.12114 3.19771 1.50411
149 4.455 1.26099 23.2217 1.01124 2.18317 0.979783 0.238613 0.995378 0.303041 0.99724 0.505088 0.99556 0.0982848 1.12138 0.190974 2.37609 1.31907 3.38678 1.1388 1.57667 1.51233
150 4.485 1.27026 23.8505 1.0432 2.24049 0.933731 0.243543 1.07044 0.31045 1.00876 0.516496 0.940846 0.100735 1.13144 0.196948 2.34069 1.33144 2.98726 1.15457 0.777655 1.51644
151 4.515 1.26599 24.4855 0.998209 2.29607 0.933157 0.248537 0.987447 0.317375 1.00427 0.528005 0.994183 0.103358 1.03082 0.202468 2.50581 1.34485 2.12184 1.16593 2.04781 1.5274
152 4.545 1.27306 25.1325 1.01652 2.35342 0.861496 0.253207 1.10513 0.325231 1.01522 0.539795 0.927227 0.105837 1.13828 0.208636 3.32889 1.36289 2.55848 1.17981 1.26259 1.53425
153 4.575 1.27402 25.7887 1.0469 2.41326 0.92482 0.258288 1.05283 0.332812 1.02892 0.551903 1.03189 0.108634 0.922203 0.213701 2.25254 1.37526 2.18178 1.1918 1.99984 1.54521
154 4.605 1.2732 26.4531 1.02138 2.47241 0.903849 0.263318 1.0064 0.340156 1.04397 0.564349 0.965716 0.111286 1.01422 0.219351 1.48115 1.38351 1.9268 1.20252 1.47339 1.55342
155 4.635 1.26705 27.1228 1.02731 2.53269 0.878049 0.268269 1.04324 0.347867 1.00829 0.576528 1.03935 0.114176 0.875018 0.224286 2.1934 1.39588 2.06927 1.2142 2.91571 1.56986
156 4.665 1.26678 27.8012 1.03177 2.59401 0.864274 0.273206 0.999168 0.355347 1.02089 0.589017 1.0617 0.117166 0.932161 0.22961 1.98521 1.40722 2.54079 1.22871 1.67738 1.57945
157 4.695 1.26069 28.485 1.01958 2.65539 0.865508 0.278214 1.01307 0.36303 1.00663 0.601492 1.03283 0.120114 0.998602 0.23539 2.13918 1.41959 2.12668 1.24101 1.65724 1.58904
158 4.725 1.26419 29.1794 1.00526 2.71668 0.889021 0.283425 1.04233 0.371036 0.974999 0.613729 1.05488 0.123162 1.27367 0.242857 0.879223 1.42474 2.90858 1.25804 0.234519 1.59041
159 4.755 1.24559 29.8724 1.01641 2.77945 0.817206 0.288275 1.019 0.378964 0.992835 0.626348 1.0808 0.126326 1.13843 0.24961 1.30219 1.43247 2.49798 1.27287 1.6156 1.6
160 4.785 1.25096 30.5772 1.00989 2.8426 0.844373 0.293348 0.969723 0.386603 0.967444 0.638801 1.06243 0.129475 1.12381 0.256364 1.54494 1.44175 2.51944 1.28801 0.683216 1.60411
161 4.815 1.23964 31.2843 1.02153 2.90729 0.846909 0.298501 1.02801 0.394804 0.926116 0.650872 0.994016 0.132459 1.06694 0.262857 2.37196 1.45619 2.07397 1.30063 0.676019 1.60822
162 4.845 1.23379 31.997 0.984438 2.9704 0.886696 0.303964 0.993281 0.402825 0.948435 0.66339 0.950949 0.135349 1.17004 0.270065 1.25378 1.46392 2.40741 1.31546 1.77945 1.61918
163 4.875 1.20614 32.7023 0.997281 3.03513 0.777556 0.308814 0.973085 0.410781 0.97195 0.676376 1.00737 0.138448 0.864268 0.275455 1.9016 1.47577 2.37646 1.33028 0.878194 1.62466
164 4.905 1.1895 33.4065 0.992069 3.10032 0.796554 0.313844 1.01689 0.419199 0.937735 0.68906 1.12436 0.14195 1.07966 0.282273 1.63094 1.48608 2.14955 1.34385 1.30174 1.63288
165 4.935 1.18993 34.1196 0.973569 3.16508 0.812964 0.31904 1.01494 0.427703 0.944891 0.701996 1.09289 0.145395 1.15796 0.289675 1.37211 1.49485 2.5663 1.36025 0.430332 1.63562
166 4.965 1.15438 34.8198 0.979131 3.231 0.83104 0.324416 0.992548 0.43612 0.924136 0.714803 0.894419 0.148249 1.07401 0.296623 2.14932 1.50876 2.09712 1.37382 0.848265 1.6411
167 4.995 1.14588 35.5232 0.971832 3.29722 0.859479 0.330045 0.924257 0.444054 0.949018 0.728113 0.997471 0.15147 1.03114 0.303377 1.25767 1.51701 2.21741 1.38833 2.0933 1.65479
168 5.025 1.13567 36.2288 0.938063 3.36191 0.834035 0.335572 0.963861 0.452429 0.93458 0.741381 0.952375 0.154583 0.99964 0.31 2.41245 1.53299 2.23632 1.40315 1.24096 1.66301
169 5.055 1.1149 36.9298 0.942367 3.42767 0.875942 0.341446 0.952358 0.460803 0.905436 0.754389 1.03477 0.158007 1.26798 0.318506 1.76922 1.54485 2.02289 1.41672 1.01906 1.66986
170 5.085 1.09489 37.6264 0.939884 3.49405 0.871908 0.347362 0.992271 0.469631 0.931253 0.767923 0.970784 0.161257 1.16667 0.326429 1.44281 1.55464 2.4181 1.43312 0.605932 1.67397
171 5.115 1.07742 38.32 0.909255 3.55902 0.90048 0.353546 0.921521 0.477926 0.95544 0.781976 0.865818 0.16419 1.09674 0.333961 1.57473 1.56546 2.29795 1.4489 0.998076 1.68082
172 5.145 1.06575 39.0142 0.907025 3.62459 0.864039 0.359549 0.932211 0.486415 0.928794 0.795799 0.952647 0.167455 1.14031 0.341883 1.8522 1.57835 2.08732 1.46341 1.18164 1.68904
173 5.175 1.04372 39.702 0.894178 3.68999 0.869566 0.36566 0.943391 0.495107 0.888472 0.809174 0.908272 0.170604 1.04313 0.349221 1.83351 1.59124 2.20086 1.47886 1.16841 1.69726
174 5.205 1.02013 40.382 0.867598 3.75419 0.944549 0.372377 0.897613 0.503474 0.894647 0.822802 0.953387 0.173948 1.27847 0.358312 1.5961 1.60258 2.12999 1.49401 1.54348 1.70822
175 5.235 1.0011 41.0571 0.860177 3.81857 0.933842 0.379093 0.873552 0.511711 0.886467 0.836459 0.854979 0.176982 1.11925 0.366364 1.86195 1.61598 2.19365 1.50978 0.951545 1.71507
176 5.265 0.983294 41.7278 0.862332 3.88386 0.920122 0.385788 0.913522 0.520424 0.879644 0.850166 0.913665 0.180261 1.1154 0.374481 1.84244 1.62938 1.95078 1.52397 0.565627 1.71918
177 5.295 0.971275 42.3978 0.8207 3.9467 0.947023 0.392757 0.910799 0.529209 0.902027 0.864385 0.687065 0.182754 1.25335 0.383701 0.909353 1.63608 1.502 1.53502 0.745731 1.72466
178 5.325 0.957054 43.0656 0.81215 4.00959 0.956656 0.399877 0.932303 0.538304 0.876177 0.878351 0.895153 0.186041 1.07333 0.391688 1.52294 1.64742 1.86423 1.5489 0.923246 1.73151
179 5.355 0.940025 43.7289 0.821053 4.0739 1.01105 0.407488 0.90288 0.547211 0.890943 0.892714 0.830819 0.189125 1.08681 0.39987 1.91807 1.66186 2.01142 1.56404 0.912506 1.73836
180 5.385 0.918406 44.3842 0.808954 4.13796 0.976905 0.414925 0.928925 0.556479 0.908162 0.907517 0.83885 0.192274 1.07539 0.408052 1.69278 1.67474 1.98873 1.57918 1.43879 1.74932
181 5.415 0.906277 45.0381 0.790371 4.20126 0.988698 0.422535 0.927885 0.56584 0.895215 0.922276 0.772476 0.195208 1.21501 0.417403 1.54092 1.6866 1.92795 1.59401 0.710315 1.75479
182 5.445 0.897788 45.693 0.794338 4.26558 1.00594 0.430362 0.827332 0.574279 0.90411 0.937345 0.824006 0.198371 1.24355 0.427078 1.39237 1.69742 2.06754 1.61009 0.70511 1.76027
183 5.475 0.88028 46.3423 0.768193 4.32847 0.9946 0.438188 0.870665 0.583259 0.886432 0.952285 0.72799 0.201196 1.27143 0.437078 1.50724 1.70928 1.72482 1.62366 1.22108 1.76986
184 5.505 0.876258 46.9957 0.776286 4.39273 1.07979 0.446779 0.874275 0.592375 0.890372 0.967455 0.817432 0.204403 1.28161 0.447273 1.29733 1.71959 2.14253 1.64069 1.38183 1.78082
185 5.535 0.866552 47.6489 0.767824 4.45697 1.0264 0.45503 0.901219 0.601874 0.906788 0.983071 0.719611 0.207257 1.26757 0.457468 1.60284 1.73247 1.68694 1.65426 0.851232 1.78767
186 5.565 0.850189 48.2968 0.770074 4.5221 1.07019 0.463729 0.879355 0.611242 0.955706 0.999712 0.697422 0.210053 1.19883 0.467208 1.39403 1.74381 1.70715 1.66814 0.844579 1.79452
187 5.595 0.854746 48.9552 0.751881 4.58639 1.09205 0.472701 0.903349 0.620971 0.920081 1.01591 0.746868 0.21308 1.35945 0.478377 1.12777 1.75309 1.8046 1.68297 0.998109 1.80274
188 5.625 0.837505 49.6072 0.757124 4.65182 1.07442 0.481623 0.924143 0.631032 0.943153 1.03268 0.730068 0.216071 1.24346 0.488701 0.994421 1.76134 1.78501 1.69779 0.493063 1.80685
189 5.655 0.846412 50.2732 0.77801 4.71977 1.0688 0.490595 0.93403 0.641309 0.942846 1.04963 0.727794 0.219083 1.2382 0.499091 1.35138 1.77268 0.865109 1.70505 0.654028 1.81233
190 5.685 0.837383 50.9392 0.757182 4.7866 1.10624 0.499978 0.913789 0.65147 0.996696 1.06774 0.682029 0.221937 1.44676 0.511364 1.51951 1.78557 1.67415 1.71924 1.44992 1.82466
191 5.715 0.839332 51.6137 0.767229 4.85504 1.09205 0.50934 0.898369 0.661567 0.987053 1.08587 0.719167 0.224978 1.29526 0.522468 1.44362 1.79794 1.98724 1.73628 0.959161 1.83288
192 5.745 0.84314 52.2984 0.764125 4.92392 1.05659 0.518492 0.946906 0.672319 0.977998 1.10401 0.716756 0.228041 1.1842 0.532727 1.2495 1.80876 1.67495 1.75079 0.632918 1.83836
193 5.775 0.844668 52.9916 0.77622 4.99462 1.10835 0.528193 0.95913 0.683324 0.993534 1.12264 0.747828 0.23127 1.17216 0.542987 1.59106 1.82268 2.2 1.77003 0.628233 1.84384
194 5.805 0.847263 53.6941 0.774286 5.06588 1.0926 0.537857 0.893184 0.69368 0.995901 1.14151 0.652565 0.234116 1.35118 0.554935 1.22491 1.83351 1.67694 1.78486 0.4647 1.84795
195 5.835 0.856427 54.4116 0.784291 5.13882 1.18299 0.548429 0.994164 0.705326 1.00313 1.16071 0.747247 0.23741 1.46062 0.567987 1.03852 1.84278 1.58705 1.79905 1.37888 1.86027
196 5.865 0.858418 55.1381 0.782023 5.21228 1.1009 0.558367 0.944306 0.716503 0.95581 1.17919 0.788056 0.24092 1.32366 0.579935 1.31463 1.85464 1.64155 1.81388 0.910387 1.86849
197 5.895 0.866791 55.8793 0.800921 5.2883 1.00735 0.567555 0.958823 0.727969 0.886489 1.19651 0.829548 0.244653 1.26683 0.591494 1.01696 1.86392 1.31551 1.82587 1.05105 1.87808
198 5.925 0.87213 56.6326 0.835294 5.36838 1.03965 0.577133 0.999437 0.74004 0.879263 1.21387 0.903774 0.24876 1.27536 0.603247 0.67195 1.8701 1.57455 1.84038 1.48392 1.89178
199 5.955 0.885837 57.4056 0.865643 5.45222 1.00427 0.58648 0.994082 0.752169 0.859895 1.23101 0.976354 0.253243 1.06666 0.613182 0.996488 1.87938 2.00037 1.85899 1.46903 1.90548
200 5.985 0.901065 58.1998 0.873872 5.53771 0.96745 0.595575 1.03196 0.764889 0.871466 1.24856 0.997724 0.25787 1.05729 0.623117 1.86461 1.89691 1.54281 1.8735 0.58367 1.91096
380000 200
1 0.015 0 0 0 0 0 0 0 0 0 0 0 0 0 0 0 0 0 0 0 0
2 0.045 0 0 0 0 0 0 0 0 0 0 0 0 0 0 0 0 0 0 0 0
3 0.075 0 0 0 0 0 0 0 0 0 0 0 0 0 0 0 0 0 0 0 0
4 0.105 0 0 0 0 0 0 1.88887 7.20669e-06 0 0 0 0 0 0 0 0 0 0 0 0
5 0.135 0 0 0 0 0 0 0 7.20669e-06 0 0 0 0 0 0 0 0 0 0 0 0
6 0.165 0 0 0 0 0 0 0 7.20669e-06 0 0 0 0 0 0 0 0 0 0 0 0
7 0.195 0 0 0 0 0 0 1.65214 2.88268e-05 0 0 0 0 0 0 0 0 0 0 0 0
8 0.225 0 0 0 0 0 0 0 2.88268e-05 0 0 0 0 0 0 0 0 0 0 0 0
9 0.255 0 0 0 0 0 0 0 2.88268e-05 0.78859 2.88268e-05 0 0 0 0 0 0 0 0 0 0
10 0.285 0 0 0 0 0 0 0 2.88268e-05 0.156566 3.60334e-05 1.37237 1.44134e-05 0 0 0 0 0 0 0 0
11 0.315 0 0 0 0 0 0 0.211508 3.60334e-05 0.129357 4.32401e-05 1.12126 2.88268e-05 0 0 0 0 0 0 0 0
12 0.345 0 0 0 0 0 0 0 3.60334e-05 0.215888 5.76535e-05 2.81167 7.20669e-05 0 0 0 0 0 0 0 0
13 0.375 0 0 0 0 0 0 0.149177 4.32401e-05 0.091334 6.48602e-05 4.74508 0.000158547 0 0 0 0 0 0 0 0
14 0.405 0 0 0 0 0 0 0 4.32401e-05 0.078249 7.20669e-05 5.10001 0.000266647 0 0 0 0 0 0 0 0
15 0.435 0 0 0 0 0 0 0 4.32401e-05 0 7.20669e-05 4.41674 0.000374748 0 0 0 0 0 0 27.6436 0.00136986
16 0.465 0 0 0 0 0 0 0 4.32401e-05 0.0594617 7.92736e-05 3.60471 0.000475641 0 0 0 0 0 0 0 0.00136986
17 0.495 0 0 0 0 0 0 0.171308 5.76535e-05 0.10474 9.36869e-05 2.04697 0.000540502 0 0 0 0 0 0 0 0.00136986
18 0.525 0 0 0 0 0 0 0 5.76535e-05 0.0933158 0.0001081 2.42634 0.000626982 0 0 0 0 0 0 56.9405 0.00547945
19 0.555 0 0 0 0 0 0 0.0682763 6.48602e-05 0.083462 0.000122514 0.724328 0.000655809 0 0 0 0 0 0 84.8369 0.0123288
20 0.585 0 0 0 0 0 0 0.122712 7.92736e-05 0.112261 0.000144134 1.78856 0.000735082 0 0 0 0 7.0263 0.000630915 45.796 0.0164384
21 0.615 0 0 0 0 0 0 0.110572 9.36869e-05 0.0678647 0.000158547 0.883775 0.000778322 0 0 0 0 6.37313 0.00126183 69.028 0.0232877
22 0.645 0 0 0 0 0 0 0 9.36869e-05 0.0307607 0.000165754 1.07093 0.000835976 0 0 0 0 5.78446 0.00189274 112.925 0.0356164
23 0.675 0 0 0 0 0 0 0.0458957 0.000100894 0 0.000165754 0.489849 0.000864803 0 0 0 0 7.9072 0.00283912 137.679 0.0520548
24 0.705 0 0 0 0 0 0 0.126436 0.000122514 0 0.000165754 0.224347 0.000879216 0 0 0 0 7.2776 0.00378549 136.546 0.069863
25 0.735 0 0 0 0 0 0 0.11629 0.000144134 0.0713294 0.000187374 0.103468 0.000886423 0 0 0 0 0 0.00378549 96.6907 0.0835616
26 0.765 0 0 0 0 0 0 0.0355359 0.00015134 0.0656257 0.000208994 0.190535 0.000900836 0 0 0 0 2.05761 0.00410095 124.883 0.10274
27 0.795 0 0 0 0 0 0 0.033226 0.000158547 0.0402747 0.000223407 0.0874457 0.000908043 0 0 0 0 5.71937 0.00504732 90.7976 0.117808
28 0.825 0 0 0 0 0 0 0.0617289 0.000172961 0 0.000223407 0.245938 0.000929663 0 0 0 0 7.066 0.00630915 107.492 0.136986
29 0.855 0 0 0 0 0 0 0.0574483 0.000187374 0 0.000223407 0.0763284 0.000936869 0 0 0 0 3.29454 0.00694006 128.599 0.161644
30 0.885 0 0 0 0 0.070292 1.44134e-05 0 0.000187374 0 0.000223407 0.142499 0.000951283 0 0 0 0 7.6964 0.00851735 40.0029 0.169863
31 0.915 0 0 0 0 0.0328476 2.16201e-05 0.100057 0.000216201 0 0.000223407 0.0667036 0.000958489 0 0 0 0 5.75204 0.00977918 99.9577 0.191781
32 0.945 0 0 0 0 0.0307727 2.88268e-05 0.117441 0.000252234 0 0.000223407 0 0.000958489 0 0 0 0 8.07594 0.0116719 52.6483 0.20411
33 0.975 0 0 0 0 0.0867929 5.04468e-05 0.0879359 0.000281061 0 0.000223407 0 0.000958489 0 0 0 0 0 0.0116719 38.5254 0.213699
34 1.005 0 0 0 0 0 5.04468e-05 0.0621961 0.000302681 0 0.000223407 0.0547217 0.000965696 0 0 0 0 9.51926 0.0141956 31.0193 0.221918
35 1.035 0 0 0 0 0.102187 7.92736e-05 0.0390454 0.000317094 0.0240338 0.000237821 0.155762 0.000987316 0 0 0 0 3.36777 0.015142 63.3629 0.239726
36 1.065 0 0 0 0 0.145596 0.000122514 0.0555123 0.000338714 0.0112217 0.000245027 0.0492847 0.000994523 0 0 0 0 5.3076 0.0167192 46.0794 0.253425
37 1.095 0 0 0.0021851 7.20669e-06 0.0229366 0.00012972 0.10477 0.000381954 0 0.000245027 0.139586 0.00101614 0 0 0 0 3.01227 0.0176656 21.7942 0.260274
38 1.125 0 0 0.00416993 2.16201e-05 0.0867706 0.000158547 0.0829734 0.000417988 0 0.000245027 0.088196 0.00103056 0 0 0 0 0 0.0176656 33.0126 0.271233
39 1.155 0 0 0.00198321 2.88268e-05 0.164879 0.000216201 0.0157397 0.000425195 0.00962496 0.000252234 0.16705 0.00105938 0 0 0 0 0.894544 0.0179811 15.6405 0.276712
40 1.185 0 0 0 2.88268e-05 0.0978378 0.000252234 0.119415 0.000482848 0.0183044 0.000266647 0.118964 0.001081 0 0 0 0 2.56745 0.0189274 18.5916 0.283562
41 1.215 0 0 0 2.88268e-05 0.186301 0.000324301 0.0426773 0.000504468 0.0261246 0.000288268 0 0.001081 0 0 0 0 3.2633 0.0201893 17.7137 0.290411
42 1.245 0 0 0.00509938 5.04468e-05 0.053235 0.000345921 0.0541922 0.000533295 0.0330732 0.000317094 0.0360646 0.00108821 0.158478 6.49351e-05 0 0 1.54655 0.0208202 13.4899 0.29589
43 1.275 0.000361262 1.44134e-05 0.0081354 8.64803e-05 0.135208 0.000403575 0.0644456 0.000569328 0.0393986 0.000353128 0.137022 0.00111704 0 6.49351e-05 1.21318 0.000515464 0.741279 0.0211356 12.8744 0.30137
44 1.305 0.000344854 2.88268e-05 0.00619715 0.000115307 0.0808207 0.000439608 0.049204 0.000598155 0.0754796 0.000425195 0.163879 0.00115307 0 6.49351e-05 2.30684 0.00154639 2.12318 0.022082 3.0726 0.30274
45 1.335 0 2.88268e-05 0.010363 0.000165754 0.077161 0.000475641 0.0352151 0.000619775 0.0936632 0.000518882 0.0625989 0.00116748 0 6.49351e-05 1.10293 0.00206186 3.37551 0.0236593 5.87406 0.305479
46 1.365 0 2.88268e-05 0.00850957 0.000208994 0.0295738 0.000490055 0.0449488 0.000648602 0.0757841 0.000598155 0.0299255 0.00117469 0.1329 0.00012987 2.10404 0.00309278 2.5854 0.0249211 11.2411 0.310959
47 1.395 0.000905527 7.20669e-05 0.00951743 0.000259441 0 0.000490055 0.0971321 0.000713462 0.125157 0.000735082 0.0574068 0.0011891 0 0.00012987 1.01163 0.00360825 3.09093 0.0264984 10.7271 0.316438
48 1.425 0.00057582 0.000100894 0.0142936 0.000338714 0.0271201 0.000504468 0.0618885 0.000756702 0.164172 0.000922456 0.0273706 0.00119631 0 0.00012987 3.87216 0.0056701 3.55784 0.0283912 5.14945 0.319178
49 1.455 0.00110534 0.000158547 0.00998014 0.000396368 0 0.000504468 0.0691271 0.000807149 0.212232 0.00117469 0.026338 0.00120352 0.2342 0.00025974 2.78192 0.00721649 6.25095 0.0318612 9.87438 0.324658
50 1.485 0.000532588 0.000187374 0.0155875 0.000490055 0.0124623 0.000511675 0.0475169 0.000843182 0.203669 0.00142692 0.0505944 0.00121793 0 0.00025974 2.67613 0.00876289 3.82261 0.0340694 9.48087 0.330137
51 1.515 0.000255715 0.000201787 0.0195504 0.000612568 0.0239649 0.000526088 0.0456628 0.000879216 0.262768 0.00176564 0 0.00121793 0 0.00025974 2.57011 0.0103093 4.18975 0.0365931 13.6723 0.338356
52 1.545 0.00147431 0.000288268 0.0199179 0.000742289 0.0228426 0.000540502 0.0174747 0.000893629 0.209629 0.0020467 0.0934834 0.00124676 0 0.00025974 4.9395 0.0134021 4.53237 0.0394322 4.36181 0.341096
53 1.575 0.00189159 0.000403575 0.0159706 0.000850389 0.033286 0.000562122 0.101493 0.00098011 0.269046 0.00242145 0.0672428 0.00126838 0.199571 0.00038961 6.34995 0.0175258 3.87997 0.0419558 14.7694 0.350685
54 1.605 0.00227365 0.000547708 0.0236083 0.00101614 0.160003 0.000670222 0.0570474 0.00103056 0.28889 0.00283943 0.0649952 0.00129 0.19218 0.000519481 6.87312 0.0221649 4.20845 0.044795 8.09689 0.356164
55 1.635 0.00219317 0.000691842 0.0167743 0.00113866 0.215897 0.000821562 0.0941708 0.00111704 0.230438 0.00318536 0 0.00129 0.0927327 0.000584416 13.9626 0.0319588 1.79716 0.0460568 15.6165 0.367123
56 1.665 0.00169143 0.000807149 0.0257221 0.00133324 0.515577 0.00119631 0.0907126 0.00120352 0.259231 0.00358893 0.120421 0.00133324 0.268271 0.000779221 17.0283 0.0443299 1.29968 0.0470032 9.42622 0.373973
57 1.695 0.00203985 0.000951283 0.0257205 0.00153502 0.622107 0.00166474 0.102185 0.00130441 0.339366 0.00413664 0.0582426 0.00135486 0.345095 0.00103896 30.8099 0.0675258 3.34704 0.0495268 7.28849 0.379452
58 1.725 0.00433679 0.00126838 0.0417148 0.00187374 1.07169 0.00250072 0.133804 0.00144134 0.250277 0.00455463 0.0937479 0.00139089 0.0832185 0.0011039 33.6888 0.0938144 1.61817 0.0507886 17.5693 0.393151
59 1.755 0.00285505 0.00148458 0.0394448 0.00220525 1.23192 0.00349524 0.136198 0.00158547 0.279464 0.00503747 0.0725211 0.00141972 0.56144 0.00155844 44.0572 0.129381 2.73123 0.0529968 22.0799 0.410959
60 1.785 0.00349899 0.00175843 0.0571543 0.00270251 1.61326 0.00484289 0.125177 0.0017224 0.241535 0.00546988 0.104938 0.00146296 0.464823 0.00194805 48.7565 0.170103 2.26859 0.0548896 9.85605 0.419178
61 1.815 0.00587373 0.00223407 0.0649809 0.00328625 1.98638 0.00655809 0.241886 0.00199625 0.24168 0.00591669 0.0508791 0.00148458 0.601518 0.00246753 46.5624 0.210309 2.55473 0.0570978 12.6911 0.430137
62 1.845 0.00603473 0.00273854 0.0845652 0.00407178 2.45413 0.00874892 0.141727 0.00216201 0.275241 0.00644278 0.0327543 0.00149899 0.800971 0.00318182 53.157 0.257732 1.41617 0.0583596 23.0176 0.450685
63 1.875 0.0125058 0.00381954 0.121742 0.00523926 2.46335 0.011019 0.196894 0.00239983 0.295605 0.00702652 0.0634619 0.00152782 0.633953 0.00376623 49.206 0.303093 1.70919 0.0599369 17.8264 0.467123
64 1.905 0.0177781 0.00540502 0.169632 0.00691842 2.35556 0.0132603 0.2425 0.00270251 0.289831 0.00761747 0.0768693 0.00156385 0.750959 0.00448052 46.583 0.347423 2.65316 0.0624606 28.8399 0.494521
65 1.935 0.0267744 0.0078697 0.244073 0.00941193 2.20159 0.0154223 0.313578 0.00310608 0.322438 0.0082949 0.0447146 0.00158547 0.594872 0.00506494 50.9278 0.397423 1.9312 0.0643533 16.7355 0.510959
66 1.965 0.0429931 0.0119487 0.329055 0.0128784 2.15751 0.0176059 0.353052 0.00357452 0.342272 0.00903719 0.0866028 0.00162871 0.833641 0.00590909 40.2271 0.438144 1.86626 0.0662461 12.1627 0.523288
67 1.995 0.0760286 0.019386 0.404833 0.0172744 2.1408 0.01984 0.316321 0.00400692 0.380395 0.00988758 0.0981849 0.00167916 0.747377 0.00668831 40.5118 0.480412 2.71933 0.0690852 13.1087 0.536986
68 2.025 0.126718 0.0321562 0.539299 0.0233064 1.82379 0.0218002 0.368339 0.0045258 0.557173 0.0111704 0.108584 0.00173681 0.725477 0.00746753 33.0902 0.515979 3.51568 0.0728707 16.5867 0.554795
69 2.055 0.203875 0.0533151 0.672617 0.0310536 1.80323 0.0237965 0.506568 0.00526088 0.668768 0.0127558 0.105765 0.00179447 0.645658 0.00818182 20.0068 0.538144 3.13466 0.0763407 14.8428 0.571233
70 2.085 0.289533 0.0842462 0.790657 0.0404295 1.52969 0.0255405 0.564467 0.00610406 0.873992 0.014889 0.0769522 0.00183771 0.341859 0.00857143 18.5493 0.559278 3.0458 0.0798107 10.8326 0.583562
71 2.115 0.438772 0.132488 0.971466 0.0522845 1.54894 0.0273566 0.731227 0.00722831 1.09873 0.0176492 0.124523 0.00190977 0.664141 0.00935065 16.7032 0.578866 3.22959 0.0835962 19.855 0.606849
72 2.145 0.601824 0.200548 1.0944 0.0660205 1.45201 0.0291078 0.770135 0.00844624 1.2607 0.0209066 0.169822 0.00201067 0.484031 0.00993506 17.5197 0.6 3.66078 0.0880126 14.7748 0.624658
73 2.175 0.80036 0.2936 1.22734 0.0818608 1.18535 0.030578 0.944506 0.00998126 1.3237 0.0244235 0.0943646 0.00206832 0.314159 0.0103247 10.8072 0.613402 1.78122 0.0902208 15.4632 0.643836
74 2.205 1.03655 0.417469 1.44581 0.101038 1.03461 0.0318968 1.13443 0.0118766 1.4465 0.0283727 0.20633 0.00219804 0.356512 0.0107792 10.0984 0.626289 2.96829 0.0940063 11.8335 0.658904
75 2.235 1.26848 0.573206 1.59966 0.122838 0.951467 0.0331436 1.3937 0.0142692 1.47506 0.0325094 0.211926 0.00233497 0.248299 0.0111039 7.07866 0.635567 3.85751 0.0990536 9.41712 0.671233
76 2.265 1.50301 0.762727 1.66576 0.146152 0.985916 0.0344696 1.36958 0.0166835 1.58353 0.0370712 0.347753 0.00256558 0.483012 0.0117532 3.83522 0.640722 2.81781 0.102839 10.1482 0.684932
77 2.295 1.7475 0.988959 1.75882 0.171425 0.824607 0.0356082 1.50551 0.0194076 1.58644 0.0417628 0.412567 0.00284664 0.423596 0.0123377 4.10673 0.646392 2.97055 0.10694 8.9361 0.69726
78 2.325 1.94554 1.24746 1.83941 0.198551 0.640785 0.0365163 1.69134 0.0225497 1.79467 0.047211 0.464 0.00317094 0.183479 0.0125974 5.82651 0.654639 2.67068 0.110726 10.6277 0.712329
79 2.355 2.15048 1.54062 1.8605 0.226701 0.698925 0.0375324 1.64142 0.0256774 1.64546 0.052335 0.582685 0.00358893 0.536381 0.0133766 2.12917 0.657732 1.51981 0.112934 12.2397 0.730137
80 2.385 2.28017 1.85941 1.8753 0.255801 0.671665 0.0385342 1.79541 0.0291871 1.5904 0.0574157 0.744692 0.00413664 0.0867942 0.0135065 2.07315 0.660825 4.23174 0.119243 12.8647 0.749315
81 2.415 2.39496 2.20274 1.86257 0.285435 0.593759 0.0394422 1.70756 0.0326103 1.77795 0.0632387 0.840982 0.00477083 0.38182 0.0140909 3.71252 0.666495 2.88722 0.123659 9.84872 0.764384
82 2.445 2.48123 2.56732 1.82284 0.315163 0.606633 0.0403935 1.80611 0.0363217 1.66343 0.0688239 0.960255 0.00551312 0.16555 0.0143506 3.9499 0.67268 3.02208 0.128391 3.50089 0.769863
83 2.475 2.51748 2.94635 1.77893 0.34489 0.556444 0.0412871 1.73923 0.0399827 1.54625 0.0741424 0.9188 0.00624099 0.242875 0.0147403 3.52788 0.678351 2.55513 0.132492 12.7828 0.790411
84 2.505 2.52186 3.33533 1.76743 0.375144 0.591472 0.04226 1.53682 0.0432978 1.52779 0.0795258 1.10146 0.00713462 0.158122 0.015 3.13345 0.683505 3.64527 0.138486 9.16848 0.805479
85 2.535 2.5022 3.73056 1.69322 0.404828 0.500299 0.0431032 1.56951 0.0467642 1.42395 0.0846642 1.12724 0.00807149 0.115016 0.0151948 3.36254 0.689175 2.61991 0.142902 13.8208 0.828767
86 2.565 2.46859 4.12978 1.62959 0.434073 0.543153 0.0440401 1.45328 0.0500504 1.44747 0.0900115 1.08474 0.00899395 0.112952 0.0153896 3.28556 0.694845 3.66102 0.149211 7.93512 0.842466
87 2.595 2.40137 4.52726 1.59705 0.463412 0.502094 0.0449265 1.4414 0.0533871 1.29191 0.0948977 1.17522 0.0100173 0.220829 0.0157792 2.62439 0.699485 2.68055 0.153943 7.76798 0.856164
88 2.625 2.34652 4.92468 1.52239 0.492029 0.50658 0.0458417 1.22638 0.0562914 1.33156 0.10005 1.1725 0.0110623 0.0359996 0.0158442 2.85523 0.704639 3.84435 0.160883 11.3659 0.876712
89 2.655 2.19098 5.3043 1.42256 0.519386 0.464131 0.0466993 1.24349 0.0593038 1.26906 0.105074 1.01154 0.0119847 0.24609 0.0162987 0.835058 0.706186 1.87552 0.164353 5.17471 0.886301
90 2.685 2.06657 5.6705 1.38945 0.546714 0.46125 0.0475713 1.03548 0.0618694 1.26227 0.110183 1.2057 0.013109 0.240555 0.0167532 2.72291 0.71134 4.34012 0.172555 7.97878 0.90137
91 2.715 1.98162 6.02953 1.29414 0.572737 0.495608 0.0485298 1.08697 0.0646224 1.18907 0.115105 1.08143 0.0141395 0.235246 0.0172078 1.59885 0.714433 2.93971 0.178233 7.78225 0.916438
92 2.745 1.86096 6.3742 1.22293 0.597874 0.474137 0.0494667 0.979598 0.0671591 1.20096 0.120186 1.32409 0.0154295 0.26307 0.0177273 1.82536 0.718041 2.71625 0.183596 7.63305 0.931507
93 2.775 1.74137 6.70379 1.13546 0.621728 0.503364 0.0504828 0.947726 0.0696671 1.11007 0.124986 0.99879 0.016424 0.128681 0.017987 4.08781 0.726289 4.06534 0.191798 6.09711 0.943836
94 2.805 1.64441 7.02181 1.0654 0.644595 0.55227 0.0516215 0.885066 0.0720597 1.14824 0.130059 1.09102 0.0175339 0.220386 0.0184416 2.00015 0.730412 2.75198 0.197476 7.96639 0.960274
95 2.835 1.52376 7.32282 1.02233 0.667008 0.496046 0.0526665 0.9212 0.0746036 1.09719 0.13501 1.12985 0.0187086 0.277514 0.019026 2.92953 0.736598 4.3384 0.206625 7.81203 0.976712
96 2.865 1.41 7.60728 0.956433 0.688426 0.602771 0.0539637 0.835485 0.0769602 1.05521 0.139875 0.916461 0.0196815 0.271357 0.0196104 2.39569 0.741753 2.78294 0.212618 5.09678 0.987671
97 2.895 1.28996 7.873 0.86892 0.708295 0.600095 0.0552825 0.798279 0.0792592 0.946155 0.144328 0.990725 0.0207553 0.295269 0.0202597 6.33367 0.75567 3.30152 0.219874 4.35256 0.99726
98 2.925 1.23646 8.13301 0.80961 0.727191 0.623198 0.0566806 0.803993 0.0816229 0.927223 0.148782 1.05536 0.0219227 0.144931 0.0205844 4.13012 0.764948 2.81079 0.226183 7.93792 1.01507
99 2.955 1.13289 8.37615 0.745137 0.744941 0.544619 0.0579274 0.766235 0.0839219 0.862726 0.153012 0.823226 0.0228524 0.283896 0.0212338 1.79605 0.769072 4.13464 0.235647 6.58632 1.03014
100 2.985 1.06228 8.60878 0.731405 0.76272 0.64181 0.0594263 0.779091 0.0863073 0.805034 0.157041 0.875886 0.0238613 0.417324 0.0222078 4.63538 0.779897 4.0519 0.24511 6.44918 1.04521
101 3.015 0.992507 8.83053 0.67689 0.779504 0.701406 0.0610983 0.752366 0.0886567 0.768082 0.160961 0.827934 0.0248342 0.299152 0.0229221 3.6817 0.78866 3.30593 0.252997 9.20465 1.06712
102 3.045 0.933415 9.04324 0.605435 0.794818 0.667116 0.0627198 0.773504 0.0911214 0.783317 0.16504 0.799482 0.0257927 0.266787 0.0235714 5.08836 0.801031 4.02336 0.262776 6.20238 1.08219
103 3.075 0.868132 9.245 0.603494 0.810385 0.7006 0.0644566 0.740888 0.0935284 0.763996 0.169098 0.748396 0.026708 0.340736 0.0244156 3.32728 0.809278 3.05474 0.270347 4.42532 1.09315
104 3.105 0.798786 9.43428 0.553795 0.82495 0.809679 0.0665033 0.750551 0.0960147 0.791958 0.173386 0.768857 0.0276665 0.41079 0.0254545 4.48836 0.820619 2.12341 0.27571 5.41389 1.10685
105 3.135 0.769861 9.62024 0.538162 0.839377 0.783061 0.0685212 0.731867 0.0984866 0.735156 0.177443 0.771244 0.0286466 0.377655 0.0264286 4.60583 0.832474 4.16333 0.286435 6.89756 1.12466
106 3.165 0.737099 9.80172 0.524855 0.853719 0.845257 0.0707408 0.770489 0.101139 0.761007 0.181724 0.672864 0.0295186 0.494646 0.0277273 2.94693 0.840206 4.20533 0.297476 5.22106 1.13836
107 3.195 0.681897 9.9728 0.521425 0.86824 0.799619 0.0728812 0.718908 0.103661 0.74049 0.185969 0.769606 0.0305347 0.4608 0.028961 3.66213 0.85 5.18673 0.311356 3.5856 1.14795
108 3.225 0.666327 10.1431 0.508757 0.882675 0.848631 0.0751946 0.667456 0.106046 0.756381 0.190386 0.717673 0.0315004 0.405365 0.0300649 3.97094 0.860825 6.36458 0.328707 3.01338 1.15616
109 3.255 0.625174 10.3059 0.470748 0.896281 0.965335 0.0778755 0.732524 0.108713 0.757203 0.19489 0.626096 0.032358 0.677599 0.0319481 5.9322 0.87732 6.92516 0.34795 5.91779 1.1726
110 3.285 0.608655 10.4674 0.468327 0.910068 0.863745 0.0803185 0.699379 0.111307 0.731375 0.199323 0.619556 0.0332228 0.710968 0.033961 3.09799 0.886082 6.80255 0.367192 3.87656 1.18356
111 3.315 0.576576 10.6231 0.47099 0.924186 0.898037 0.0829057 0.690864 0.113916 0.759017 0.204007 0.633784 0.0341237 0.608655 0.0357143 5.72189 0.902577 5.47239 0.382965 4.76229 1.19726
112 3.345 0.570275 10.7799 0.45047 0.937936 0.943707 0.0856731 0.734593 0.116741 0.74888 0.208713 0.617311 0.0350173 0.730818 0.0378571 5.79701 0.919588 6.45206 0.401893 4.66565 1.21096
113 3.375 0.556326 10.9357 0.458537 0.952184 0.965346 0.0885558 0.658956 0.119321 0.734672 0.213412 0.606882 0.0359109 0.674587 0.0398701 3.62374 0.930412 7.50212 0.42429 4.58458 1.22466
114 3.405 0.55521 11.0939 0.456805 0.966633 1.00268 0.0916042 0.681882 0.122038 0.755997 0.218334 0.634588 0.0368622 0.618882 0.0417532 4.92064 0.945361 7.47598 0.447003 2.25689 1.23151
115 3.435 0.547758 11.2527 0.468354 0.981709 1.09724 0.0949986 0.781892 0.125209 0.779913 0.223501 0.581055 0.0377486 0.986749 0.0448052 4.33473 0.958763 8.97067 0.474763 2.65987 1.23973
116 3.465 0.540288 11.4122 0.457656 0.996699 1.01424 0.0981911 0.729984 0.128221 0.738607 0.228481 0.649799 0.0387576 0.722477 0.0470779 3.43971 0.969588 8.51828 0.501577 4.78677 1.25479
117 3.495 0.53719 11.5734 0.46844 1.01231 1.07804 0.101643 0.781096 0.1315 0.763976 0.23372 0.634355 0.0397593 0.871942 0.0498701 4.18705 0.98299 6.60263 0.522713 3.84968 1.26712
118 3.525 0.542476 11.7391 0.495443 1.0291 1.02194 0.104973 0.756039 0.134729 0.773766 0.239118 0.636864 0.0407826 0.89707 0.0527922 2.37289 0.990722 7.55384 0.547319 2.94738 1.27671
119 3.555 0.547958 11.9093 0.50651 1.04656 1.11807 0.108677 0.856101 0.138448 0.73121 0.244307 0.714539 0.0419501 0.823425 0.0555195 2.64335 0.999485 6.28507 0.568139 5.38 1.29452
120 3.585 0.554341 12.0844 0.524993 1.06497 0.960161 0.111913 0.745709 0.141741 0.756053 0.249762 0.720019 0.0431464 0.943838 0.0587013 4.5873 1.01495 7.01886 0.591798 5.29004 1.31233
121 3.615 0.571008 12.2678 0.542388 1.0843 1.02655 0.11543 0.811987 0.145388 0.81683 0.255758 0.652298 0.0442491 0.965308 0.062013 3.30772 1.02629 6.44317 0.61388 3.5954 1.32466
122 3.645 0.594317 12.4619 0.54083 1.10391 1.02844 0.119011 0.849048 0.149265 0.783324 0.261603 0.641731 0.0453517 0.950259 0.0653247 3.26041 1.03763 6.24661 0.635647 3.53715 1.33699
123 3.675 0.605485 12.6629 0.562792 1.12464 1.05612 0.122752 0.824446 0.153092 0.857114 0.268103 0.734398 0.0466345 1.02715 0.068961 3.05825 1.04845 6.85829 0.659937 3.86881 1.35068
124 3.705 0.619428 12.8719 0.58624 1.14659 1.07314 0.126614 0.779063 0.156767 0.798429 0.274258 0.734462 0.0479389 0.793848 0.0718182 3.86681 1.06237 6.30955 0.68265 3.04863 1.36164
125 3.735 0.648265 13.0941 0.585342 1.16887 0.957598 0.130117 0.841806 0.160803 0.791228 0.280455 0.687309 0.0491784 0.888657 0.0750649 3.24193 1.07423 7.07214 0.708517 2.24648 1.36986
126 3.765 0.669661 13.3274 0.603634 1.19221 1.00057 0.133835 0.877375 0.165076 0.796562 0.286797 0.723474 0.0505045 1.25779 0.0797403 2.77266 1.08454 5.603 0.729338 2.94979 1.38082
127 3.795 0.694475 13.5733 0.621437 1.21663 1.04788 0.137792 0.812466 0.169098 0.79831 0.293255 0.719601 0.0518449 1.2048 0.0842857 3.55213 1.09794 6.60187 0.754259 2.89346 1.39178
128 3.825 0.720704 13.8324 0.646094 1.24241 0.991747 0.141597 0.905586 0.173652 0.79904 0.29982 0.784549 0.0533295 1.03226 0.0882468 3.6273 1.11186 5.92001 0.776972 3.21385 1.40411
129 3.855 0.744418 14.1044 0.661757 1.26924 0.982247 0.145424 0.891829 0.178207 0.861936 0.307012 0.802322 0.0548717 1.21692 0.092987 2.64844 1.12216 4.20969 0.793375 3.16913 1.41644
130 3.885 0.7787 14.3932 0.686958 1.29753 1.11437 0.149834 0.901569 0.182884 0.882464 0.314493 0.764573 0.0563635 1.31283 0.0981818 3.38602 1.13557 5.73737 0.816088 2.77384 1.4274
131 3.915 0.809929 14.6983 0.714271 1.32739 1.01504 0.153913 0.930397 0.187785 0.823047 0.321577 0.865337 0.0580787 1.08301 0.102532 2.69384 1.14639 4.94598 0.835962 2.72495 1.43836
132 3.945 0.845582 15.0218 0.718541 1.3579 0.939856 0.157747 0.972769 0.192988 0.865224 0.329137 0.848908 0.0597867 1.0346 0.106753 3.53908 1.16082 5.09999 0.856782 3.69115 1.45342
133 3.975 0.879462 15.3633 0.74214 1.38989 0.975897 0.16179 0.931724 0.198047 0.833253 0.336531 0.814892 0.0614514 1.15961 0.111558 1.49257 1.16701 3.95955 0.873186 5.29342 1.47534
134 4.005 0.908983 15.7217 0.777224 1.4239 1.06388 0.166265 0.944103 0.20325 0.862448 0.3443 0.86861 0.0632531 1.2505 0.116818 3.30721 1.18093 5.24913 0.895268 2.28065 1.48493
135 4.035 0.934666 16.0958 0.784342 1.45873 1.1446 0.171152 0.92347 0.208417 0.900208 0.35253 0.910349 0.0651701 1.43073 0.122922 3.74627 1.19691 4.43573 0.914196 1.28545 1.49041
136 4.065 0.973429 16.4911 0.790262 1.49436 0.978258 0.175389 0.954355 0.213837 0.87987 0.360695 0.839873 0.0669645 1.01927 0.127338 3.33147 1.21134 5.09479 0.936278 1.89954 1.49863
137 4.095 1.01164 16.9081 0.830643 1.53235 1.01811 0.179865 1.00275 0.219617 0.910586 0.369271 0.844111 0.068795 0.857124 0.131104 3.63346 1.22732 5.30684 0.959621 2.80102 1.51096
138 4.125 1.03935 17.3428 0.850901 1.57185 0.998405 0.184318 0.944015 0.225137 0.90282 0.377897 0.907453 0.0707913 0.887676 0.135065 2.42649 1.23814 3.89034 0.976972 2.76257 1.52329
139 4.155 1.063 17.7938 0.860719 1.61239 0.99819 0.188837 0.997465 0.231054 0.89644 0.386588 0.874976 0.0727443 1.14771 0.14026 2.04969 1.24742 4.1137 0.995584 2.72351 1.53562
140 4.185 1.09544 18.2654 0.87199 1.65405 1.04675 0.193644 0.953058 0.23679 0.93216 0.395755 0.852749 0.0746757 1.11704 0.14539 3.03207 1.26134 4.39748 1.01577 3.58088 1.55205
141 4.215 1.12408 18.7563 0.906797 1.698 0.962527 0.198126 0.971457 0.242721 0.950705 0.405239 0.956931 0.0768737 1.26856 0.151299 2.65459 1.27371 2.64086 1.02808 3.23411 1.56712
142 4.245 1.15252 19.2667 0.884997 1.74151 1.00387 0.202868 0.982186 0.248804 0.917945 0.414529 0.933749 0.0790502 1.15387 0.156753 3.70815 1.29124 3.00403 1.04227 1.45063 1.57397
143 4.275 1.17957 19.7966 0.919591 1.78736 1.01816 0.207747 0.938564 0.254699 0.932722 0.424099 1.0219 0.0814644 1.03058 0.161688 2.79664 1.30464 4.01843 1.06151 2.28368 1.58493
144 4.305 1.19627 20.3416 0.947493 1.83526 1.06161 0.212907 1.00369 0.261091 0.968107 0.434174 0.965276 0.0837777 1.06931 0.166883 3.0788 1.31959 2.5953 1.07413 2.25598 1.59589
145 4.335 1.21065 20.9007 0.911893 1.88201 0.959541 0.217635 1.04996 0.267873 0.899453 0.443665 1.02033 0.0862568 1.10748 0.172338 2.9288 1.33402 2.6879 1.08738 1.39268 1.60274
146 4.365 1.21872 21.4715 0.942385 1.931 0.960917 0.222434 0.98498 0.274323 0.91406 0.453445 0.93633 0.088563 1.40477 0.179351 3.1989 1.35 3.41084 1.10442 1.37223 1.60959
147 4.395 1.22822 22.0546 0.952252 1.98118 0.952207 0.227256 0.981544 0.280837 0.923685 0.463462 0.954872 0.0909484 1.16691 0.18526 2.2392 1.36134 3.11649 1.12019 2.70519 1.62329
148 4.425 1.25527 22.6587 0.970415 2.03301 1.00089 0.232394 1.0217 0.287713 0.938502 0.473782 0.967318 0.0933987 1.11316 0.190974 3.31096 1.37835 3.25809 1.13691 2.13491 1.63425
149 4.455 1.26722 23.2769 0.956782 2.08482 0.943266 0.237302 1.00047 0.294537 0.905367 0.483871 0.946261 0.0958273 1.28541 0.197662 2.4752 1.39124 2.4881 1.14984 2.10831 1.64521
150 4.485 1.26018 23.9 0.953459 2.13714 0.929295 0.242202 1.0166 0.301564 0.960873 0.494725 0.947229 0.098292 1.00966 0.202987 2.15164 1.40258 2.33452 1.16215 2.08129 1.65616
151 4.515 1.27352 24.5381 0.995123 2.19248 0.94683 0.247261 1.03392 0.308807 0.943193 0.50552 0.923987 0.100728 1.06894 0.208701 3.2786 1.4201 2.89406 1.1776 1.53636 1.66438
152 4.545 1.27769 25.1868 0.967865 2.24702 0.888828 0.252076 1.01939 0.316042 0.976025 0.516842 1.01189 0.10343 0.959382 0.213896 1.99804 1.43093 2.85318 1.19306 2.0259 1.67534
153 4.575 1.28203 25.8464 0.976146 2.30275 0.891727 0.256969 0.951695 0.322888 0.979215 0.528351 1.08117 0.106356 1.15976 0.22026 2.34807 1.44381 2.98885 1.20946 1.99933 1.6863
154 4.605 1.27877 26.5129 0.974522 2.35913 0.841268 0.261646 0.942498 0.329756 0.957401 0.539752 1.01449 0.109138 0.993265 0.225779 2.9666 1.46031 3.57394 1.22934 1.72613 1.69589
155 4.635 1.28075 27.1892 0.977954 2.41645 0.898343 0.266705 0.977924 0.336978 1.03108 0.552191 0.938871 0.111747 1.09499 0.231948 2.74557 1.47577 2.29532 1.24227 1.45661 1.70411
156 4.665 1.27565 27.8715 0.998564 2.47573 0.845125 0.271526 0.957824 0.344141 0.951066 0.563815 1.06015 0.11473 1.18349 0.238701 1.26567 1.48299 2.76613 1.25804 2.15552 1.71644
157 4.695 1.27239 28.5609 0.991785 2.53537 0.903034 0.276744 0.972188 0.351506 0.975837 0.575894 0.963306 0.117476 1.23584 0.245844 1.78202 1.4933 2.62034 1.27319 1.659 1.72603
158 4.725 1.26812 29.2567 0.990646 2.5957 0.840864 0.281666 0.981661 0.359037 0.937009 0.587641 0.961183 0.120251 0.921257 0.251234 1.84972 1.50412 3.07392 1.29117 2.56937 1.7411
159 4.755 1.27119 29.9632 1.00381 2.65762 0.79008 0.286351 1.01834 0.36695 0.917164 0.599287 1.04736 0.123314 1.1944 0.258312 2.00068 1.51598 2.28715 1.30473 1.15493 1.74795
160 4.785 1.24741 30.6651 0.988257 2.71934 0.84399 0.291417 1.00389 0.374849 0.92273 0.611149 1.0051 0.12629 1.09287 0.26487 1.97371 1.52784 2.52415 1.31987 1.59776 1.75753
161 4.815 1.24669 31.3756 0.977188 2.78115 0.832337 0.296476 0.980581 0.382661 0.914407 0.623054 0.978309 0.129223 1.14237 0.271818 1.86423 1.53918 1.71277 1.33028 1.35217 1.76575
162 4.845 1.23082 32.0857 0.979277 2.84386 0.834898 0.301614 0.89342 0.389867 0.956714 0.635666 0.987392 0.132221 0.969947 0.277792 2.17531 1.55258 2.66785 1.34669 2.22733 1.77945
163 4.875 1.22835 32.8032 0.953182 2.90566 0.762109 0.306364 1.01479 0.398155 0.927177 0.64804 1.04121 0.135421 1.09471 0.28461 1.7377 1.5634 2.58302 1.36278 2.19849 1.79315
164 4.905 1.20012 33.5129 0.940474 2.96738 0.872877 0.311869 0.93795 0.405909 0.919606 0.660464 0.912717 0.13826 0.926294 0.290455 2.20524 1.57732 2.35133 1.3776 1.08583 1.8
165 4.935 1.19038 34.2255 0.946778 3.03028 0.803552 0.317001 0.930786 0.4137 0.921031 0.673061 0.965725 0.141302 1.01713 0.296948 2.34355 1.59227 2.12463 1.39117 1.07255 1.80685
166 4.965 1.16629 34.9321 0.939835 3.09349 0.903439 0.322838 0.913759 0.42144 0.918805 0.685781 0.908758 0.144199 1.26558 0.30513 1.75451 1.60361 2.48992 1.40726 1.27098 1.81507
167 4.995 1.15741 35.6419 0.921176 3.15618 0.847256 0.32838 0.915361 0.429288 0.902732 0.698429 0.944784 0.147247 1.02254 0.311818 1.5764 1.61392 2.12235 1.42114 1.6734 1.82603
168 5.025 1.14055 36.3497 0.90659 3.21864 0.823065 0.333828 0.89435 0.43705 0.928055 0.711588 0.973443 0.150425 1.05934 0.318831 1.94465 1.6268 1.85677 1.43344 1.24217 1.83425
169 5.055 1.12615 37.057 0.879582 3.27995 0.847875 0.339507 0.934825 0.445258 0.882847 0.724258 0.852812 0.153243 1.1339 0.326429 2.30856 1.64227 2.49319 1.45016 1.02363 1.8411
170 5.085 1.10744 37.7609 0.887361 3.34254 0.87569 0.345445 0.941633 0.453625 0.863651 0.736797 0.87487 0.156169 1.14908 0.334221 1.67332 1.65361 1.86116 1.46278 0.807761 1.84658
171 5.115 1.08911 38.4612 0.875347 3.40502 0.909768 0.351686 0.912253 0.461826 0.892287 0.749906 0.851951 0.159052 1.20233 0.342468 2.03113 1.66753 2.20792 1.47792 1.99607 1.86027
172 5.145 1.0648 39.154 0.857302 3.46692 0.872317 0.35774 0.944211 0.470417 0.867774 0.762806 0.909358 0.162165 1.02925 0.34961 1.85715 1.68041 2.2276 1.49338 1.1851 1.86849
173 5.175 1.05675 39.8496 0.841458 3.52839 0.86517 0.363815 0.944382 0.479108 0.893743 0.776247 0.907234 0.165307 1.22089 0.358182 1.76235 1.69278 2.78373 1.51293 0.779602 1.87397
174 5.205 1.03137 40.5363 0.836271 3.5902 0.915345 0.370316 0.910291 0.487583 0.884944 0.789709 0.833016 0.168226 1.16064 0.366429 1.52374 1.70361 2.66472 1.53186 1.73691 1.8863
175 5.235 1.00648 41.2143 0.832738 3.65246 0.930734 0.377003 0.845529 0.495546 0.86735 0.803056 0.880708 0.171346 1.35567 0.376169 2.00949 1.71804 1.93203 1.54574 1.52254 1.89726
176 5.265 0.990738 41.8893 0.830158 3.71523 0.920113 0.383691 0.900182 0.504122 0.875439 0.816683 0.814562 0.174265 1.3581 0.386039 2.34049 1.73505 2.25748 1.56215 1.13288 1.90548
177 5.295 0.974158 42.5606 0.800089 3.77643 0.923615 0.39048 0.893843 0.512734 0.907736 0.830974 0.777074 0.177083 1.26274 0.395325 1.89559 1.74897 2.05972 1.57729 1.30352 1.91507
178 5.325 0.957573 43.228 0.792572 3.83774 0.910103 0.397247 0.888971 0.521397 0.850942 0.844523 0.787998 0.179973 1.2313 0.404481 2.14618 1.76495 2.16519 1.59338 1.10696 1.92329
179 5.355 0.941525 43.8916 0.777281 3.89854 0.972037 0.404555 0.88267 0.530095 0.866928 0.858482 0.74449 0.182733 1.16623 0.413247 1.99011 1.7799 2.3496 1.61104 0.911974 1.93014
180 5.385 0.928059 44.553 0.775332 3.95988 0.975463 0.41197 0.844568 0.538513 0.89177 0.873004 0.814812 0.185788 1.145 0.421948 2.30394 1.79742 2.07404 1.62681 0.900025 1.93699
181 5.415 0.907969 45.2074 0.776968 4.02203 0.969313 0.419422 0.851011 0.547088 0.864954 0.887244 0.722255 0.188527 1.39395 0.432662 1.74281 1.81082 1.72365 1.64006 1.24861 1.94658
182 5.445 0.900413 45.8635 0.776969 4.08487 0.980841 0.427047 0.882791 0.556082 0.888168 0.902032 0.727708 0.191316 1.13645 0.441494 2.05613 1.8268 1.78589 1.65394 1.05831 1.95479
183 5.475 0.879484 46.5115 0.754962 4.14661 1.00143 0.434916 0.901743 0.565372 0.867024 0.916626 0.752905 0.194235 1.30587 0.451753 2.29621 1.84485 1.84593 1.66845 1.21903 1.96438
184 5.505 0.869843 47.1594 0.740273 4.20781 1.06663 0.443391 0.87801 0.574517 0.897385 0.931897 0.694977 0.196959 1.34012 0.462403 1.6223 1.85773 1.58786 1.68107 1.20824 1.97397
185 5.535 0.858156 47.8056 0.738667 4.26954 1.02467 0.451622 0.850041 0.583468 0.890627 0.947218 0.658497 0.199568 1.36621 0.473377 2.05433 1.87423 1.80743 1.69558 1.1934 1.98356
186 5.565 0.852835 48.4547 0.741546 4.33219 1.05435 0.460183 0.890436 0.592945 0.89723 0.962821 0.762964 0.202623 1.34378 0.484286 2.16005 1.89175 2.17445 1.71325 0.844703 1.99041
187 5.595 0.847611 49.1069 0.733493 4.39483 1.0598 0.468882 0.91566 0.602796 0.908898 0.978798 0.769211 0.205737 1.26533 0.494675 1.8836 1.90722 1.80639 1.72808 0.50121 1.99452
188 5.625 0.838908 49.7593 0.72792 4.45766 1.08353 0.477868 0.895362 0.612532 0.942679 0.995546 0.722206 0.208691 1.23656 0.504935 1.3667 1.91856 2.09238 1.74543 0.990699 2.00274
189 5.655 0.834832 50.4155 0.755472 4.52357 1.07958 0.48692 0.921893 0.622665 0.938206 1.0124 0.726722 0.211696 1.4723 0.517273 1.71968 1.93299 1.95643 1.76183 0.163641 2.00411
190 5.685 0.835255 51.079 0.737627 4.5886 1.09626 0.496209 0.93115 0.633007 0.922393 1.02914 0.736202 0.214774 1.47925 0.529805 1.76438 1.94794 2.23442 1.78076 1.45281 2.01644
191 5.715 0.830244 51.7454 0.743086 4.65481 1.08586 0.505506 0.901507 0.643125 0.990092 1.0473 0.686046 0.217671 1.25084 0.540519 1.9871 1.96495 1.51116 1.79369 0.799904 2.02329
192 5.745 0.837647 52.4249 0.734389 4.72093 1.1385 0.515357 0.907976 0.653423 0.919213 1.06433 0.781788 0.221007 1.24576 0.551299 2.02533 1.98247 1.38647 1.80568 1.58152 2.03699
193 5.775 0.837529 53.1115 0.729063 4.78726 1.07309 0.524741 0.907431 0.663822 0.97974 1.08268 0.686803 0.223969 1.55924 0.564935 2.2395 2.00206 2.01889 1.82334 0.626422 2.04247
194 5.805 0.843907 53.8104 0.739601 4.85525 1.07577 0.534246 0.837621 0.673523 0.948352 1.10063 0.623513 0.226686 1.32291 0.576623 2.04115 2.0201 1.71421 1.83849 1.39604 2.05479
195 5.835 0.841771 54.5148 0.738708 4.92386 1.08366 0.543918 0.892586 0.683965 0.989442 1.11954 0.671152 0.229641 1.38954 0.589026 1.32817 2.03196 2.22533 1.85836 1.22501 2.06575
196 5.865 0.862072 55.2437 0.767356 4.99587 1.07416 0.553603 0.942416 0.695107 0.906922 1.13706 0.759989 0.233021 1.31061 0.600844 1.88536 2.04897 1.7836 1.87445 1.21523 2.07671
197 5.895 0.861927 55.9799 0.767211 5.0686 1.03767 0.563059 0.951675 0.706472 0.906923 1.15476 0.859386 0.236884 1.29722 0.612662 1.30173 2.06082 1.97335 1.89243 0.898697 2.08493
198 5.925 0.869037 56.7297 0.811306 5.1463 1.00856 0.572341 0.917444 0.717541 0.883149 1.17217 0.914472 0.241035 1.30561 0.624675 0.895559 2.06907 1.64438 1.90757 1.19131 2.09589
199 5.955 0.887294 57.5031 0.838313 5.22739 0.939503 0.581075 0.970826 0.729374 0.855913 1.18922 0.95542 0.245417 1.11051 0.635 1.99606 2.08763 1.62871 1.92271 1.17966 2.10685
200 5.985 0.897007 58.2928 0.847262 5.31018 0.982296 0.5903 0.951274 0.741085 0.865314 1.20662 1.03309 0.250202 1.23817 0.646623 1.37299 2.10052 1.34402 1.93533 1.89627 2.12466
390000 200
1 0.015 0 0 0 0 0 0 0 0 0 0 0 0 0 0 0 0 0 0 0 0
2 0.045 0 0 0 0 0 0 0 0 0 0 0 0 0 0 0 0 0 0 0 0
3 0.075 0 0 0 0 0 0 0 0 0 0 0 0 0 0 0 0 0 0 0 0
4 0.105 0 0 0 0 0 0 0 0 0 0 0 0 0 0 0 0 0 0 0 0
5 0.135 0 0 0 0 0 0 0 0 0 0 0 0 0 0 0 0 0 0 0 0
6 0.165 0 0 0 0 0 0 0 0 0 0 0 0 0 0 0 0 0 0 0 0
7 0.195 0 0 0 0 0 0 0 0 0 0 0 0 0 0 0 0 0 0 137.154 0.00136986
8 0.225 0 0 0 0 0 0 0 0 0.253155 7.20669e-06 0 0 0 0 0 0 0 0 0 0.00136986
9 0.255 0 0 0 0 0 0 0 0 0.788172 3.60334e-05 0 0 0 0 0 0 0 0 0 0.00136986
10 0.285 0 0 0 0 0 0 0 0 0 3.60334e-05 0 0 0 0 0 0 0 0 0 0.00136986
11 0.315 0 0 0 0 0 0 0 0 0.517369 6.48602e-05 1.12245 1.44134e-05 0 0 0 0 0 0 0 0.00136986
12 0.345 0 0 0 0 0 0 0 0 0.10782 7.20669e-05 1.40558 3.60334e-05 0 0 0 0 0 0 43.8666 0.00273973
13 0.375 0 0 0 0 0 0 0 0 0 7.20669e-05 3.96278 0.0001081 0 0 0 0 0 0 0 0.00273973
14 0.405 0 0 0 0 0 0 0 0 0 7.20669e-05 3.05591 0.000172961 0 0 0 0 0 0 0 0.00273973
15 0.435 0 0 0 0 0 0 0 0 0 7.20669e-05 6.77264 0.000338714 0 0 0 0 0 0 27.6047 0.00410959
16 0.465 0 0 0 0 0 0 0 0 0 7.20669e-05 3.09145 0.000425195 0 0 0 0 0 0 0 0.00410959
17 0.495 0 0 0 0 0 0 0.0855918 7.20669e-06 0.0524187 7.92736e-05 0.682258 0.000446815 0 0 0 0 0 0 21.3316 0.00547945
18 0.525 0 0 0 0 0 0 0 7.20669e-06 0.0930922 9.36869e-05 1.6172 0.000504468 0 0 0 0 0 0 56.8416 0.00958904
19 0.555 0 0 0 0 0 0 0 7.20669e-06 0.0833492 0.0001081 2.17143 0.000590948 0 0 0 0 0 0 101.783 0.0178082
20 0.585 0 0 0 0 0 0 0 7.20669e-06 0.112539 0.00012972 0.813628 0.000626982 0 0 0 0 7.03035 0.000630915 30.5782 0.0205479
21 0.615 0 0 0 0 0 0 0 7.20669e-06 0.0677574 0.000144134 1.47328 0.000699049 0 0 0 0 3.18983 0.000946372 41.4067 0.0246575
22 0.645 0 0 0 0 0 0 0 7.20669e-06 0.0308625 0.00015134 1.34029 0.000771116 0 0 0 0 8.66844 0.00189274 50.2611 0.030137
23 0.675 0 0 0 0 0 0 0.0460228 1.44134e-05 0.0564159 0.000165754 1.22338 0.000843182 0 0 0 0 2.64212 0.0022082 103.275 0.0424658
24 0.705 0 0 0 0 0 0 0 1.44134e-05 0.0516467 0.000180167 0.897015 0.000900836 0 0 0 0 4.84454 0.00283912 94.6923 0.0547945
25 0.735 0 0 0 0 0 0 0 1.44134e-05 0.023762 0.000187374 0.103444 0.000908043 0 0 0 0 8.90671 0.00410095 154.726 0.0767123
26 0.765 0 0 0 0 0 0 0 1.44134e-05 0.0439143 0.000201787 0.0951449 0.000915249 0 0 0 0 4.11608 0.00473186 71.4223 0.0876712
27 0.795 0 0 0 0 0 0 0 1.44134e-05 0.0608352 0.000223407 0.088175 0.000922456 0 0 0 0 1.90566 0.00504732 57.8942 0.0972603
28 0.825 0 0 0 0 0.0807731 1.44134e-05 0.0616516 2.88268e-05 0.0188556 0.000230614 0 0.000922456 0 0 0 0 7.07622 0.00630915 46.0676 0.105479
29 0.855 0 0 0 0 0 1.44134e-05 0.0572507 4.32401e-05 0 0.000230614 0.0762732 0.000929663 0 0 0 0 16.4706 0.00946372 57.1149 0.116438
30 0.885 0 0 0 0 0 1.44134e-05 0.0802525 6.48602e-05 0.0164314 0.000237821 0 0.000929663 0 0 0 0 10.7588 0.0116719 46.6855 0.126027
31 0.915 0 0 0 0 0 1.44134e-05 0 6.48602e-05 0 0.000237821 0.0665522 0.000936869 0 0 0 0 22.9947 0.0167192 81.1827 0.143836
32 0.945 0 0 0 0 0.0616644 2.88268e-05 0.0940817 9.36869e-05 0 0.000237821 0.0624379 0.000944076 0 0 0 0 10.7803 0.0192429 52.6775 0.156164
33 0.975 0 0 0 0 0 2.88268e-05 0.0441318 0.0001081 0.0134891 0.000245027 0 0.000944076 0 0 0 0 12.6577 0.0223975 43.9958 0.167123
34 1.005 0 0 0 0 0 2.88268e-05 0.0622757 0.00012972 0 0.000245027 0.110356 0.000958489 0 0 0 0 5.944 0.0239748 31.0317 0.175342
35 1.035 0 0 0 0 0.0513238 4.32401e-05 0.117438 0.000172961 0 0.000245027 0 0.000958489 0 0 0 0 8.98771 0.0264984 38.9994 0.186301
36 1.065 0 0 0.00232872 7.20669e-06 0.0485641 5.76535e-05 0.0369937 0.000187374 0 0.000245027 0 0.000958489 0 0 0 0 4.24867 0.0277603 23.006 0.193151
37 1.095 0 0 0.00220451 1.44134e-05 0.0229379 6.48602e-05 0.0874579 0.000223407 0.0107092 0.000252234 0 0.000958489 0 0 1.6395 0.000515464 6.01956 0.029653 21.7646 0.2
38 1.125 0.000463826 1.44134e-05 0.00208027 2.16201e-05 0.0651945 8.64803e-05 0.165726 0.000295474 0.0203196 0.000266647 0.043998 0.000965696 0 0 0 0.000515464 4.75091 0.0312303 24.7583 0.208219
39 1.155 0 1.44134e-05 0.0039608 3.60334e-05 0.164825 0.000144134 0 0.000295474 0.00962342 0.000273854 0 0.000965696 0 0 0 0.000515464 6.31496 0.0334385 11.7358 0.212329
40 1.185 0 1.44134e-05 0.00940987 7.20669e-05 0.137059 0.000194581 0.0149761 0.000302681 0 0.000273854 0.039709 0.000972903 0 0 0 0.000515464 0 0.0334385 7.44335 0.215068
41 1.215 0 1.44134e-05 0 7.20669e-05 0 0.000194581 0.0426146 0.000324301 0.00871821 0.000281061 0.0377641 0.00098011 0 0 1.33166 0.00103093 4.07542 0.0350158 28.3344 0.226027
42 1.245 0 1.44134e-05 0.00681818 0.000100894 0.0353947 0.000208994 0.0541488 0.000353128 0 0.000281061 0.0717822 0.000994523 0 0 1.26978 0.00154639 4.65766 0.0369085 20.2315 0.234247
43 1.275 0 1.44134e-05 0.0081269 0.000136927 0.0845004 0.000245027 0.0773824 0.000396368 0.0157632 0.000295474 0.137329 0.00102335 0 0 1.20928 0.00206186 5.17994 0.0391167 25.7249 0.245205
44 1.305 0.00103353 5.76535e-05 0.00930698 0.000180167 0.0645746 0.000273854 0.0123205 0.000403575 0.0980036 0.000389161 0.0654938 0.00103776 0 0 0 0.00206186 1.41511 0.0397476 18.3999 0.253425
45 1.335 0.000658962 8.64803e-05 0.0133386 0.000245027 0.0308496 0.000288268 0.0117672 0.000410781 0.0359439 0.000425195 0 0.00103776 0 0 0 0.00206186 2.02406 0.040694 20.5367 0.263014
46 1.365 0.000944665 0.00012972 0.0184482 0.000338714 0.0294651 0.000302681 0.0112461 0.000417988 0.0482364 0.000475641 0.0299062 0.00104497 0 0 0 0.00206186 4.5217 0.0429022 14.0139 0.269863
47 1.395 0.00060371 0.000158547 0.0149357 0.000417988 0.0423708 0.000324301 0.0430574 0.000446815 0.0791571 0.000562122 0.0859708 0.00106659 0 0 6.06287 0.00515464 2.47371 0.044164 16.1187 0.278082
48 1.425 0.00115516 0.000216201 0.0169028 0.000511675 0 0.000324301 0.0309769 0.000468435 0.151739 0.000735082 0.0824369 0.00108821 0 0 1.9333 0.00618557 4.15411 0.0463722 15.4451 0.286301
49 1.455 0.000554316 0.000245027 0.0212077 0.000634189 0.0129889 0.000331508 0.0792037 0.000526088 0.169796 0.000936869 0 0.00108821 0.116903 6.49351e-05 3.72123 0.00824742 6.25833 0.0498423 12.323 0.293151
50 1.485 0.00239362 0.000374748 0.0275551 0.000799942 0.0124695 0.000338714 0.0380007 0.000554915 0.122285 0.00108821 0.075818 0.00110983 0.112435 0.00012987 5.34672 0.0113402 5.45373 0.0529968 7.10941 0.29726
51 1.515 0.00229895 0.000504468 0.0253294 0.000958489 0.0119836 0.000345921 0.0182716 0.000569328 0.178955 0.00131882 0.0485842 0.00112424 0.107977 0.000194805 0 0.0113402 5.23543 0.0561514 9.1097 0.30274
52 1.545 0.00171939 0.000605362 0.0298683 0.00115307 0.0115165 0.000353128 0.0614497 0.000619775 0.209652 0.00159988 0.0466826 0.00113866 0.103793 0.00025974 5.76711 0.0149485 4.03461 0.0586751 13.1129 0.310959
53 1.575 0.00236376 0.000749496 0.0340819 0.00138368 0.0553797 0.000389161 0.0253685 0.000641395 0.294883 0.00201067 0.0898109 0.00116748 0 0.00025974 3.96494 0.0175258 3.39783 0.0608833 6.32162 0.315068
54 1.605 0.00227579 0.000893629 0.0194859 0.00152061 0.0853636 0.000446815 0.0732727 0.000706255 0.209214 0.00231335 0.0432082 0.0011819 0.191983 0.00038961 15.2763 0.0278351 5.13954 0.0643533 6.07162 0.319178
55 1.635 0.00153584 0.000994523 0.0523977 0.00190257 0.205658 0.000590948 0.0391996 0.000742289 0.321756 0.00279619 0.0625161 0.00120352 0.370994 0.000649351 15.4458 0.0386598 6.75657 0.0690852 15.6316 0.330137
56 1.665 0.00253951 0.00116748 0.0400314 0.00220525 0.28764 0.000799942 0.0681421 0.000807149 0.268455 0.00321418 0.0402289 0.00121793 0.357538 0.000909091 19.1462 0.0525773 6.07667 0.0735016 18.8527 0.343836
57 1.695 0.0028579 0.00136927 0.0321951 0.00245748 0.736945 0.00135486 0.0949249 0.000900836 0.281439 0.0036682 0.0775814 0.00124676 0.258706 0.0011039 22.5826 0.0695876 2.93099 0.0757098 12.7403 0.353425
58 1.725 0.00394324 0.00165754 0.052404 0.00288268 1.00703 0.00214039 0.0916664 0.000994523 0.280309 0.00413664 0.0749585 0.00127558 0.333353 0.00136364 34.3748 0.0963918 3.64085 0.0785489 8.77674 0.360274
59 1.755 0.00419037 0.00197463 0.0540409 0.0033367 1.25874 0.00315653 0.0748943 0.0010738 0.24578 0.00456183 0.054234 0.0012972 0.241351 0.00155844 42.1397 0.130412 3.90814 0.0817035 25.4591 0.380822
60 1.785 0.00294356 0.00220525 0.0506015 0.0037763 1.51009 0.0044177 0.131625 0.00121793 0.253824 0.00501585 0.0349872 0.00131162 0.699768 0.00214286 52.4583 0.174227 6.80168 0.0873817 8.20133 0.387671
61 1.815 0.00587603 0.00268089 0.070569 0.00441049 1.8857 0.00604641 0.133694 0.00136927 0.253251 0.00548429 0.0507927 0.00133324 0.676666 0.00272727 46.5592 0.214433 4.75179 0.0914826 14.2788 0.4
62 1.845 0.00671684 0.00324301 0.117973 0.00550591 2.14028 0.00795618 0.117112 0.0015062 0.245115 0.00595272 0.0654947 0.00136206 1.16409 0.00376623 56.0386 0.264433 3.53507 0.0946372 26.0857 0.423288
63 1.875 0.0116777 0.00425195 0.153319 0.00697607 2.34609 0.0101182 0.137176 0.00167195 0.317691 0.00657971 0.126801 0.00141972 0.987023 0.00467532 44.1841 0.305155 2.73947 0.0971609 22.3027 0.443836
64 1.905 0.0184261 0.00589507 0.196584 0.00892188 2.38617 0.0123883 0.202252 0.00192419 0.325363 0.00724272 0.0307158 0.00143413 1.16047 0.00577922 46.5896 0.349485 2.98501 0.1 17.2719 0.460274
65 1.935 0.028354 0.00850389 0.257555 0.0115523 2.10736 0.0144566 0.190424 0.00216921 0.274223 0.00781926 0.104199 0.00148458 1.12526 0.00688312 38.3466 0.387113 4.18046 0.104101 18.1423 0.478082
66 1.965 0.0442031 0.0126982 0.327787 0.0150043 2.34241 0.0168276 0.287827 0.00255117 0.33573 0.00854713 0.144324 0.00155664 1.28252 0.00818182 37.6881 0.425258 2.18069 0.106309 32.4988 0.510959
67 1.995 0.0736825 0.0199049 0.406965 0.019422 2.17605 0.0190977 0.310943 0.00297636 0.432233 0.00951283 0.0839937 0.00159988 1.18286 0.00941558 28.1629 0.454639 2.11687 0.108517 27.573 0.539726
68 2.025 0.122151 0.0322139 0.550276 0.0255765 1.99773 0.0212453 0.342767 0.00345921 0.435113 0.0105146 0.0679398 0.00163592 0.845538 0.0103247 26.8581 0.483505 2.34794 0.111041 17.836 0.558904
69 2.055 0.192773 0.0522197 0.662005 0.0332012 1.7187 0.0231479 0.442009 0.00410061 0.595803 0.0119271 0.0924288 0.00168636 0.879708 0.0112987 24.2121 0.510309 2.27896 0.113565 27.2201 0.589041
70 2.085 0.274282 0.0815221 0.812674 0.0428366 1.5937 0.024964 0.521119 0.00487893 0.838574 0.0139738 0.153891 0.00177285 0.797937 0.0122078 26.6879 0.540722 4.15067 0.118297 16.8333 0.608219
71 2.115 0.423765 0.128106 0.905458 0.0538844 1.33986 0.026535 0.618989 0.00583021 0.9756 0.016424 0.124563 0.00184491 0.830525 0.0131818 16.2705 0.559794 2.95743 0.121767 23.3574 0.635616
72 2.145 0.594804 0.195359 1.08537 0.067505 1.32654 0.0281349 0.738548 0.00699769 1.10754 0.0192851 0.0847785 0.00189536 0.700105 0.014026 17.5155 0.580928 1.04687 0.123028 14.7664 0.653425
73 2.175 0.775075 0.285457 1.24949 0.0836264 1.33088 0.0297852 0.917871 0.00848948 1.23184 0.0225569 0.223934 0.00203229 0.628524 0.0148052 13.7178 0.597938 2.79772 0.126498 22.1053 0.680822
74 2.205 1.01891 0.407192 1.35532 0.1016 1.09721 0.0311833 1.04387 0.0102335 1.30149 0.0261098 0.137595 0.00211877 0.305994 0.0151948 10.5112 0.61134 1.98014 0.129022 12.8901 0.69726
75 2.235 1.22628 0.557726 1.48789 0.121872 0.974193 0.0324589 1.36055 0.0125685 1.33637 0.0298573 0.290183 0.00230614 0.545606 0.0159091 7.87111 0.621649 3.37543 0.133438 10.4631 0.710959
76 2.265 1.47684 0.743918 1.65015 0.144963 0.921726 0.0336985 1.37363 0.0149899 1.3635 0.033785 0.347542 0.00253675 0.579448 0.0166883 6.51901 0.630412 3.51982 0.13817 17.3259 0.734247
77 2.295 1.6992 0.963851 1.66442 0.168874 0.908297 0.0349524 1.50919 0.0177212 1.53305 0.038318 0.306883 0.00274575 0.329324 0.0171429 6.72151 0.639691 2.74086 0.141956 15.8706 0.756164
78 2.325 1.91148 1.21777 1.76008 0.194826 0.72717 0.035983 1.62561 0.0207408 1.44854 0.042714 0.567313 0.00314212 0.458332 0.0177922 5.0922 0.646907 3.5616 0.147003 16.432 0.779452
79 2.355 2.12978 1.50804 1.83517 0.222586 0.688981 0.0369847 1.67165 0.0239262 1.5206 0.0474488 0.643195 0.00360334 0.446702 0.0184416 3.19289 0.651546 3.25514 0.151735 10.3701 0.794521
80 2.385 2.27021 1.82538 1.79999 0.250512 0.637926 0.037936 1.67761 0.0272052 1.48251 0.0521836 0.68608 0.00410781 0.304657 0.0188961 6.91387 0.661856 2.96079 0.156151 14.7096 0.816438
81 2.415 2.40494 2.17006 1.7582 0.278481 0.627104 0.0388945 1.83769 0.0308879 1.5757 0.0573436 0.735953 0.00466273 0.25514 0.0192857 4.3832 0.668557 3.30298 0.161199 11.646 0.834247
82 2.445 2.48222 2.53472 1.74751 0.306976 0.496786 0.0396728 1.73344 0.034448 1.51803 0.0624387 0.792608 0.0052753 0.455854 0.02 5.26446 0.676804 3.42006 0.166562 7.87207 0.846575
83 2.475 2.55514 2.91936 1.73393 0.335947 0.534178 0.0405304 1.74281 0.0381162 1.50663 0.0676204 0.991837 0.00606082 0.5257 0.0208442 3.85255 0.68299 2.5559 0.170662 11.94 0.865753
84 2.505 2.55086 3.31271 1.67457 0.364608 0.521463 0.041388 1.53737 0.0414312 1.49738 0.0728956 0.968015 0.00684635 0.197382 0.0211688 5.32966 0.691753 3.64358 0.176656 12.4919 0.886301
85 2.535 2.54432 3.71451 1.58579 0.392404 0.616025 0.0424258 1.49775 0.0447391 1.40019 0.0779475 1.01472 0.00768954 0.231478 0.0215584 3.36625 0.697423 2.43431 0.180757 7.32122 0.89863
86 2.565 2.48595 4.11645 1.52806 0.419826 0.459649 0.0432185 1.55268 0.0482488 1.43592 0.0832517 0.999527 0.00853993 0.188392 0.0218831 4.18596 0.704639 2.56069 0.185174 7.94677 0.912329
87 2.595 2.43539 4.51947 1.48704 0.447139 0.45318 0.0440184 1.33305 0.0513332 1.25992 0.0880153 0.976664 0.00939031 0.257463 0.0223377 3.21385 0.710309 3.39423 0.191167 8.53916 0.927397
88 2.625 2.34883 4.91721 1.4506 0.474402 0.526686 0.0449697 1.24485 0.0542808 1.30951 0.0930816 1.0194 0.0102984 0.323638 0.0229221 2.56907 0.714948 3.84357 0.198107 7.58674 0.941096
89 2.655 2.24829 5.30667 1.44116 0.502112 0.417361 0.0457408 1.18732 0.0571562 1.25282 0.0980398 1.04388 0.0112496 0.245957 0.0233766 3.62831 0.721649 3.92839 0.205363 4.44989 0.949315
90 2.685 2.14839 5.68729 1.33259 0.528315 0.476692 0.0466417 1.06774 0.0598011 1.26067 0.103142 1.11335 0.0122874 0.274867 0.0238961 4.63514 0.730412 3.67321 0.212303 13.0473 0.973973
91 2.715 2.03224 6.05542 1.23162 0.553077 0.481229 0.0475713 1.02144 0.0623883 1.2153 0.108172 0.915 0.0131594 0.336003 0.0245455 3.73429 0.737629 3.75559 0.219558 5.66999 0.984932
92 2.745 1.87942 6.40343 1.16626 0.577047 0.514452 0.0485875 0.927024 0.0647881 1.14301 0.113008 1.13902 0.0142692 0.26286 0.0250649 3.3945 0.74433 3.35485 0.226183 7.63306 1
93 2.775 1.77533 6.73939 1.07771 0.599683 0.50707 0.0496108 0.978006 0.0673753 1.14013 0.117937 0.897608 0.0151629 0.193154 0.0254545 4.60077 0.753608 4.06192 0.234385 4.74396 1.00959
94 2.805 1.65543 7.05947 1.04436 0.622096 0.531149 0.0507063 0.796975 0.0695301 1.09965 0.122795 1.01293 0.0161934 0.157526 0.0257792 3.00024 0.759794 2.44877 0.239432 8.63949 1.0274
95 2.835 1.53849 7.36333 0.963815 0.643226 0.516515 0.0517945 0.772432 0.0716633 0.964708 0.127148 1.05411 0.0172888 0.18471 0.0261688 3.18174 0.766495 4.04032 0.24795 2.60317 1.03288
96 2.865 1.43675 7.65314 0.862703 0.66254 0.656617 0.053207 0.756424 0.0737965 1.05862 0.132027 0.814898 0.0181536 0.422529 0.0270779 2.15639 0.771134 3.8103 0.256151 8.91429 1.05205
97 2.895 1.33029 7.92713 0.800164 0.68083 0.567603 0.0544537 0.750762 0.0759585 0.928028 0.136394 0.984364 0.0192202 0.147993 0.0274026 3.75544 0.779381 4.02251 0.264984 6.237 1.06575
98 2.925 1.22624 8.18494 0.782542 0.699092 0.591294 0.0557798 0.706078 0.078034 0.916576 0.140797 0.98386 0.0203084 0.231415 0.0279221 3.21493 0.786598 2.81381 0.271293 5.49706 1.07808
99 2.955 1.14075 8.42972 0.730194 0.716482 0.65796 0.057286 0.682134 0.0800807 0.85552 0.144991 0.810537 0.0212237 0.482271 0.029026 4.27811 0.796392 3.30822 0.278864 6.58683 1.09315
100 2.985 1.05915 8.66163 0.692078 0.733302 0.632562 0.0587633 0.689729 0.0821923 0.813882 0.149063 0.825863 0.022175 0.194703 0.0294805 3.09079 0.803608 3.51305 0.287066 7.03894 1.10959
101 3.015 0.983067 8.88123 0.615643 0.748566 0.680361 0.0603848 0.733757 0.084484 0.773819 0.153012 0.932011 0.0232704 0.190523 0.0299351 3.46166 0.811856 3.31021 0.294953 5.17643 1.12192
102 3.045 0.919065 9.09065 0.585042 0.763361 0.711708 0.0621144 0.692142 0.0866892 0.765591 0.156998 0.775578 0.0242001 0.347352 0.0307792 4.02857 0.821649 4.41209 0.305678 6.20044 1.13699
103 3.075 0.860351 9.29056 0.55968 0.777796 0.750252 0.0639738 0.734192 0.0890747 0.738451 0.160918 0.72499 0.0250865 0.497705 0.032013 4.99041 0.834021 3.69158 0.314826 7.74129 1.15616
104 3.105 0.814785 9.4836 0.547838 0.792202 0.792909 0.0659772 0.672231 0.0913015 0.700288 0.164709 0.768875 0.026045 0.3083 0.0327922 4.4871 0.845361 4.49374 0.326183 6.50146 1.1726
105 3.135 0.762907 9.66786 0.508632 0.805837 0.783387 0.0679951 0.687158 0.0936221 0.720979 0.168687 0.646392 0.0268665 0.504203 0.0340909 5.60166 0.859794 4.52852 0.337855 3.19165 1.18082
106 3.165 0.71474 9.8438 0.503804 0.819602 0.815094 0.0701355 0.692984 0.0960075 0.738146 0.172838 0.717916 0.0277962 0.494758 0.0353896 5.49548 0.874227 4.08613 0.34858 5.21773 1.19452
107 3.195 0.691678 10.0173 0.46511 0.832553 0.762316 0.072175 0.661606 0.098328 0.709165 0.176903 0.606141 0.0285961 0.364003 0.0363636 4.43093 0.886082 4.71511 0.361199 6.65409 1.21233
108 3.225 0.654099 10.1845 0.463873 0.845712 0.861661 0.0745244 0.611004 0.100512 0.694859 0.18096 0.718282 0.0295618 0.500182 0.0377273 1.7004 0.890722 5.43701 0.376025 2.51292 1.21918
109 3.255 0.633414 10.3494 0.463877 0.859116 0.921239 0.0770827 0.700919 0.103063 0.765696 0.185515 0.631269 0.0304266 0.514243 0.0391558 3.89585 0.901546 6.92992 0.395268 4.93351 1.23288
110 3.285 0.60864 10.5108 0.441973 0.872125 0.975873 0.0798429 0.656974 0.105499 0.710123 0.189817 0.599115 0.0312626 0.665554 0.041039 3.82505 0.912371 7.25039 0.415773 5.80998 1.24932
111 3.315 0.588723 10.6698 0.464534 0.886048 0.895625 0.0824229 0.635537 0.107899 0.754468 0.194472 0.502065 0.0319761 0.608804 0.0427922 5.01205 0.926804 6.57037 0.4347 2.85412 1.25753
112 3.345 0.559269 10.8236 0.442073 0.899539 0.975476 0.0852839 0.629808 0.11032 0.734229 0.199085 0.612692 0.0328625 0.95231 0.0455844 3.51366 0.937113 6.88205 0.45489 4.67011 1.27123
113 3.375 0.559894 10.9803 0.426111 0.912777 0.91717 0.0880225 0.707056 0.113087 0.74715 0.203863 0.489412 0.0335832 0.869722 0.0481818 3.6243 0.947938 7.29135 0.476656 5.50437 1.28767
114 3.405 0.546862 11.1361 0.44917 0.926982 0.93442 0.0908619 0.647646 0.115667 0.77722 0.208922 0.644231 0.0345489 0.748019 0.0504545 3.39125 0.958247 5.39899 0.49306 5.4058 1.30411
115 3.435 0.536332 11.2916 0.471611 0.942159 0.938909 0.0937662 0.703878 0.118521 0.724458 0.213722 0.576342 0.0354281 0.860837 0.0531169 3.66395 0.969588 8.26106 0.518612 3.09844 1.3137
116 3.465 0.533478 11.449 0.463266 0.957329 0.982423 0.0968579 0.735442 0.121555 0.741972 0.218723 0.561685 0.0363001 0.825214 0.0557143 2.78527 0.978351 6.31514 0.538486 3.48531 1.32466
117 3.495 0.532084 11.6087 0.469591 0.972975 1.08481 0.100332 0.771013 0.124791 0.738756 0.223789 0.597821 0.0372442 1.05464 0.0590909 4.83046 0.993814 6.79717 0.560252 3.42184 1.33562
118 3.525 0.550391 11.7768 0.461666 0.988621 1.03546 0.103704 0.764714 0.128056 0.746917 0.229 0.627993 0.0382531 0.897321 0.062013 4.43264 1.00825 8.42683 0.587697 2.52353 1.34384
119 3.555 0.544212 11.9458 0.478135 1.0051 1.02023 0.107084 0.79003 0.131486 0.7435 0.234275 0.55564 0.0391611 0.999958 0.0653247 3.57863 1.0201 6.28576 0.608517 4.13372 1.35753
120 3.585 0.552921 12.1204 0.517001 1.02323 1.00545 0.110471 0.843735 0.135212 0.789003 0.239968 0.598472 0.0401557 0.983107 0.0686364 2.90675 1.0299 5.99172 0.628707 3.25273 1.36849
121 3.615 0.562817 12.3012 0.522846 1.04186 1.02038 0.113967 0.770365 0.138671 0.733703 0.245352 0.627001 0.041215 1.04263 0.0722078 3.61401 1.04227 6.72231 0.651735 2.79827 1.37808
122 3.645 0.580244 12.4906 0.535381 1.06126 0.941543 0.117246 0.814543 0.14239 0.670474 0.250353 0.679599 0.0423825 1.47306 0.0773377 2.66467 1.05155 6.61187 0.674763 4.72205 1.39452
123 3.675 0.595147 12.6881 0.563231 1.08201 1.02797 0.120885 0.810683 0.146152 0.764123 0.256147 0.713985 0.0436293 1.13706 0.0813636 4.07585 1.06598 6.05941 0.696215 3.48337 1.40685
124 3.705 0.607173 12.8929 0.571097 1.10339 1.09353 0.12482 0.820574 0.150022 0.811636 0.262403 0.661908 0.044804 1.42554 0.0864935 3.43975 1.07835 6.92537 0.721136 2.28524 1.41507
125 3.735 0.642559 13.1132 0.601358 1.12628 0.979416 0.128402 0.882518 0.154252 0.737058 0.268175 0.643227 0.0459643 1.06586 0.0903896 3.80518 1.09227 5.8665 0.742587 2.99628 1.42603
126 3.765 0.651999 13.3403 0.625361 1.15045 1.03769 0.132257 0.82267 0.158259 0.773273 0.27433 0.6606 0.047175 1.25833 0.0950649 2.63732 1.10206 6.45141 0.766562 2.94542 1.43699
127 3.795 0.689266 13.5843 0.620848 1.17484 0.971584 0.135925 0.819982 0.162316 0.809289 0.280873 0.685023 0.0484506 1.16922 0.0994805 3.54911 1.11546 7.60583 0.795268 1.45299 1.44247
128 3.825 0.722167 13.8439 0.637358 1.20027 1.00728 0.139788 0.898826 0.166835 0.746645 0.287006 0.777226 0.0499207 1.21905 0.104156 4.29971 1.13196 6.25211 0.819243 1.78598 1.44932
129 3.855 0.748906 14.1174 0.638655 1.22616 0.987886 0.143636 0.893382 0.171397 0.773053 0.293456 0.742619 0.0513477 1.5832 0.110325 4.10368 1.14794 5.26403 0.839748 3.86824 1.46438
130 3.885 0.778378 14.4061 0.675208 1.25396 0.956266 0.14742 0.942138 0.176283 0.785773 0.300115 0.849416 0.0530052 1.29683 0.115455 1.82446 1.15515 5.10196 0.859937 2.77076 1.47534
131 3.915 0.800057 14.7075 0.707659 1.28354 0.886034 0.15098 0.859287 0.180809 0.784625 0.306868 0.807319 0.0546051 1.09906 0.11987 3.46345 1.16907 4.78942 0.87918 4.08988 1.49178
132 3.945 0.835186 15.0269 0.720651 1.31413 1.0423 0.155232 0.946046 0.185868 0.825628 0.314082 0.848922 0.0563131 1.25777 0.125 2.14856 1.17784 5.02605 0.899685 2.68615 1.50274
133 3.975 0.864687 15.3626 0.736935 1.34589 0.957016 0.159196 0.915909 0.19084 0.827769 0.321425 0.860807 0.0580715 1.34831 0.130584 2.73783 1.18918 4.26493 0.91735 3.64018 1.51781
134 4.005 0.912067 15.7221 0.747874 1.37861 1.04042 0.16357 1.01336 0.196425 0.78822 0.328524 0.813039 0.0597579 1.03504 0.134935 3.18754 1.20258 3.90167 0.933754 1.62953 1.52466
135 4.035 0.94449 16.1 0.755792 1.41217 1.06397 0.16811 0.959748 0.201794 0.843623 0.336235 0.903839 0.0616604 1.35418 0.140714 2.53628 1.2134 4.95276 0.95489 1.28377 1.53014
136 4.065 0.973194 16.4952 0.787669 1.44767 1.05164 0.172665 0.995182 0.207445 0.817985 0.343824 0.981597 0.0637576 1.34885 0.146558 2.14225 1.22268 4.29707 0.973502 1.89829 1.53836
137 4.095 1.00943 16.9112 0.795583 1.48406 0.98539 0.176996 0.958065 0.212965 0.858076 0.351903 0.900946 0.0657106 1.1965 0.151818 4.34075 1.24175 4.37816 0.992744 4.05508 1.55616
138 4.125 1.03412 17.3436 0.831521 1.52265 0.932433 0.181155 0.982455 0.218709 0.879612 0.360306 0.972871 0.067851 1.13534 0.156883 3.35187 1.2567 4.66847 1.01356 1.84651 1.56438
139 4.155 1.07175 17.7983 0.818504 1.56119 0.996987 0.185666 0.972013 0.224474 0.840208 0.368449 0.984776 0.070049 1.20564 0.162338 3.30233 1.27165 4.2534 1.03281 2.42129 1.57534
140 4.185 1.09457 18.2694 0.854009 1.60199 1.05791 0.190523 0.991535 0.230441 0.8553 0.376859 0.884767 0.0720525 1.27334 0.168182 2.69503 1.28402 4.25913 1.05237 3.58061 1.59178
141 4.215 1.12554 18.7608 0.871934 1.64424 1.02915 0.195316 0.990502 0.236487 0.812851 0.384967 1.00719 0.0743658 1.14356 0.173506 3.98554 1.30258 4.20062 1.07192 2.05861 1.60137
142 4.245 1.15801 19.2736 0.868907 1.68695 1.01308 0.200101 0.963734 0.242455 0.849784 0.393564 0.955811 0.0765927 1.0448 0.178442 3.92911 1.32113 3.60613 1.08896 2.02882 1.61096
143 4.275 1.16872 19.7985 0.880753 1.73085 1.04706 0.205117 0.980051 0.248609 0.894125 0.402739 0.988255 0.0789276 1.42325 0.18526 3.65893 1.33866 3.09446 1.10379 2.57518 1.62329
144 4.305 1.19766 20.3439 0.890182 1.77585 1.02066 0.210075 1.04344 0.255254 0.883754 0.411934 1.07061 0.0814932 1.35 0.191818 2.97176 1.35309 4.35156 1.12492 3.6654 1.6411
145 4.335 1.21378 20.9045 0.903668 1.82217 1.06354 0.215314 1.00445 0.26174 0.872241 0.421137 0.952101 0.0838066 1.35785 0.198506 3.66243 1.37113 3.65182 1.1429 2.50172 1.65342
146 4.365 1.22924 21.48 0.905825 1.86924 0.942265 0.22002 0.970904 0.268096 0.964699 0.431457 1.01219 0.0863001 1.19585 0.204481 2.99334 1.38608 4.10689 1.16341 2.74462 1.66712
147 4.395 1.24747 22.0722 0.930139 1.91825 0.922329 0.22469 1.02301 0.274885 0.877789 0.440977 0.972523 0.0887287 1.34648 0.211299 2.5448 1.39897 3.364 1.18044 2.97656 1.68219
148 4.425 1.25644 22.6767 0.94185 1.96855 0.949019 0.229562 0.974823 0.281443 0.976715 0.451715 1.02481 0.0913231 1.16381 0.217273 2.61061 1.41237 3.87199 1.20032 1.86691 1.69178
149 4.455 1.26503 23.2937 0.937073 2.01928 0.940663 0.234455 0.931033 0.287792 0.907984 0.461833 1.09796 0.094141 1.32308 0.224156 2.37785 1.42474 3.57647 1.21893 3.68612 1.71096
150 4.485 1.28463 23.9287 0.94284 2.07101 0.948676 0.239457 0.953003 0.294379 0.922106 0.472247 0.972816 0.0966705 1.10844 0.23 2.053 1.43557 2.57284 1.23249 3.11812 1.7274
151 4.515 1.28101 24.5705 0.942798 2.12343 0.927845 0.244415 1.02278 0.301542 0.912365 0.48269 0.992688 0.0992865 1.31253 0.237013 3.37566 1.45361 2.65677 1.24669 2.81996 1.74247
152 4.545 1.28408 25.2223 0.945883 2.17672 0.869079 0.249121 0.970628 0.308432 0.892878 0.493046 0.99038 0.101931 1.115 0.243052 3.1417 1.47062 2.85464 1.26215 1.26462 1.74932
153 4.575 1.29205 25.8869 0.961533 2.23162 0.924651 0.254194 0.984086 0.315509 0.922435 0.503884 0.993381 0.104619 1.07697 0.248961 2.34858 1.48351 2.5304 1.27603 2.99563 1.76575
154 4.605 1.28482 26.5564 0.963643 2.28735 0.889401 0.259138 1.0158 0.32291 0.897718 0.514572 0.980446 0.107308 1.04006 0.25474 2.50436 1.49742 2.66719 1.29085 1.97085 1.77671
155 4.635 1.28955 27.2372 0.968057 2.34408 0.849794 0.263923 0.984119 0.330174 0.913528 0.525591 0.988644 0.110053 0.957092 0.26013 3.84421 1.51907 2.01641 1.30221 2.4322 1.79041
156 4.665 1.27506 27.9191 0.935228 2.39959 0.855292 0.268802 0.935873 0.337172 0.897074 0.536552 0.963075 0.112763 1.14989 0.266688 2.3491 1.53247 2.98609 1.31924 2.64234 1.80548
157 4.695 1.28144 28.6132 0.953892 2.45694 0.840632 0.27366 1.02671 0.344948 0.920617 0.547946 0.955679 0.115487 1.21399 0.273701 2.4082 1.54639 2.40168 1.33312 1.18606 1.81233
158 4.725 1.26844 29.3092 0.971868 2.51612 0.845998 0.278611 0.967703 0.352371 0.914205 0.559405 1.00626 0.118391 1.23165 0.280909 2.11452 1.55876 2.74848 1.34921 1.87385 1.82329
159 4.755 1.26773 30.0135 0.944596 2.57437 0.808641 0.283403 0.968408 0.359895 0.904905 0.570892 0.986162 0.121274 1.16156 0.287792 2.43556 1.5732 2.1816 1.36215 1.6187 1.83288
160 4.785 1.2576 30.7211 0.934499 2.63273 0.841729 0.288455 0.952717 0.36739 0.924972 0.582783 0.927411 0.12402 1.01744 0.293896 2.4047 1.58763 2.41781 1.37666 1.59739 1.84247
161 4.815 1.24379 31.4297 0.932452 2.6917 0.798022 0.293305 0.92187 0.374733 0.909137 0.594617 0.901514 0.126722 1.00442 0.3 2.9685 1.60567 2.49082 1.3918 1.80444 1.85342
162 4.845 1.24019 32.1452 0.941095 2.75195 0.862059 0.298609 0.932845 0.382257 0.897362 0.606443 0.899774 0.129454 1.44585 0.308896 1.7592 1.61649 2.40997 1.40662 2.67008 1.86986
163 4.875 1.23372 32.8657 0.923784 2.81183 0.816728 0.303697 0.960276 0.390098 0.860938 0.61793 0.865488 0.132113 1.27169 0.316818 2.4 1.63144 2.22802 1.4205 1.75746 1.88082
164 4.905 1.21237 33.5825 0.906893 2.87135 0.794198 0.308706 0.927653 0.397766 0.863237 0.629591 0.952267 0.135075 1.18422 0.324286 1.79861 1.64278 2.95086 1.43912 2.17355 1.89452
165 4.935 1.20216 34.3019 0.903304 2.93135 0.786881 0.313729 0.90244 0.405319 0.876404 0.641575 0.938565 0.13803 1.12923 0.331494 2.82647 1.66082 2.42148 1.45457 1.50188 1.90411
166 4.965 1.18462 35.0196 0.891123 2.99127 0.805288 0.318932 0.860148 0.412604 0.841992 0.653229 0.861445 0.140775 1.24625 0.339545 2.07508 1.67423 2.63651 1.47161 1.27242 1.91233
167 4.995 1.15723 35.7291 0.89009 3.05184 0.776888 0.324013 0.885212 0.420193 0.866332 0.665365 0.904737 0.143694 1.10232 0.346753 2.52245 1.69072 1.88077 1.48391 0.627545 1.91644
168 5.025 1.15024 36.4428 0.884622 3.11276 0.775308 0.329144 0.927797 0.428243 0.87132 0.677717 0.854275 0.146483 1.23619 0.354935 1.94661 1.70361 2.04901 1.49748 1.24292 1.92466
169 5.055 1.1361 37.1562 0.866501 3.17316 0.819842 0.334635 0.828221 0.435515 0.86705 0.690156 0.809318 0.149157 1.30855 0.363701 2.1554 1.71804 2.77848 1.51609 2.86599 1.94384
170 5.085 1.1173 37.8662 0.862668 3.23399 0.809147 0.34012 0.800512 0.442628 0.846907 0.70245 0.91185 0.152205 1.01562 0.370584 2.35725 1.73402 2.00134 1.52965 1.61666 1.95479
171 5.115 1.08965 38.5668 0.847386 3.29447 0.810224 0.345676 0.830509 0.450094 0.844842 0.71486 0.96301 0.155463 1.41074 0.38026 2.17977 1.74897 2.20837 1.54479 0.99842 1.96164
172 5.145 1.08133 39.2702 0.834451 3.35471 0.945122 0.352234 0.847082 0.457798 0.864591 0.72771 0.798082 0.158194 1.33814 0.389545 1.8562 1.76186 1.86384 1.55773 1.57968 1.9726
173 5.175 1.05664 39.9656 0.813185 3.41411 0.83361 0.358086 0.842664 0.465552 0.90639 0.741338 0.853285 0.161149 1.1564 0.397662 2.42331 1.77887 1.70679 1.56972 1.75555 1.98493
174 5.205 1.02735 40.6495 0.814549 3.4743 0.966097 0.364947 0.880307 0.473746 0.863246 0.754468 0.736595 0.163729 1.29852 0.406883 2.10537 1.79381 2.62188 1.58833 1.35077 1.99452
175 5.235 1.01969 41.3363 0.807752 3.53468 0.92294 0.371577 0.818143 0.48145 0.864613 0.767772 0.797148 0.166554 1.50021 0.417662 1.9375 1.80773 1.93253 1.60221 1.90791 2.00822
176 5.265 0.993128 42.0128 0.790393 3.59444 0.93631 0.37838 0.849644 0.489543 0.852042 0.781032 0.681733 0.168997 1.40288 0.427857 2.27013 1.82423 2.08419 1.61735 1.50891 2.01918
177 5.295 0.975523 42.6849 0.792278 3.65502 0.8963 0.384967 0.846832 0.497701 0.869456 0.794717 0.767502 0.171779 1.27248 0.437208 1.89398 1.83814 2.18902 1.63344 0.745638 2.02466
178 5.325 0.959225 43.3533 0.764919 3.71418 0.957065 0.39208 0.840994 0.505895 0.86057 0.808417 0.684023 0.174287 1.43263 0.447857 1.24874 1.84742 2.41932 1.65142 1.1063 2.03288
179 5.355 0.941418 44.0167 0.756649 3.77336 0.971153 0.39938 0.804621 0.513822 0.863039 0.822312 0.759916 0.177104 1.19236 0.456818 1.508 1.85876 2.18237 1.66782 1.27528 2.04247
180 5.385 0.927146 44.6774 0.764908 3.83386 0.951924 0.406616 0.812966 0.521923 0.876028 0.836574 0.778424 0.180023 1.59752 0.468961 1.49223 1.8701 2.53178 1.68707 0.720903 2.04795
181 5.415 0.908582 45.3321 0.742857 3.89328 0.992008 0.41424 0.817586 0.53016 0.854946 0.850649 0.728093 0.182783 1.41089 0.479805 2.0791 1.88608 2.17543 1.70379 1.24688 2.05753
182 5.445 0.892533 45.9824 0.73186 3.95246 0.93473 0.421505 0.852479 0.538844 0.905289 0.865718 0.712517 0.185515 1.51233 0.491558 2.38676 1.90464 1.78621 1.71767 0.352689 2.06027
183 5.475 0.886091 46.6351 0.748782 4.01368 0.994245 0.429317 0.857925 0.547679 0.878296 0.880499 0.732638 0.188354 1.38875 0.502468 1.6398 1.91753 2.04713 1.73375 1.22138 2.06986
184 5.505 0.872382 47.2848 0.730644 4.07407 1.02602 0.437468 0.817371 0.556191 0.875059 0.895388 0.719224 0.191172 1.35669 0.513247 1.81727 1.93196 1.94609 1.74921 1.03432 2.07808
185 5.535 0.863803 47.9351 0.730923 4.13515 1.04634 0.445871 0.772981 0.564327 0.862246 0.910219 0.634984 0.193687 1.55281 0.525714 1.60504 1.94485 2.16087 1.76656 0.851691 2.08493
186 5.565 0.842648 48.5763 0.726145 4.19648 1.02979 0.45423 0.835687 0.57322 0.924678 0.926297 0.734307 0.196627 1.4079 0.537143 1.46044 1.9567 2.0211 1.78297 0.842637 2.09178
187 5.595 0.840032 49.2226 0.708925 4.25701 1.03715 0.462741 0.850908 0.582372 0.910288 0.942296 0.669501 0.199337 1.40865 0.548701 2.01036 1.9732 1.80651 1.79779 1.8375 2.10685
188 5.625 0.843656 49.8785 0.715397 4.31875 1.12614 0.472081 0.813981 0.591222 0.918469 0.958612 0.722369 0.202292 1.53442 0.561429 1.67799 1.98711 2.28222 1.81672 1.15655 2.11644
189 5.655 0.835534 50.5351 0.710647 4.38074 1.07205 0.481068 0.90246 0.601139 0.886276 0.974524 0.672826 0.205074 1.43323 0.573442 1.47631 1.99948 1.69245 1.83091 1.63441 2.13014
190 5.685 0.836296 51.1993 0.723293 4.44449 1.04716 0.489939 0.852106 0.610601 0.912649 0.991085 0.636344 0.207733 1.61729 0.587143 2.25109 2.01856 2.27095 1.85016 0.647062 2.13562
191 5.715 0.829432 51.865 0.723172 4.50891 1.10352 0.499387 0.859862 0.620251 0.928259 1.00811 0.747468 0.210889 1.32004 0.598442 2.10646 2.0366 1.69441 1.86467 1.11897 2.14521
192 5.745 0.831004 52.539 0.723803 4.57407 1.16706 0.509484 0.824831 0.629605 0.967997 1.02604 0.73464 0.214024 1.53136 0.611688 1.84713 2.05258 1.85978 1.88076 2.05896 2.16301
193 5.775 0.833271 53.222 0.723028 4.63984 1.10216 0.519119 0.867888 0.63955 0.981052 1.04441 0.611755 0.216662 1.41896 0.624091 2.24089 2.07216 2.16521 1.89968 0.940162 2.17123
194 5.805 0.838091 53.916 0.724956 4.70647 1.14392 0.529223 0.85777 0.649481 0.973628 1.06284 0.661591 0.219545 1.48502 0.637208 2.0422 2.09021 1.74995 1.91514 1.70578 2.1863
195 5.835 0.839967 54.6188 0.732183 4.77447 1.13619 0.539363 0.839005 0.659297 0.9452 1.0809 0.726921 0.222744 1.4843 0.650455 1.67476 2.10515 1.90924 1.93218 1.53419 2.2
196 5.865 0.848242 55.3358 0.734326 4.84336 1.10778 0.549351 0.889041 0.669804 0.907904 1.09844 0.711373 0.225908 1.45469 0.663571 2.22855 2.12526 1.53924 1.94606 1.36703 2.21233
197 5.895 0.858026 56.0685 0.754627 4.91489 1.04436 0.558864 0.874582 0.680246 0.881321 1.11563 0.718674 0.229137 1.5324 0.677532 1.30154 2.13711 1.9399 1.96372 1.65355 2.2274
198 5.925 0.870418 56.8194 0.782973 4.98986 1.02746 0.568319 0.911052 0.691237 0.851585 1.13242 0.862091 0.23305 1.48915 0.691234 1.12022 2.14742 1.88584 1.98107 1.78578 2.24384
199 5.955 0.886413 57.5919 0.823549 5.06952 0.943447 0.57709 0.927998 0.702544 0.817668 1.1487 0.958794 0.237446 1.16653 0.702078 1.05292 2.15722 1.49361 1.99495 1.61956 2.2589
200 5.985 0.890761 58.3759 0.84033 5.15161 0.96556 0.586156 0.97428 0.714536 0.846785 1.16572 0.959933 0.241892 1.25879 0.713896 1.86649 2.17474 1.54558 2.00946 1.31087 2.27123
400000 200
1 0.015 0 0 0 0 0 0 0 0 0 0 0 0 0 0 0 0 0 0 0 0
2 0.045 0 0 0 0 0 0 0 0 0 0 0 0 0 0 0 0 0 0 0 0
3 0.075 0 0 0 0 0 0 0 0 0 0 0 0 0 0 0 0 0 0 0 0
4 0.105 0 0 0 0 0 0 0 0 0 0 0 0 0 0 0 0 0 0 0 0
5 0.135 0 0 0 0 0 0 0 0 0 0 0 0 0 0 0 0 0 0 0 0
6 0.165 0 0 0 0 0 0 0 0 0 0 0 0 0 0 0 0 0 0 0 0
7 0.195 0 0 0 0 0 0 0 0 0 0 0 0 0 0 0 0 0 0 0 0
8 0.225 0 0 0 0 0 0 0 0 0 0 0 0 0 0 0 0 0 0 0 0
9 0.255 0 0 0 0 0 0 0 0 0.197256 7.20669e-06 0 0 0 0 0 0 0 0 80.1321 0.00136986
10 0.285 0 0 0 0 0 0 0 0 0 7.20669e-06 0.684375 7.20669e-06 0 0 0 0 0 0 0 0.00136986
11 0.315 0 0 0 0 0 0 0 0 0 7.20669e-06 0 7.20669e-06 0 0 0 0 0 0 0 0.00136986
12 0.345 0 0 0 0 0 0 0 0 0 7.20669e-06 1.39691 2.88268e-05 0 0 0 0 0 0 0 0.00136986
13 0.375 0 0 0 0 0 0 0 0 0.0912524 1.44134e-05 1.18249 5.04468e-05 0 0 0 0 0 0 0 0.00136986
14 0.405 0 0 0 0 0 0 0 0 0.15551 2.88268e-05 1.69241 8.64803e-05 0 0 0 0 0 0 31.7371 0.00273973
15 0.435 0 0 0 0 0 0 0 0 0.0675751 3.60334e-05 1.46679 0.000122514 0 0 0 0 0 0 0 0.00273973
16 0.465 0 0 0 0 0 0 0 0 0 3.60334e-05 3.59263 0.000223407 0 0 0 0 0 0 0 0.00273973
17 0.495 0 0 0 0 0 0 0 0 0.104293 5.04468e-05 2.04146 0.000288268 0 0 0 0 0 0 0 0.00273973
18 0.525 0 0 0 0 0 0 0 0 0.0464549 5.76535e-05 2.0169 0.000360334 0 0 0 0 0 0 37.7171 0.00547945
19 0.555 0 0 0 0 0 0 0 0 0.0416793 6.48602e-05 1.9836 0.000439608 0 0 0 0 0 0 67.465 0.0109589
20 0.585 0 0 0 0 0 0 0 0 0 6.48602e-05 1.62131 0.000511675 0 0 0 0 3.51729 0.000315457 106.399 0.0205479
21 0.615 0 0 0 0 0 0 0 0 0.0339392 7.20669e-05 0.881587 0.000554915 0 0 0 0 0 0.000315457 68.8253 0.0273973
22 0.645 0 0 0 0 0 0 0 0 0.122758 0.000100894 0.400785 0.000576535 0 0 0 0 0 0.000315457 100.129 0.0383562
23 0.675 0 0 0 0 0 0 0 0 0 0.000100894 0.487605 0.000605362 0 0 0 0 0 0.000315457 91.3938 0.0493151
24 0.705 0 0 0.00530351 7.20669e-06 0 0 0 0 0.0516036 0.000115307 0.559007 0.000641395 0 0 0 0 9.65663 0.00157729 52.3756 0.0561644
25 0.735 0 0 0 7.20669e-06 0 0 0 0 0.0235983 0.000122514 0.102811 0.000648602 0 0 0 0 8.88709 0.00283912 76.9965 0.0671233
26 0.765 0 0 0 7.20669e-06 0 0 0.0357707 7.20669e-06 0 0.000122514 0.189345 0.000663015 0 0 0 0 14.3503 0.00504732 88.92 0.0808219
27 0.795 0 0 0 7.20669e-06 0 0 0.0991379 2.88268e-05 0 0.000122514 0.0882191 0.000670222 0 0 0 0 9.47308 0.00662461 49.4366 0.0890411
28 0.825 0 0 0 7.20669e-06 0 0 0 2.88268e-05 0.0187292 0.00012972 0 0.000670222 0 0 0 0 7.04383 0.00788644 61.1977 0.1
29 0.855 0 0 0 7.20669e-06 0 0 0 2.88268e-05 0.03509 0.000144134 0.0762602 0.000677429 0 0 0 0 14.7664 0.0107256 35.6444 0.106849
30 0.885 0 0 0 7.20669e-06 0 0 0.0265978 3.60334e-05 0.0163576 0.00015134 0.141712 0.000691842 0 0 0 0 4.60721 0.0116719 39.955 0.115068
31 0.915 0 0 0 7.20669e-06 0 0 0 3.60334e-05 0.0152263 0.000158547 0 0.000691842 0 0 0 0 12.8842 0.014511 24.9161 0.120548
32 0.945 0 0 0 7.20669e-06 0.0305794 7.20669e-06 0.0701651 5.76535e-05 0 0.000158547 0 0.000691842 0 0 0 0 6.70022 0.0160883 29.1578 0.127397
33 0.975 0 0 0 7.20669e-06 0 7.20669e-06 0 5.76535e-05 0.0134325 0.000165754 0 0.000691842 0 0 0 0 7.57785 0.0179811 27.3916 0.134247
34 1.005 0.000576777 1.44134e-05 0 7.20669e-06 0.0271251 1.44134e-05 0.0207698 6.48602e-05 0.0126848 0.000172961 0.110014 0.000706255 0 0 0 0 5.92394 0.0195584 41.2427 0.145205
35 1.035 0 1.44134e-05 0.00245304 1.44134e-05 0.0256068 2.16201e-05 0 6.48602e-05 0 0.000172961 0 0.000706255 0 0 0 0 4.48153 0.0208202 19.4976 0.150685
36 1.065 0.000514432 2.88268e-05 0.00232519 2.16201e-05 0 2.16201e-05 0.055425 8.64803e-05 0 0.000172961 0 0.000706255 0 0 0 0 2.11294 0.0214511 9.18561 0.153425
37 1.095 0 2.88268e-05 0 2.16201e-05 0.0684299 4.32401e-05 0.0174317 9.36869e-05 0 0.000172961 0.0461695 0.000713462 0 0 0 0 5.00468 0.0230284 30.3751 0.163014
38 1.125 0 2.88268e-05 0.00832929 5.04468e-05 0.0433018 5.76535e-05 0.0661271 0.000122514 0 0.000172961 0.0438133 0.000720669 0 0 0 0 3.79068 0.0242902 28.7897 0.172603
39 1.155 0.000436717 4.32401e-05 0.00395716 6.48602e-05 0.10274 9.36869e-05 0.0156412 0.00012972 0.00962551 0.000180167 0.12476 0.000742289 0 0 0 0 3.59051 0.0255521 31.2279 0.183562
40 1.185 0.000415407 5.76535e-05 0.00937759 0.000100894 0.0780401 0.000122514 0.0298117 0.000144134 0.0181822 0.000194581 0 0.000742289 0 0 0 0 2.56249 0.0264984 14.8223 0.189041
41 1.215 0.000395147 7.20669e-05 0.0107039 0.000144134 0.092742 0.000158547 0.0283927 0.000158547 0 0.000194581 0 0.000742289 0 0 1.32746 0.000515464 5.67364 0.0287066 35.2399 0.20274
42 1.245 0.00112988 0.000115307 0.0152617 0.000208994 0 0.000158547 0 0.000158547 0.00822538 0.000201787 0.0358943 0.000749496 0.158744 6.49351e-05 0 0.000515464 0.772182 0.0290221 30.2542 0.215068
43 1.275 0 0.000115307 0.0113379 0.000259441 0.0336221 0.000172961 0.0257427 0.000172961 0.015752 0.000216201 0.0681084 0.000763909 0 6.49351e-05 1.20158 0.00103093 4.42036 0.0309148 19.1839 0.223288
44 1.305 0.00102949 0.000158547 0.0169933 0.000338714 0.0483177 0.000194581 0.0246138 0.000187374 0.0524946 0.000266647 0.0326697 0.000771116 0 6.49351e-05 2.29939 0.00206186 2.81696 0.0321767 24.489 0.234247
45 1.335 0 0.000158547 0.0177301 0.000425195 0 0.000194581 0.0116894 0.000194581 0.0144087 0.000281061 0.031062 0.000778322 0 6.49351e-05 0 0.00206186 6.04913 0.0350158 17.5715 0.242466
46 1.365 0.000943332 0.000201787 0.0169561 0.000511675 0 0.000194581 0.033673 0.000216201 0.0961026 0.000381954 0.029812 0.000785529 0 6.49351e-05 1.05348 0.00257732 2.57751 0.0362776 8.39323 0.246575
47 1.395 0.00120239 0.000259441 0.0162459 0.000598155 0 0.000194581 0.0107538 0.000223407 0.0789415 0.000468435 0.0857394 0.000807149 0 6.49351e-05 2.00873 0.00360825 5.5438 0.0391167 21.4002 0.257534
48 1.425 0.0011526 0.000317094 0.0233376 0.000727875 0.040389 0.000216201 0.0719846 0.000273854 0.100826 0.000583742 0.0546161 0.000821562 0 6.49351e-05 4.83436 0.00618557 5.90542 0.0422713 12.8142 0.264384
49 1.455 0.00110237 0.000374748 0.0223965 0.000857596 0 0.000216201 0.0197495 0.000288268 0.114883 0.000720669 0.0524235 0.000835976 0 6.49351e-05 5.55648 0.00927835 4.52421 0.044795 22.1079 0.276712
50 1.485 0.00264852 0.000518882 0.0345765 0.00106659 0 0.000216201 0 0.000288268 0.214507 0.000987316 0.0505013 0.000850389 0.111585 0.00012987 3.55476 0.0113402 4.89641 0.0476341 11.814 0.283562
51 1.515 0.00203351 0.000634189 0.0218166 0.00120352 0.0476644 0.000245027 0.0273089 0.000309888 0.222802 0.00127558 0.0968266 0.000879216 0 0.00012987 5.12466 0.014433 6.79755 0.051735 11.3181 0.290411
52 1.545 0.00244903 0.000778322 0.0231454 0.00135486 0.0343917 0.000266647 0.0436881 0.000345921 0.144582 0.00147016 0.0465297 0.000893629 0 0.00012987 3.28994 0.0164948 6.02002 0.0555205 17.4376 0.30137
53 1.575 0.00353579 0.000994523 0.0403019 0.00162871 0.0773506 0.000317094 0.0168515 0.000360334 0.21658 0.00177285 0.0896757 0.000922456 0.198868 0.00025974 4.73418 0.0195876 4.83279 0.0586751 4.20488 0.30411
54 1.605 0.00226938 0.00113866 0.038802 0.00190257 0.181018 0.000439608 0.0405899 0.000396368 0.24831 0.00213318 0.0860277 0.000951283 0.479178 0.000584416 12.9402 0.0283505 4.19436 0.0615142 14.1475 0.313699
55 1.635 0.00262099 0.00131162 0.0334606 0.00214759 0.194598 0.000576535 0.0468702 0.000439608 0.172174 0.00239262 0.0622817 0.000972903 0.18519 0.000714286 12.4617 0.0371134 4.92897 0.0649842 5.84143 0.317808
56 1.665 0.00379348 0.00157106 0.038925 0.00244307 0.266772 0.000771116 0.082907 0.000518882 0.198328 0.00270251 0.0200699 0.00098011 0.444613 0.00103896 16.9548 0.0494845 6.49321 0.0697161 13.1523 0.327397
57 1.695 0.00345573 0.00181609 0.0421343 0.00277457 0.63895 0.00125396 0.0655469 0.000583742 0.244981 0.00309888 0.0772183 0.00100894 0.514593 0.00142857 23.8737 0.0675258 3.75394 0.0725552 7.25184 0.332877
58 1.725 0.00412037 0.00211877 0.0459957 0.00314932 0.856006 0.00192419 0.0703078 0.000655809 0.283688 0.00357452 0.0745946 0.00103776 0.497887 0.00181818 35.5362 0.0953608 4.42464 0.0760252 12.242 0.342466
59 1.755 0.00474472 0.0024791 0.0623682 0.00367541 1.32488 0.00299798 0.0747359 0.000735082 0.311432 0.00411502 0.0719051 0.00106659 0.400337 0.00214286 41.9882 0.129381 3.50237 0.0788644 11.8312 0.352055
60 1.785 0.00642252 0.00298357 0.0611368 0.00420871 1.86573 0.00456183 0.0722086 0.000814356 0.244753 0.00455463 0.0348753 0.001081 0.386928 0.00246753 44.2479 0.166495 4.13887 0.0823344 13.0621 0.363014
61 1.815 0.00727304 0.00357452 0.075122 0.00488613 1.72168 0.00605362 0.120542 0.000951283 0.260161 0.00503747 0.0505253 0.00110262 0.674947 0.00305195 56.491 0.215464 4.737 0.0864353 15.8055 0.376712
62 1.845 0.00961372 0.00438167 0.106698 0.00588066 2.10005 0.00793456 0.116576 0.00108821 0.229207 0.00547708 0.0815835 0.00113866 0.797461 0.00376623 48.9486 0.259278 2.81561 0.088959 27.5402 0.40137
63 1.875 0.0144609 0.00563563 0.148229 0.00730758 2.5312 0.0102767 0.101001 0.00121072 0.269174 0.00601038 0.0631074 0.00116748 1.05321 0.00474026 43.4741 0.299485 5.45318 0.0940063 25.1583 0.424658
64 1.905 0.0190024 0.00733641 0.178447 0.00908043 2.14293 0.0123234 0.149683 0.0013981 0.253654 0.00652926 0.122537 0.00122514 0.679344 0.00538961 43.1695 0.340722 5.6132 0.0993691 24.373 0.447945
65 1.935 0.026842 0.00981551 0.250385 0.011646 2.5018 0.0147881 0.195316 0.00165033 0.262997 0.00708417 0.0742332 0.00126117 0.593601 0.00597403 48.1466 0.388144 5.12547 0.104416 31.9932 0.479452
66 1.965 0.0447909 0.0140819 0.337466 0.0152133 2.26286 0.0170871 0.200227 0.00191698 0.304529 0.00774719 0.0861994 0.00130441 1.34184 0.00733766 41.1156 0.429897 2.79575 0.107256 21.5901 0.50137
67 1.995 0.0700349 0.020957 0.408121 0.0196598 2.12648 0.0193139 0.294208 0.00232055 0.350324 0.00853272 0.0975937 0.00135486 1.42665 0.00883117 36.4081 0.468041 3.91493 0.111356 22.2277 0.524658
68 2.025 0.112135 0.0323004 0.503905 0.0253171 1.89696 0.0213606 0.382303 0.00286106 0.467853 0.00961372 0.0675703 0.00139089 0.48134 0.00935065 25.3314 0.495361 2.92482 0.114511 17.7594 0.543836
69 2.055 0.180013 0.0510522 0.613911 0.0324157 2.03047 0.0236163 0.35119 0.00337273 0.62681 0.0111055 0.0787572 0.00143413 0.818091 0.0102597 22.7424 0.520619 3.97561 0.118927 33.2612 0.580822
70 2.085 0.288094 0.08194 0.782289 0.0417267 1.68179 0.0255405 0.51917 0.00415105 0.688366 0.0127919 0.14043 0.0015134 0.56722 0.0109091 23.4245 0.547423 3.58601 0.123028 13.17 0.59589
71 2.115 0.396146 0.125641 0.920402 0.052998 1.46351 0.0272629 0.667804 0.00518161 0.989341 0.0152854 0.0620595 0.00154944 0.55202 0.0115584 17.9502 0.568557 5.08704 0.129022 26.7698 0.627397
72 2.145 0.557777 0.188945 1.02712 0.065934 1.2024 0.0287187 0.908338 0.00662295 1.10059 0.0181392 0.145079 0.00163592 0.536925 0.0122078 16.1748 0.588144 5.21281 0.135331 12.4574 0.642466
73 2.175 0.773259 0.279173 1.21194 0.0816302 1.15195 0.0301528 0.83929 0.00799222 1.21637 0.0213822 0.0939865 0.00169357 0.574229 0.0129221 14.494 0.606186 5.57903 0.142271 8.80727 0.653425
74 2.205 0.964258 0.394811 1.36476 0.0997982 1.17167 0.0316518 0.988558 0.00964975 1.30728 0.024964 0.217269 0.0018305 0.507175 0.0135714 8.46093 0.61701 3.20423 0.146372 18.1941 0.676712
75 2.235 1.23446 0.546916 1.47935 0.120027 1.00885 0.0329778 1.17109 0.0116676 1.33144 0.0287114 0.300307 0.00202508 0.197639 0.0138312 6.26997 0.625258 4.79678 0.152681 19.8077 0.70274
76 2.265 1.46674 0.732531 1.63259 0.142959 0.822301 0.0340876 1.18936 0.013772 1.39329 0.03274 0.303004 0.00222687 0.336654 0.0142857 10.3041 0.639175 3.97057 0.158044 8.12555 0.713699
77 2.295 1.70975 0.95467 1.65873 0.166878 0.842677 0.0352551 1.45977 0.016424 1.41792 0.0369487 0.284417 0.00242145 0.515944 0.015 5.58248 0.646907 4.77852 0.164669 12.8432 0.731507
78 2.325 1.91742 1.21035 1.72043 0.192339 0.831076 0.036437 1.55388 0.0193211 1.4452 0.041352 0.503322 0.00277457 0.411409 0.0155844 7.24322 0.657216 3.32401 0.169401 6.73219 0.741096
79 2.355 2.12103 1.50052 1.70485 0.218226 0.750544 0.0375324 1.52605 0.0222398 1.60258 0.0463606 0.490752 0.0031277 0.0445864 0.0156494 3.88513 0.662887 4.32724 0.17571 11.2708 0.757534
80 2.385 2.28249 1.82078 1.72236 0.245049 0.630741 0.0384765 1.56475 0.0253099 1.48133 0.0511098 0.497837 0.00349524 0.303923 0.0161039 4.12765 0.669072 3.79086 0.181388 14.6331 0.779452
81 2.415 2.41248 2.16786 1.65957 0.271548 0.568325 0.0393485 1.75206 0.028834 1.38336 0.0556572 0.523779 0.00389161 0.169524 0.0163636 3.70142 0.674742 3.49384 0.186751 8.92518 0.793151
82 2.445 2.49545 2.53585 1.70768 0.299496 0.531393 0.0401845 1.61146 0.0321562 1.40517 0.060392 0.678214 0.0044177 0.37183 0.0169481 4.90808 0.682474 3.20858 0.191798 4.353 0.8
83 2.475 2.58493 2.92643 1.72065 0.328351 0.625943 0.0411934 1.62367 0.0355866 1.27359 0.0647881 0.807015 0.00505909 0.281716 0.0174026 5.11142 0.690722 4.89277 0.199685 6.7998 0.810959
84 2.505 2.58321 3.32628 1.59832 0.355809 0.484584 0.0419934 1.52201 0.0388801 1.30437 0.0694004 0.929306 0.0058158 0.157442 0.0176623 2.18539 0.69433 4.96784 0.207886 12.45 0.831507
85 2.535 2.56228 3.73244 1.58152 0.383634 0.532552 0.0428942 1.49941 0.0422024 1.25371 0.0739406 0.760164 0.00644999 0.307269 0.0181818 6.3991 0.705155 3.54402 0.21388 10.538 0.849315
86 2.565 2.55718 4.14745 1.50306 0.410709 0.474451 0.0437158 1.39453 0.0453661 1.24213 0.0785457 0.928558 0.00724272 0.225257 0.0185714 3.87255 0.711856 4.18927 0.221136 11.0757 0.868493
87 2.595 2.45206 4.55476 1.44357 0.437323 0.439246 0.0444941 1.13898 0.048011 1.24192 0.0832589 0.783573 0.00792736 0.219969 0.018961 4.65742 0.720103 4.44971 0.229022 7.7251 0.882192
88 2.625 2.39536 4.96191 1.39541 0.463649 0.465024 0.0453373 1.24376 0.0509657 1.21935 0.0879937 1.02331 0.00884261 0.179349 0.0192857 4.54756 0.728351 3.31061 0.235016 6.80081 0.894521
89 2.655 2.24971 5.3531 1.30483 0.48883 0.493325 0.0462525 1.05834 0.0535385 1.13199 0.0924906 0.906114 0.00967138 0.209885 0.0196753 4.16954 0.736082 3.73989 0.241956 12.5554 0.917808
90 2.685 2.17753 5.74033 1.25934 0.513686 0.478822 0.0471606 0.959389 0.0559239 1.12975 0.0970813 0.909064 0.0105218 0.205329 0.0200649 3.53 0.742784 3.82538 0.249211 10.8444 0.938356
91 2.715 2.04064 6.11137 1.1545 0.536985 0.386672 0.0479101 0.955506 0.0583526 1.25444 0.102292 0.934502 0.0114154 0.335416 0.0207143 4.248 0.751031 2.60107 0.254259 8.47279 0.954795
92 2.745 1.90808 6.46603 1.08651 0.559398 0.49435 0.0488902 0.895566 0.0606803 1.09295 0.106933 0.921543 0.0123162 0.360189 0.0214286 3.63894 0.758247 3.18226 0.260568 7.60278 0.969863
93 2.775 1.76378 6.80107 1.00871 0.580664 0.55836 0.0500216 0.862857 0.062972 0.989872 0.111228 0.973227 0.0132891 0.128001 0.0216883 3.05142 0.764433 2.95944 0.266562 6.75891 0.983562
94 2.805 1.67116 7.1254 0.938058 0.600872 0.522264 0.0511026 0.791278 0.0651196 1.03036 0.115797 1.12213 0.014435 0.250869 0.0222078 2.73862 0.770103 3.66213 0.274132 9.2677 1.00274
95 2.835 1.55787 7.43425 0.921693 0.621152 0.473817 0.0521044 0.719937 0.0671159 0.960948 0.12015 0.870879 0.015343 0.153629 0.0225325 2.44052 0.775258 3.43022 0.281388 7.12502 1.01781
96 2.865 1.44443 7.72669 0.829001 0.639781 0.554011 0.0533007 0.728157 0.069177 0.91286 0.124373 1.03487 0.0164457 0.300612 0.0231818 2.86296 0.781443 3.21133 0.288328 8.87689 1.03699
97 2.895 1.32694 8.00102 0.768897 0.657423 0.650507 0.0547348 0.780596 0.0714327 0.853081 0.128402 0.927939 0.0174546 0.235602 0.0237013 3.27018 0.78866 2.86176 0.294637 6.83633 1.05205
98 2.925 1.23747 8.26218 0.726449 0.674438 0.598617 0.0560824 0.647345 0.0733425 0.884794 0.132668 0.766109 0.018305 0.432345 0.0246753 4.80841 0.799485 3.36219 0.302208 4.86453 1.06301
99 2.955 1.14234 8.50823 0.646942 0.689903 0.627618 0.0575238 0.653329 0.0753099 0.815848 0.136682 0.807464 0.0192202 0.254 0.0252597 6.28127 0.813918 3.4329 0.310095 10.1329 1.0863
100 2.985 1.07012 8.74343 0.616013 0.704929 0.701086 0.0591669 0.722343 0.0775295 0.767866 0.140538 0.84097 0.0201931 0.387517 0.0261688 4.6148 0.824742 3.6356 0.318612 9.93983 1.10959
101 3.015 1.01621 8.97129 0.594841 0.719732 0.729166 0.0609109 0.659766 0.0795979 0.772363 0.144494 0.855349 0.0212021 0.35294 0.027013 3.8751 0.834021 3.16737 0.326183 8.59325 1.13014
102 3.045 0.908398 9.17906 0.543145 0.733518 0.673429 0.0625541 0.71206 0.0818752 0.791567 0.148631 0.628722 0.0219588 0.319612 0.0277922 4.22748 0.84433 3.623 0.335016 6.74205 1.14658
103 3.075 0.870713 9.38214 0.510359 0.746728 0.689556 0.0642692 0.689512 0.0841237 0.766876 0.152717 0.780885 0.0229173 0.548291 0.0291558 3.31644 0.852577 3.04463 0.342587 6.05672 1.16164
104 3.105 0.811704 9.57518 0.503717 0.760025 0.695979 0.0660349 0.773709 0.0866965 0.750698 0.156796 0.823665 0.0239478 0.307263 0.0299351 5.07891 0.865464 3.73155 0.35205 7.02118 1.17945
105 3.135 0.766062 9.7609 0.492543 0.773278 0.79144 0.0680816 0.682306 0.0890098 0.707919 0.160716 0.661192 0.024791 0.477321 0.0311688 3.39179 0.874227 4.14606 0.362776 6.35823 1.19589
106 3.165 0.72391 9.93977 0.45852 0.785853 0.809256 0.0702148 0.669532 0.0913231 0.7112 0.16473 0.681911 0.0256774 0.738882 0.0331169 4.11093 0.885052 3.82841 0.372871 6.75181 1.2137
107 3.195 0.666308 10.1075 0.451042 0.798458 0.786272 0.0723263 0.667505 0.0936725 0.680209 0.168644 0.701603 0.0266071 0.411304 0.0342208 4.79552 0.897938 4.92865 0.38612 6.12472 1.23014
108 3.225 0.655533 10.2757 0.430257 0.810709 0.895424 0.0747766 0.660755 0.0960435 0.689799 0.172687 0.73139 0.0275944 0.379845 0.0352597 4.14387 0.909278 5.76724 0.401893 2.5045 1.23699
109 3.255 0.62117 10.4381 0.440745 0.823494 0.814322 0.0770467 0.690385 0.0985659 0.687911 0.176794 0.592261 0.0284088 0.512818 0.0366883 5.5484 0.924742 4.64062 0.414826 3.43609 1.24658
110 3.285 0.593537 10.596 0.44222 0.83656 0.931452 0.0796916 0.697075 0.10116 0.715698 0.181147 0.581495 0.0292231 0.617548 0.0384416 4.54132 0.937629 7.77512 0.436909 6.27106 1.26438
111 3.315 0.580087 10.7533 0.425474 0.849359 0.897183 0.082286 0.684544 0.103755 0.77621 0.185954 0.76296 0.0303113 0.650681 0.0403247 4.28046 0.95 6.87274 0.456782 4.73492 1.27808
112 3.345 0.552531 10.9058 0.399957 0.86161 0.871575 0.0848515 0.726504 0.106558 0.764672 0.190775 0.66509 0.031277 0.683835 0.0423377 4.02883 0.961856 7.17417 0.477918 5.12844 1.29315
113 3.375 0.538844 11.0572 0.429844 0.875014 0.952222 0.0877054 0.698981 0.109304 0.767963 0.195705 0.702141 0.0323148 0.974327 0.0452597 3.43921 0.972165 6.20943 0.49653 3.65607 1.30411
114 3.405 0.538874 11.2113 0.441863 0.889039 0.989847 0.090725 0.692073 0.112071 0.766558 0.200713 0.589256 0.0332012 0.574269 0.047013 4.05481 0.984536 6.72174 0.517035 2.69001 1.31233
115 3.435 0.530396 11.3656 0.438434 0.9032 0.98664 0.0937878 0.784444 0.115264 0.738175 0.205621 0.536594 0.0340228 0.962351 0.05 2.82319 0.993299 7.31558 0.539748 4.41144 1.32603
116 3.465 0.518629 11.5192 0.445699 0.917851 0.994627 0.09693 0.748442 0.118363 0.732768 0.210579 0.619662 0.0349885 1.04836 0.0533117 4.57184 1.00773 7.29051 0.562776 7.37078 1.34932
117 3.495 0.517668 11.6752 0.450669 0.93292 1.04274 0.100281 0.725522 0.121418 0.712918 0.215487 0.581782 0.0359109 1.05075 0.0566883 3.68838 1.01959 6.77 0.584543 4.69443 1.36438
118 3.525 0.539395 11.8405 0.45636 0.948443 1.10452 0.103892 0.797012 0.124834 0.803889 0.221116 0.643696 0.0369487 1.05269 0.0601299 4.72992 1.03505 7.71938 0.609779 2.51346 1.3726
119 3.555 0.535412 12.0074 0.456582 0.96424 1.06627 0.107437 0.781907 0.128243 0.757974 0.226513 0.707544 0.038109 1.20995 0.0641558 2.63507 1.04381 7.77928 0.635647 4.93863 1.38904
120 3.585 0.544022 12.1799 0.504669 0.981998 1.11851 0.111221 0.790226 0.131745 0.753278 0.231969 0.708526 0.0392909 1.09463 0.0678571 3.50756 1.05567 6.99646 0.659306 3.23934 1.4
121 3.615 0.556208 12.3592 0.525332 1.00079 1.00378 0.114673 0.801103 0.135356 0.764257 0.237597 0.688431 0.0404583 1.02033 0.0713636 2.99856 1.06598 7.43278 0.684858 4.38548 1.41507
122 3.645 0.573207 12.547 0.51236 1.01943 0.991545 0.118139 0.836823 0.13919 0.750758 0.243219 0.701931 0.0416691 1.17026 0.0754545 3.68614 1.07887 7.85006 0.712303 4.31696 1.43014
123 3.675 0.583775 12.7415 0.534603 1.0392 1.0748 0.121959 0.758029 0.142721 0.73942 0.248847 0.793438 0.04306 0.968834 0.0788961 3.77235 1.09227 4.9698 0.729968 4.24847 1.44521
124 3.705 0.60348 12.9458 0.550219 1.05987 0.939835 0.125353 0.878326 0.14688 0.855228 0.255463 0.719928 0.0443428 1.24058 0.0833766 2.42829 1.10103 6.55131 0.753628 3.41522 1.45753
125 3.735 0.624674 13.1608 0.568717 1.08159 0.981615 0.128956 0.858265 0.151009 0.756206 0.261408 0.764496 0.0457264 1.07887 0.0873377 2.80687 1.11134 6.61851 0.777918 3.36322 1.46986
126 3.765 0.662956 13.3926 0.599474 1.10486 1.07449 0.132963 0.879897 0.155311 0.757614 0.267462 0.787268 0.047175 1.39317 0.0925325 4.00423 1.12629 5.07257 0.796845 3.67467 1.48356
127 3.795 0.679356 13.6339 0.594377 1.12829 1.01559 0.136812 0.889247 0.159729 0.78925 0.273869 0.763266 0.0486019 1.13059 0.0968182 4.21874 1.14227 6.41134 0.821136 3.61788 1.49726
128 3.825 0.715403 13.8921 0.618406 1.15306 0.977362 0.140574 0.906992 0.164305 0.817265 0.280607 0.778158 0.0500793 1.21392 0.101494 2.27335 1.15103 4.75134 0.839432 3.20708 1.50959
129 3.855 0.739386 14.1631 0.630059 1.1787 1.00444 0.144501 0.907008 0.168954 0.770871 0.287064 0.810948 0.0516431 1.41242 0.107013 3.55869 1.16495 6.77862 0.865931 0.349756 1.51096
130 3.885 0.777211 14.4525 0.659765 1.20596 0.983516 0.148407 0.901278 0.173645 0.790354 0.293788 0.809137 0.0532286 1.20947 0.111818 2.8569 1.17629 4.36746 0.883281 5.51742 1.53288
131 3.915 0.809512 14.7585 0.688194 1.23484 1.0775 0.152753 0.869795 0.178243 0.784354 0.300562 0.789656 0.0547997 1.41752 0.117532 2.42829 1.18608 6.1784 0.908202 1.0192 1.53699
132 3.945 0.836426 15.0796 0.696729 1.26452 1.04011 0.157012 0.961318 0.183403 0.820042 0.307754 0.706298 0.0562266 1.52278 0.123766 3.0183 1.19845 5.54689 0.930915 1.33791 1.54247
133 3.975 0.871479 15.4193 0.709192 1.2952 0.969127 0.161041 0.925759 0.188448 0.819946 0.315055 0.818983 0.0579057 1.15568 0.128571 2.97615 1.21082 5.46564 0.953628 3.29641 1.55616
134 4.005 0.904592 15.7772 0.730473 1.32728 1.01112 0.165307 0.984894 0.193896 0.792538 0.322218 0.879491 0.0597362 0.923612 0.132468 2.80969 1.22268 5.01036 0.974763 1.62349 1.56301
135 4.035 0.953381 16.1601 0.74419 1.36045 0.987455 0.169537 1.00342 0.199532 0.835028 0.329879 0.90028 0.0616388 1.12167 0.137273 2.5308 1.23351 4.71299 0.994953 3.521 1.57808
136 4.065 0.98079 16.5598 0.77273 1.39541 1.02599 0.173998 0.966172 0.205037 0.830269 0.337612 0.867111 0.0634981 1.16545 0.142338 3.55735 1.24897 4.13589 1.01293 1.89296 1.5863
137 4.095 1.01815 16.981 0.783622 1.43139 0.921263 0.178063 0.895819 0.210219 0.813639 0.345301 0.953676 0.0655737 1.41231 0.148571 2.91994 1.26186 3.50273 1.02839 0.933434 1.59041
138 4.125 1.04649 17.4203 0.800249 1.46867 1.04949 0.182762 0.947914 0.215783 0.825839 0.353221 0.825884 0.0673969 1.21813 0.154026 2.3035 1.27216 4.71979 1.04953 2.14177 1.6
139 4.155 1.07337 17.8774 0.841105 1.50842 1.01359 0.187367 0.962318 0.221512 0.857842 0.361567 1.05508 0.0697607 1.17302 0.159351 3.06663 1.28608 4.09538 1.06814 1.20845 1.60548
140 4.185 1.10875 18.3564 0.827987 1.54812 0.953997 0.191763 1.03685 0.227775 0.849819 0.369955 1.03349 0.0721101 1.25437 0.16513 2.68383 1.29845 4.24662 1.0877 1.48463 1.61233
141 4.215 1.14024 18.8561 0.857603 1.58983 1.0485 0.196663 0.956185 0.233634 0.851468 0.378481 0.968935 0.0743442 1.05605 0.170065 2.64849 1.31082 3.30466 1.10315 2.34154 1.62329
142 4.245 1.16023 19.3718 0.856772 1.6321 0.991 0.201362 1.01367 0.239932 0.853067 0.387143 0.9921 0.0766647 1.26006 0.176039 2.71917 1.32371 4.3915 1.12397 2.01922 1.63288
143 4.275 1.17456 19.9013 0.859117 1.67509 0.986137 0.206104 0.903335 0.245626 0.849494 0.395892 0.939106 0.0788916 1.24234 0.182013 3.32036 1.33969 2.69163 1.13691 3.41961 1.64932
144 4.305 1.21198 20.4553 0.87822 1.71965 1.0301 0.211127 0.958218 0.251751 0.87006 0.40498 0.98275 0.0812554 0.998399 0.186883 2.43221 1.35155 3.23647 1.15268 3.37402 1.66575
145 4.335 1.21493 21.0185 0.874772 1.76465 0.877328 0.215466 0.9906 0.258172 0.874517 0.41424 1.03143 0.0837705 1.35261 0.193571 3.4431 1.36856 2.42535 1.16467 2.77284 1.67945
146 4.365 1.24257 21.6025 0.888622 1.811 0.999094 0.220474 0.948795 0.264406 0.888704 0.423782 0.973139 0.0861776 1.32149 0.200195 2.36714 1.38041 3.90189 1.18423 1.09598 1.68493
147 4.395 1.24164 22.1941 0.887533 1.85794 0.950017 0.225303 0.942173 0.270683 0.880419 0.433367 0.850799 0.0883108 1.22677 0.206429 3.65149 1.39897 3.84903 1.20379 2.69373 1.69863
148 4.425 1.25456 22.8001 0.908357 1.90664 0.953942 0.230218 0.967992 0.27722 0.864682 0.442909 0.941201 0.0907034 1.26054 0.212922 3.19974 1.41546 3.18523 1.22019 0.531425 1.70137
149 4.455 1.27926 23.4264 0.914213 1.95631 0.970236 0.235284 0.931704 0.283598 0.885242 0.452811 1.04375 0.0933915 1.3551 0.22 2.46616 1.42835 2.29529 1.23218 1.8334 1.71096
150 4.485 1.27713 24.0601 0.894308 2.00556 0.90941 0.240098 0.914141 0.289939 0.906568 0.463087 1.03512 0.096094 1.06726 0.225649 2.8267 1.4433 2.80139 1.247 2.58535 1.72466
151 4.515 1.28136 24.7044 0.931823 2.05757 1.00506 0.245489 0.921501 0.296418 0.886448 0.47327 1.09504 0.0989911 1.35572 0.232922 3.3655 1.46134 1.76518 1.25647 2.04273 1.73562
152 4.545 1.28203 25.3576 0.925745 2.10992 0.906874 0.250418 0.940788 0.30312 0.885255 0.483576 0.965098 0.101578 1.26693 0.239805 2.46521 1.47474 3.01909 1.27287 2.26822 1.74795
153 4.575 1.28161 26.0193 0.933036 2.16339 0.893786 0.25534 0.946321 0.309952 0.878517 0.493939 0.997764 0.104288 1.08514 0.245779 2.52731 1.48866 2.69081 1.2877 2.2372 1.76027
154 4.605 1.2968 26.6977 0.909669 2.2162 0.871996 0.260205 0.926196 0.316727 0.876703 0.504418 1.02122 0.107099 1.26852 0.252857 2.31082 1.50155 2.65761 1.30252 1.96205 1.77123
155 4.635 1.28771 27.38 0.927172 2.27073 0.845234 0.264983 0.960946 0.323847 0.881597 0.515091 0.979643 0.10983 1.36722 0.260584 2.09669 1.5134 2.34409 1.31577 2.18323 1.78356
156 4.665 1.29375 28.0745 0.944206 2.32699 0.844467 0.269818 0.9131 0.3307 0.90425 0.526182 0.931461 0.11246 1.15668 0.267208 1.70966 1.5232 2.58861 1.3306 3.8281 1.80548
157 4.695 1.28498 28.7732 0.917455 2.38236 0.889678 0.274978 0.944999 0.337886 0.853987 0.53679 0.912235 0.115069 1.18628 0.274091 2.75435 1.53918 2.82916 1.347 1.65707 1.81507
158 4.725 1.278 29.477 0.938188 2.4397 0.831879 0.279865 0.942487 0.345143 0.873534 0.54778 0.905275 0.117692 1.20515 0.281169 1.58029 1.54845 1.93303 1.35836 3.26611 1.83425
159 4.755 1.26423 30.1821 0.931608 2.49737 0.809327 0.284679 0.902892 0.352184 0.877736 0.558965 0.972628 0.120546 1.21205 0.288377 1.90451 1.55979 2.65269 1.37413 2.07157 1.84658
160 4.785 1.2599 30.8937 0.921095 2.55511 0.8313 0.289687 0.924513 0.359484 0.861809 0.570085 0.897333 0.123213 1.01348 0.294481 2.48108 1.57474 2.56502 1.38959 2.50075 1.86164
161 4.815 1.25216 31.6098 0.91433 2.61314 0.823756 0.29471 0.905891 0.366727 0.88261 0.581616 0.922198 0.125987 1.38386 0.302922 2.36663 1.58918 2.22431 1.40315 1.79958 1.8726
162 4.845 1.23575 32.3253 0.903502 2.67121 0.79579 0.299625 0.892679 0.373955 0.891135 0.593406 0.958143 0.128906 1.16687 0.31013 1.83501 1.60052 2.04319 1.41577 2.21708 1.8863
163 4.875 1.22861 33.0455 0.883019 2.72866 0.887557 0.305174 0.940765 0.381666 0.823323 0.604432 0.834371 0.131479 1.18384 0.317532 2.30676 1.61495 2.47221 1.43123 0.875216 1.89178
164 4.905 1.22796 33.7743 0.871095 2.78603 0.778787 0.310104 0.84243 0.388657 0.871185 0.616244 0.909457 0.134318 1.35471 0.326104 1.87445 1.6268 2.69083 1.44826 1.7303 1.90274
165 4.935 1.19627 34.493 0.879606 2.84468 0.832224 0.315437 0.893124 0.396159 0.828542 0.627616 0.887124 0.137122 1.0944 0.333117 2.17157 1.64072 1.9701 1.46088 1.07065 1.90959
166 4.965 1.18314 35.2124 0.879756 2.90406 0.833335 0.320842 0.925765 0.404029 0.837777 0.639255 0.813117 0.139723 1.10137 0.34026 1.03454 1.64742 2.0438 1.47413 1.90056 1.92192
167 4.995 1.17629 35.9363 0.854353 2.96242 0.820026 0.326225 0.888559 0.411675 0.854485 0.651268 0.816954 0.142368 1.20691 0.348182 2.74724 1.66546 2.54857 1.49085 2.29809 1.93699
168 5.025 1.15705 36.657 0.869248 3.02251 0.824341 0.331702 0.819305 0.418809 0.863959 0.663563 0.897337 0.145308 1.19237 0.356104 1.16363 1.6732 1.94671 1.50379 1.02963 1.94384
169 5.055 1.14703 37.38 0.843365 3.08151 0.831811 0.337295 0.856161 0.426355 0.892794 0.67642 0.830061 0.148061 1.3329 0.365065 2.8368 1.69227 2.11077 1.51798 0.81617 1.94932
170 5.085 1.10424 38.0843 0.828666 3.14017 0.850569 0.343082 0.852576 0.433958 0.885264 0.68932 0.807631 0.150771 1.30773 0.373961 2.04557 1.70619 1.75941 1.52997 1.00756 1.95616
171 5.115 1.09859 38.7932 0.818231 3.19878 0.819749 0.348724 0.845856 0.44159 0.835391 0.701636 0.806527 0.15351 1.24557 0.382532 1.94731 1.71959 1.83208 1.54259 1.79091 1.96849
172 5.145 1.08333 39.5006 0.819973 3.2582 0.895938 0.354965 0.851666 0.449366 0.863776 0.714521 0.824404 0.156342 1.34262 0.391883 2.5897 1.73763 1.94709 1.55615 0.393608 1.97123
173 5.175 1.06984 40.2073 0.81116 3.31767 0.858057 0.361012 0.845012 0.457171 0.89342 0.728005 0.818917 0.159189 1.15212 0.4 2.41564 1.75464 1.97033 1.57003 0.582718 1.97534
174 5.205 1.03571 40.8995 0.786228 3.37599 0.934181 0.367671 0.825273 0.464882 0.842565 0.740869 0.764615 0.161877 1.55791 0.411104 2.31259 1.77113 2.47872 1.5877 0.57545 1.97945
175 5.235 1.01957 41.5887 0.773419 3.43402 0.89949 0.374157 0.804501 0.472485 0.862314 0.754187 0.834771 0.164846 1.22461 0.419935 1.71622 1.78351 2.27444 1.6041 1.71133 1.99178
176 5.265 0.994381 42.2686 0.770251 3.49247 0.932699 0.38096 0.795962 0.480095 0.850646 0.767476 0.79539 0.167707 1.39757 0.43013 1.55521 1.79485 2.20401 1.62019 1.50194 2.00274
177 5.295 0.979156 42.9458 0.774701 3.55193 0.932991 0.387842 0.810114 0.487929 0.82155 0.780455 0.770447 0.17051 1.21469 0.439091 1.18843 1.80361 1.9254 1.63438 1.67135 2.01507
178 5.325 0.964643 43.6205 0.735734 3.60904 0.919628 0.394703 0.813504 0.495885 0.842905 0.793925 0.787227 0.173407 1.39253 0.449481 2.14218 1.81959 2.36792 1.65205 1.65233 2.0274
179 5.355 0.936076 44.2826 0.739031 3.66707 0.952271 0.401888 0.819821 0.503993 0.86245 0.807862 0.863607 0.176622 1.22236 0.458701 1.77535 1.83299 1.92355 1.66656 1.08885 2.03562
180 5.385 0.927221 44.9458 0.729302 3.72496 1.00593 0.409563 0.837407 0.512367 0.852466 0.821793 0.685609 0.179201 1.5151 0.47026 2.02812 1.84845 2.48021 1.68549 1.97254 2.05068
181 5.415 0.911093 45.6048 0.724655 3.78314 0.973424 0.417073 0.789583 0.520352 0.880974 0.836351 0.787901 0.182199 1.57416 0.482403 1.60333 1.86082 1.96377 1.70063 0.354946 2.05342
182 5.445 0.900378 46.2633 0.718361 3.84145 0.937645 0.424387 0.807044 0.528603 0.81527 0.849971 0.741684 0.185053 1.38969 0.493247 1.45287 1.87216 2.06212 1.71672 1.23047 2.06301
183 5.475 0.876271 46.9112 0.714063 3.90004 0.993372 0.432221 0.842119 0.537309 0.845866 0.864262 0.798352 0.188159 1.26821 0.503247 1.56743 1.88454 2.1211 1.73344 0.867994 2.06986
184 5.505 0.864522 47.5574 0.703038 3.95837 1.02399 0.440386 0.837818 0.546065 0.855785 0.878877 0.758638 0.191143 1.22987 0.513052 2.13283 1.90155 2.7692 1.75552 2.06193 2.0863
185 5.535 0.854166 48.2029 0.705236 4.01753 1.04876 0.44884 0.816315 0.554692 0.896579 0.894357 0.704942 0.193946 1.39367 0.524286 1.66325 1.91495 2.26999 1.77382 0.509525 2.09041
186 5.565 0.838024 48.8431 0.705084 4.07731 0.983522 0.456854 0.79556 0.563188 0.867914 0.909506 0.709975 0.1968 1.52196 0.536688 1.58119 1.92784 2.09182 1.79085 1.00852 2.09863
187 5.595 0.833187 49.4864 0.689912 4.13643 1.06744 0.465646 0.821062 0.572052 0.870182 0.924856 0.595988 0.199222 1.4503 0.548636 1.31491 1.93866 1.45565 1.80284 0.829837 2.10548
188 5.625 0.829719 50.134 0.699115 4.19699 1.08457 0.474676 0.837369 0.581191 0.888383 0.940696 0.719743 0.202176 1.57526 0.561753 1.11563 1.94794 2.19778 1.82114 1.81248 2.12055
189 5.655 0.826135 50.7856 0.68887 4.2573 1.11182 0.48403 0.829769 0.590343 0.908932 0.957077 0.670194 0.204958 1.40444 0.573571 1.89934 1.96392 1.76166 1.83596 0.978503 2.12877
190 5.685 0.828152 51.4458 0.69246 4.31857 1.09247 0.493319 0.834762 0.599647 0.951567 0.974409 0.689047 0.207848 1.48166 0.586169 1.75914 1.97887 2.41107 1.85647 0.966678 2.13699
191 5.715 0.82484 52.1104 0.705464 4.38165 1.09275 0.50271 0.834958 0.609052 0.906856 0.9911 0.659595 0.210644 1.60209 0.599935 2.04056 1.99639 1.50543 1.8694 1.11373 2.14658
192 5.745 0.828131 52.7846 0.708664 4.44568 1.07729 0.512064 0.815996 0.618341 0.961257 1.00898 0.689874 0.213599 1.45795 0.612597 1.66251 2.01082 1.81642 1.88517 1.26094 2.15753
193 5.775 0.827364 53.4652 0.698671 4.50948 1.09076 0.521634 0.86525 0.628293 0.965476 1.02713 0.714372 0.216691 1.65004 0.627078 2.17389 2.0299 1.61898 1.89937 1.40605 2.16986
194 5.805 0.831342 54.1562 0.711584 4.57512 1.09816 0.531371 0.805501 0.637655 0.957501 1.04531 0.657506 0.219566 1.40585 0.639545 1.74461 2.04536 2.13511 1.9183 0.925401 2.17808
195 5.835 0.83641 54.8586 0.70603 4.64093 1.1086 0.541302 0.852569 0.647665 0.992322 1.06435 0.698025 0.222651 1.80495 0.655714 1.89883 2.06237 2.00744 1.93628 0.916198 2.1863
196 5.865 0.849623 55.5795 0.71308 4.70809 1.13231 0.551549 0.84128 0.657646 0.870641 1.08123 0.720081 0.225865 1.5141 0.669416 1.59429 2.0768 1.67252 1.95142 1.21129 2.19726
197 5.895 0.854053 56.3116 0.746181 4.77908 1.0334 0.560997 0.858714 0.667937 0.893514 1.09872 0.67275 0.228899 1.54802 0.683571 1.69108 2.09227 1.62192 1.96625 1.04815 2.20685
198 5.925 0.862653 57.0586 0.760618 4.85218 1.0213 0.570431 0.911367 0.678971 0.800637 1.11456 0.819419 0.232632 1.2236 0.69487 1.22737 2.10361 2.05046 1.98517 2.52049 2.23014
199 5.955 0.882154 57.8303 0.813435 4.93115 0.996501 0.579728 0.940971 0.69048 0.785784 1.13027 0.88008 0.236682 1.30145 0.707013 1.26986 2.11546 1.38627 1.99811 1.61491 2.24521
200 5.985 0.891536 58.618 0.813851 5.01096 1.00227 0.589176 0.927043 0.701931 0.798337 1.14638 0.928751 0.240999 1.39206 0.72013 1.42199 2.12887 1.84109 2.01546 1.59626 2.26027
410000 200
1 0.015 0 0 0 0 0 0 0 0 0 0 0 0 0 0 0 0 0 0 0 0
2 0.045 0 0 0 0 0 0 0 0 0 0 0 0 0 0 0 0 0 0 0 0
3 0.075 0 0 0 0 0 0 0 0 0 0 0 0 0 0 0 0 0 0 0 0
4 0.105 0 0 0 0 0 0 0 0 0 0 0 0 0 0 0 0 0 0 0 0
5 0.135 0 0 0 0 0 0 0 0 0 0 0 0 0 0 0 0 0 0 0 0
6 0.165 0 0 0 0 0 0 0 0 0 0 0 0 0 0 0 0 0 0 0 0
7 0.195 0 0 0 0 0 0 0 0 0 0 0 0 0 0 0 0 0 0 0 0
8 0.225 0 0 0 0 0 0 0 0 0 0 0 0 0 0 0 0 0 0 0 0
9 0.255 0 0 0 0 0 0 0 0 0 0 0 0 0 0 0 0 0 0 0 0
10 0.285 0 0 0 0 0 0 0 0 0 0 0 0 0 0 0 0 0 0 0 0
11 0.315 0 0 0 0 0 0 0 0 0 0 0 0 0 0 0 0 0 0 0 0
12 0.345 0 0 0 0 0 0 0 0 0 0 1.38247 2.16201e-05 0 0 0 0 0 0 0 0
13 0.375 0 0 0 0 0 0 0 0 0 0 1.17151 4.32401e-05 0 0 0 0 0 0 0 0
14 0.405 0 0 0 0 0 0 0 0 0 0 4.01693 0.00012972 0 0 0 0 0 0 0 0
15 0.435 0 0 0 0 0 0 0 0 0 0 2.61555 0.000194581 0 0 0 0 0 0 27.0752 0.00136986
16 0.465 0 0 0 0 0 0 0 0 0.0587106 7.20669e-06 1.52178 0.000237821 0 0 0 0 0 0 47.8669 0.00410959
17 0.495 0 0 0 0 0 0 0 0 0 7.20669e-06 2.47413 0.000317094 0 0 0 0 0 0 63.1633 0.00821918
18 0.525 0 0 0 0 0 0 0 0 0 7.20669e-06 0.999724 0.000353128 0 0 0 0 0 0 74.9176 0.0136986
19 0.555 0 0 0 0 0 0 0 0 0 7.20669e-06 1.60716 0.000417988 0 0 0 0 0 0 33.4255 0.0164384
20 0.585 0 0 0 0 0 0 0 0 0.0369523 1.44134e-05 0.965135 0.000461228 0 0 0 0 0 0 150.231 0.030137
21 0.615 0 0 0 0 0 0 0 0 0.0336642 2.16201e-05 1.31137 0.000526088 0 0 0 0 0 0 68.2398 0.0369863
22 0.645 0 0 0 0 0 0 0 0 0.0303343 2.88268e-05 0.396968 0.000547708 0 0 0 0 0 0 99.1389 0.0479452
23 0.675 0 0 0 0 0 0 0 0 0.0555446 4.32401e-05 0.362924 0.000569328 0 0 0 0 2.59004 0.000315457 67.7633 0.0561644
24 0.705 0 0 0 0 0 0 0 0 0.0511653 5.76535e-05 0 0.000569328 0 0 0 0 7.13607 0.00126183 114.269 0.0712329
25 0.735 0 0 0 0 0 0 0 0 0.0468925 7.20669e-05 0.102064 0.000576535 0 0 0 0 2.19491 0.00157729 47.8166 0.0780822
26 0.765 0 0 0 0 0 0 0 0 0.0432802 8.64803e-05 0 0.000576535 0 0 0 0 12.1531 0.00347003 44.0323 0.0849315
27 0.795 0 0 0 0 0 0 0 0 0.0200555 9.36869e-05 0 0.000576535 0 0 0 0 9.41094 0.00504732 57.2996 0.0945205
28 0.825 0 0 0 0 0 0 0 0 0 9.36869e-05 0.0805217 0.000583742 0 0 0 0 6.98457 0.00630915 53.049 0.10411
29 0.855 0 0 0 0 0 0 0 0 0 9.36869e-05 0 0.000583742 0 0 0 0 8.14948 0.00788644 28.2409 0.109589
30 0.885 0 0 0 0 0 0 0 0 0 9.36869e-05 0 0.000583742 0 0 0 0 6.05666 0.00914826 13.198 0.112329
31 0.915 0 0 0 0 0 0 0.0739961 2.16201e-05 0 9.36869e-05 0 0.000583742 0 0 0 0 7.10515 0.0107256 43.0641 0.121918
32 0.945 0 0 0.00291533 7.20669e-06 0.0909293 2.16201e-05 0.0232344 2.88268e-05 0 9.36869e-05 0 0.000583742 0 0 0 0 6.66305 0.0123028 40.3772 0.131507
33 0.975 0 0 0 7.20669e-06 0.057021 3.60334e-05 0.0436912 4.32401e-05 0 9.36869e-05 0.115506 0.000598155 0 0 0 0 1.25671 0.0126183 21.7093 0.136986
34 1.005 0 0 0 7.20669e-06 0.0266941 4.32401e-05 0.0204617 5.04468e-05 0 9.36869e-05 0 0.000598155 0 0 0 0 7.05278 0.014511 30.6647 0.145205
35 1.035 0 0 0 7.20669e-06 0.0507671 5.76535e-05 0.0386516 6.48602e-05 0.0118069 0.000100894 0.0514271 0.000605362 0 0 0 0 7.76098 0.0167192 24.0085 0.152055
36 1.065 0.000505945 1.44134e-05 0.00691729 2.88268e-05 0.0476542 7.20669e-05 0.0364385 7.92736e-05 0.0111512 0.0001081 0.0488192 0.000612568 0 0 0 0 2.10188 0.0173502 45.3966 0.165753
37 1.095 0 1.44134e-05 0.0043171 4.32401e-05 0.0455267 8.64803e-05 0.0172889 8.64803e-05 0.0104742 0.000115307 0.0458068 0.000619775 0 0 0 0 1.99001 0.0179811 25.8062 0.173973
38 1.125 0.000459759 2.88268e-05 0.00616615 6.48602e-05 0.107269 0.000122514 0.0162144 9.36869e-05 0.03003 0.000136927 0.0867985 0.000634189 0 0 0 0 1.86286 0.018612 20.413 0.180822
39 1.155 0.000870964 5.76535e-05 0.00587417 8.64803e-05 0 0.000122514 0.0156189 0.000100894 0.00950235 0.000144134 0.0822165 0.000648602 0 0 1.45829 0.000515464 4.43423 0.0201893 23.2561 0.189041
40 1.185 0.000412492 7.20669e-05 0.0129622 0.000136927 0.0193692 0.00012972 0.0147626 0.0001081 0.0180569 0.000158547 0.039269 0.000655809 0 0 0 0.000515464 2.52989 0.0211356 22.0477 0.19726
41 1.215 0.000783048 0.000100894 0.00886144 0.000172961 0.0552472 0.00015134 0 0.0001081 0.0601559 0.000208994 0.0369434 0.000663015 0 0 0 0.000515464 2.40471 0.022082 13.9611 0.20274
42 1.245 0.000375905 0.000115307 0.0134842 0.000230614 0.0874498 0.000187374 0 0.0001081 0.0326998 0.000237821 0.0354344 0.000670222 0 0 1.26032 0.00103093 6.14598 0.0246057 23.3674 0.212329
43 1.275 0.000713251 0.000144134 0.0176419 0.000309888 0.0333263 0.000201787 0.0255163 0.000122514 0.0312697 0.000266647 0.0678253 0.000684635 0 0 2.38662 0.00206186 4.38402 0.0264984 19.051 0.220548
44 1.305 0.00136318 0.000201787 0.0229773 0.000417988 0.0478194 0.000223407 0 0.000122514 0.0519899 0.000317094 0.0645064 0.000699049 0 0 0 0.00206186 4.87287 0.0287066 15.137 0.227397
45 1.335 0.00130358 0.000259441 0.0161006 0.000497261 0 0.000223407 0.0233587 0.000136927 0.0354439 0.000353128 0.0924703 0.000720669 0 0 0 0.00206186 3.32458 0.0302839 17.3611 0.235616
46 1.365 0.00155096 0.000331508 0.0251588 0.000626982 0.014471 0.000230614 0.0222227 0.00015134 0.0954458 0.000454021 0 0.000720669 0.131906 6.49351e-05 3.13501 0.00360825 6.38873 0.0334385 16.6537 0.243836
47 1.395 0.00238356 0.000446815 0.0334786 0.000807149 0.0140164 0.000237821 0.0212082 0.000165754 0.10418 0.000569328 0 0.000720669 0 6.49351e-05 0 0.00360825 7.93454 0.0375394 5.30885 0.246575
48 1.425 0.00143039 0.000518882 0.0397345 0.00103056 0.0134504 0.000245027 0.0305971 0.000187374 0.156066 0.000749496 0 0.000720669 0.120689 0.00012987 0 0.00360825 4.08126 0.0397476 20.359 0.257534
49 1.455 0.00136733 0.000590948 0.0320589 0.00121793 0.0127067 0.000252234 0.0195586 0.000201787 0.0837179 0.000850389 0.0777207 0.000742289 0 0.00012987 5.48938 0.00670103 5.04996 0.0425868 4.86492 0.260274
50 1.485 0.00105046 0.000648602 0.0437289 0.00148458 0 0.000252234 0.00943615 0.000208994 0.172253 0.00106659 0.0499469 0.000756702 0 0.00012987 3.52442 0.00876289 9.70732 0.048265 7.02671 0.264384
51 1.515 0.00151127 0.000735082 0.0386604 0.00172961 0.0472777 0.000281061 0.0451037 0.000245027 0.138133 0.00124676 0.0241087 0.000763909 0.106353 0.000194805 5.92326 0.0123711 5.1746 0.0514196 11.2269 0.271233
52 1.545 0.00194205 0.000850389 0.0436921 0.00201787 0 0.000281061 0.0261182 0.000266647 0.212447 0.00153502 0.0230798 0.000771116 0 0.000194805 3.26054 0.014433 3.98745 0.0539432 10.7613 0.278082
53 1.575 0.00444536 0.00112424 0.035779 0.0022629 0.043738 0.000309888 0.0416783 0.000302681 0.163203 0.00176564 0.0663229 0.000792736 0.294671 0.00038961 4.70286 0.0175258 5.25528 0.0574132 6.25309 0.282192
54 1.605 0.00247237 0.00128279 0.0506555 0.00262323 0.105458 0.000381954 0.0322659 0.000331508 0.245732 0.00212597 0.106564 0.000828769 0.0945607 0.000454545 11.2765 0.0252577 5.08396 0.0608833 13.9921 0.291781
55 1.635 0.00303774 0.00148458 0.0419153 0.00293312 0.142111 0.000482848 0.0773287 0.000403575 0.265442 0.00252955 0.0206282 0.000835976 0.0915193 0.000519481 13.8185 0.0350515 3.99958 0.0637224 11.579 0.3
56 1.665 0.00334556 0.00171519 0.0564916 0.00336552 0.361888 0.000749496 0.0822191 0.000482848 0.210274 0.00286106 0.098779 0.000872009 0.177178 0.000649351 24.5087 0.0530928 1.71578 0.0649842 11.1746 0.308219
57 1.695 0.0054466 0.00210435 0.0563037 0.00381234 0.670449 0.00126117 0.086361 0.000569328 0.256013 0.00327904 0.0766078 0.000900836 0.169526 0.000779221 25.6479 0.0726804 4.97013 0.0687697 26.9639 0.328767
58 1.725 0.00486861 0.00246469 0.0604749 0.0043096 0.793425 0.00188815 0.0626455 0.000634189 0.229653 0.0036682 0.0368707 0.000915249 0.577436 0.00123377 41.7416 0.10567 6.40069 0.073817 20.8011 0.345205
59 1.755 0.00394113 0.00276737 0.0745794 0.00494379 1.18079 0.00285385 0.0941221 0.000735082 0.201559 0.00402133 0.0357499 0.000929663 0.556981 0.00168831 36.5718 0.135567 4.24337 0.0772871 15.0659 0.357534
60 1.785 0.00635749 0.00327184 0.0802711 0.00565004 1.7195 0.0043096 0.0975476 0.000843182 0.222793 0.00442491 0.0346579 0.000944076 0.537381 0.00214286 37.7807 0.167526 6.71735 0.0829653 12.9494 0.368493
61 1.815 0.00808906 0.00393485 0.0807587 0.00638513 2.00201 0.00606082 0.0818886 0.000936869 0.211566 0.00482127 0.08362 0.00098011 0.520978 0.0025974 43.6006 0.20567 3.24385 0.0858044 29.7401 0.394521
62 1.845 0.0102152 0.00479965 0.116512 0.00748054 2.47183 0.0082949 0.133781 0.00109542 0.219736 0.00524647 0.0485658 0.00100173 0.50079 0.00305195 49.6294 0.250515 6.63295 0.0917981 10.6245 0.40411
63 1.875 0.0121912 0.00586624 0.162624 0.00905881 2.65588 0.010774 0.147262 0.00127558 0.255952 0.00575814 0.0469113 0.00102335 0.696445 0.0037013 52.4722 0.299485 4.73598 0.0962145 32.2798 0.434247
64 1.905 0.0141977 0.00714903 0.209898 0.0111632 2.54237 0.0132243 0.188049 0.0015134 0.251511 0.00627703 0.166908 0.00110262 0.539188 0.00422078 43.3697 0.341237 3.92844 0.1 22.7675 0.456164
65 1.935 0.0244177 0.00942635 0.253537 0.0137864 2.35518 0.0155664 0.210067 0.00178726 0.24351 0.00679591 0.161709 0.0011819 1.50098 0.00571429 45.1067 0.386082 3.80191 0.103785 28.972 0.484932
66 1.965 0.0359948 0.0128856 0.327041 0.0172744 2.44568 0.0180744 0.225493 0.00208994 0.275628 0.00740127 0.0713963 0.00121793 0.444399 0.00616883 43.258 0.430412 6.16251 0.110095 13.381 0.49863
67 1.995 0.0630259 0.0191265 0.412262 0.0218074 2.24955 0.0204526 0.228767 0.00240703 0.318382 0.00812194 0.13861 0.00129 0.736282 0.00694805 28.7885 0.460825 6.55907 0.117035 28.5282 0.528767
68 2.025 0.0874555 0.0280484 0.478425 0.0272269 2.04487 0.0226794 0.313235 0.00285385 0.426542 0.00911646 0.0403901 0.00131162 0.717085 0.00772727 21.7726 0.484536 2.60015 0.119874 11.3035 0.541096
69 2.055 0.153478 0.044177 0.612657 0.0343759 1.74084 0.0246325 0.392352 0.00343038 0.56076 0.0104641 0.038808 0.00133324 0.866947 0.0087013 27.1096 0.514948 5.04628 0.125552 26.8847 0.571233
70 2.085 0.230907 0.0691554 0.737059 0.0432257 1.6102 0.0264918 0.490781 0.00417267 0.63541 0.0120352 0.1141 0.0013981 0.956303 0.00980519 19.2023 0.537113 4.64533 0.130915 18.9825 0.593151
71 2.115 0.334343 0.106371 0.860834 0.0538628 1.47435 0.028243 0.624897 0.00514558 0.832743 0.0141539 0.122888 0.00147016 0.766635 0.0107143 19.5309 0.560309 3.98034 0.135647 18.4126 0.615068
72 2.145 0.494878 0.16303 1.00381 0.0666258 1.30927 0.0298429 0.679503 0.00623378 1.03805 0.0168709 0.0716311 0.0015134 0.690383 0.0115584 13.4959 0.576804 2.8408 0.139117 16.8237 0.635616
73 2.175 0.654854 0.240127 1.11702 0.0812266 1.25696 0.0314212 0.866804 0.00766071 1.10586 0.0198472 0.0817374 0.00156385 0.259509 0.0118831 11.4877 0.591237 6.27188 0.147003 12.0075 0.650685
74 2.205 0.867414 0.345085 1.24736 0.0979821 1.04409 0.0327688 0.928499 0.00923177 1.34802 0.0235731 0.204201 0.00169357 0.55288 0.0125974 7.97752 0.601546 6.35418 0.155205 24.4309 0.682192
75 2.235 1.1126 0.483425 1.45507 0.118067 0.864456 0.0339147 1.0699 0.0110911 1.46397 0.0277313 0.176542 0.00180888 0.439429 0.0131818 9.7157 0.614433 4.52102 0.161199 14.4594 0.70137
76 2.265 1.39924 0.662093 1.52524 0.139687 0.847045 0.0350677 1.2553 0.0133324 1.37825 0.0317527 0.193222 0.0019386 0.476441 0.0138312 10.5914 0.628866 4.85529 0.167823 18.0655 0.726027
77 2.295 1.65145 0.878611 1.64041 0.163563 0.746846 0.0361127 1.47064 0.0160277 1.3811 0.0358893 0.271818 0.00212597 0.324929 0.0142857 6.62899 0.638144 6.54986 0.176972 8.79907 0.738356
78 2.325 1.89875 1.13412 1.71333 0.189154 0.778718 0.0372297 1.44747 0.0187518 1.4743 0.0404223 0.325496 0.00235659 0.270881 0.0146753 3.9397 0.643814 5.50975 0.184858 14.2911 0.758904
79 2.355 2.15682 1.4319 1.73302 0.215711 0.645495 0.038181 1.38152 0.0214183 1.51661 0.0452076 0.377329 0.00263044 0.264541 0.0150649 7.34037 0.654639 5.56436 0.19306 13.9476 0.779452
80 2.385 2.32147 1.76064 1.73202 0.24293 0.658657 0.0391756 1.75042 0.0248847 1.44982 0.0498991 0.464069 0.00297636 0.214493 0.0153896 4.43946 0.66134 2.91681 0.197476 14.501 0.80137
81 2.415 2.47932 2.12064 1.67634 0.269948 0.656558 0.0401917 1.59337 0.0281205 1.44053 0.0546771 0.490922 0.00335111 0.126284 0.0155844 3.31964 0.666495 5.49435 0.205994 7.09297 0.812329
82 2.445 2.58913 2.50598 1.65654 0.297312 0.571875 0.0410997 1.75601 0.0317743 1.40286 0.059448 0.580213 0.00380513 0.368248 0.0161688 4.54231 0.673711 5.96455 0.215457 12.9101 0.832877
83 2.475 2.66163 2.91192 1.63282 0.32495 0.5538 0.0420006 1.65627 0.0353056 1.29051 0.0639449 0.790839 0.00443932 0.39952 0.0168182 5.37875 0.682474 4.2656 0.222397 12.6376 0.853425
84 2.505 2.72072 3.33698 1.54825 0.351794 0.475981 0.0427933 1.52092 0.0386278 1.27172 0.0684852 0.701364 0.00501585 0.0389888 0.0168831 9.89163 0.698969 5.48989 0.231546 7.4206 0.865753
85 2.535 2.72142 3.7724 1.51659 0.378726 0.507106 0.0436581 1.49146 0.0419645 1.32136 0.0733136 0.753237 0.00565004 0.15295 0.0171429 4.22857 0.706186 5.73012 0.241325 11.2431 0.884932
86 2.565 2.65046 4.20654 1.45996 0.405268 0.507629 0.0445445 1.30868 0.0449625 1.23995 0.0779547 0.9279 0.00644999 0.298337 0.0176623 4.12942 0.713402 4.86918 0.249842 6.2883 0.89589
87 2.595 2.58186 4.63943 1.40964 0.4315 0.435375 0.0453229 1.2664 0.0479317 1.21751 0.0826175 0.907667 0.00724993 0.181543 0.017987 4.89641 0.722165 4.22801 0.257413 12.265 0.917808
88 2.625 2.49206 5.06699 1.37695 0.457718 0.453385 0.0461516 1.1743 0.0507495 1.12908 0.0870424 0.806007 0.0079778 0.249476 0.0184416 5.63498 0.732474 5.00289 0.266562 10.4799 0.936986
89 2.655 2.37647 5.48407 1.30217 0.483079 0.415619 0.04693 1.09278 0.0534304 1.21494 0.0919141 0.843207 0.00875613 0.276897 0.018961 3.30944 0.73866 4.05261 0.274132 0.725405 0.938356
90 2.685 2.24419 5.88687 1.25075 0.507992 0.485419 0.0478596 0.930507 0.0557654 1.20072 0.0968363 1.02281 0.00972182 0.440262 0.0198052 3.50858 0.745361 3.46502 0.280757 5.01014 0.947945
91 2.715 2.12072 6.27606 1.13519 0.531111 0.438221 0.0487172 0.912183 0.0581075 1.12102 0.101535 0.791477 0.0104857 0.364914 0.0205195 2.89181 0.751031 3.86814 0.288328 8.41798 0.964384
92 2.745 1.98923 6.64924 1.03983 0.55276 0.482702 0.0496829 0.818729 0.0602551 1.04264 0.106003 0.861656 0.0113361 0.258866 0.021039 5.67984 0.762371 4.25405 0.296845 8.9087 0.982192
93 2.775 1.83174 7.0004 0.989037 0.573804 0.51458 0.0507351 0.757782 0.0622874 1.09735 0.11081 0.843428 0.0121865 0.158565 0.0213636 2.77334 0.768041 4.47791 0.305994 4.01739 0.990411
94 2.805 1.69259 7.33194 0.896402 0.593291 0.530964 0.0518449 0.734178 0.0642981 1.03704 0.115451 0.950902 0.0131666 0.217717 0.0218182 2.96686 0.774227 3.92429 0.314196 5.25633 1.00137
95 2.835 1.5899 7.65006 0.827916 0.611675 0.499857 0.0529115 0.703593 0.0662655 0.923651 0.119674 0.896734 0.0141107 0.274966 0.0224026 3.14193 0.780928 6.35852 0.32776 7.05394 1.01644
96 2.865 1.45541 7.94745 0.791523 0.629627 0.594927 0.0542087 0.683693 0.0682185 0.941787 0.12407 0.985293 0.0151701 0.178635 0.0227922 3.07468 0.787629 4.34333 0.337224 6.90585 1.03151
97 2.895 1.34217 8.22749 0.696779 0.645762 0.557143 0.0554483 0.676913 0.0701931 0.878563 0.128257 0.932178 0.0161934 0.408621 0.0237013 5.32621 0.799485 3.97168 0.346057 6.15564 1.04521
98 2.925 1.23519 8.49057 0.666471 0.661516 0.564741 0.056731 0.604956 0.0719948 0.798233 0.132142 0.919597 0.017224 0.427732 0.0246753 5.22678 0.81134 4.16609 0.355521 9.65882 1.06712
99 2.955 1.13704 8.73773 0.612459 0.67629 0.587355 0.0580931 0.62101 0.073883 0.785212 0.136041 0.98287 0.0183482 0.279988 0.0253247 3.10896 0.818557 2.71885 0.36183 9.43509 1.08904
100 2.985 1.05443 8.97163 0.580784 0.690588 0.679334 0.0597002 0.624714 0.0758216 0.80621 0.140127 0.815121 0.0192995 0.439215 0.0263636 3.26709 0.826289 3.06839 0.369085 6.36595 1.10411
101 3.015 0.968431 9.19078 0.533843 0.703993 0.62115 0.0611992 0.664939 0.0779259 0.797677 0.144249 0.913918 0.0203877 0.349161 0.0272078 2.56203 0.832474 3.26416 0.376972 6.81492 1.12055
102 3.045 0.893237 9.39693 0.500391 0.716813 0.658631 0.0628207 0.649827 0.0800231 0.716133 0.148025 0.765339 0.0213174 0.448471 0.0283117 4.60084 0.843814 3.07804 0.384543 3.34214 1.12877
103 3.075 0.824392 9.59096 0.46999 0.729086 0.70884 0.0646007 0.661521 0.0821995 0.704772 0.151816 0.913372 0.0224488 0.310327 0.0290909 4.52 0.855155 3.39143 0.39306 6.00352 1.14384
104 3.105 0.778595 9.77782 0.464289 0.741453 0.678176 0.0663376 0.652762 0.0843903 0.721635 0.155773 0.827768 0.0234938 0.634978 0.0307143 4.22344 0.865979 4.93456 0.405678 6.42618 1.16027
105 3.135 0.731798 9.95683 0.439284 0.75338 0.808803 0.0684491 0.598255 0.086437 0.662698 0.159477 0.694648 0.0243874 0.597597 0.0322727 3.95352 0.876289 3.74912 0.415457 2.628 1.16712
106 3.165 0.683155 10.1272 0.422068 0.765062 0.788139 0.0705463 0.626369 0.0886206 0.711982 0.163534 0.796357 0.0254324 0.439959 0.0334416 3.1021 0.884536 5.57575 0.430284 9.28834 1.19178
107 3.195 0.641877 10.2903 0.416553 0.776809 0.840388 0.0728236 0.709786 0.091143 0.706152 0.167635 0.679043 0.0263404 0.598063 0.0350649 4.56677 0.896907 5.82082 0.446057 2.5307 1.19863
108 3.225 0.60852 10.4478 0.396533 0.788203 0.87166 0.0752306 0.674914 0.093586 0.700346 0.171779 0.608007 0.0271692 0.704918 0.037013 5.78489 0.912887 6.05931 0.462776 6.4374 1.21644
109 3.255 0.57293 10.5989 0.395144 0.799769 0.87088 0.0776809 0.691907 0.0961372 0.728392 0.176167 0.654332 0.0280773 0.600962 0.0387013 5.50209 0.928351 5.26864 0.477603 3.40757 1.22603
110 3.285 0.553832 10.7477 0.388306 0.811343 0.890712 0.0802321 0.66223 0.0986235 0.747982 0.180758 0.657888 0.0290069 1.04043 0.0416883 4.85321 0.942268 7.70626 0.499685 2.86953 1.23425
111 3.315 0.542422 10.896 0.390007 0.823184 0.963433 0.0830427 0.63123 0.101038 0.661931 0.184895 0.695826 0.0300086 0.69038 0.0437013 2.65872 0.95 7.23724 0.52082 5.15215 1.24932
112 3.345 0.526058 11.0425 0.387211 0.835154 0.963229 0.0859037 0.625424 0.103474 0.713701 0.189435 0.57566 0.0308518 0.70006 0.0457792 3.9884 0.961856 6.57549 0.540379 4.13283 1.26164
113 3.375 0.514011 11.1882 0.387456 0.847348 1.02884 0.089017 0.66528 0.106111 0.688497 0.193896 0.555678 0.0316806 0.837644 0.0483117 4.95061 0.976804 8.44661 0.565931 4.08569 1.27397
114 3.405 0.492487 11.3304 0.423387 0.860911 1.07153 0.0923177 0.767751 0.10921 0.644705 0.198148 0.654864 0.0326751 0.632417 0.0502597 4.35191 0.990206 6.14995 0.584858 5.33909 1.29041
115 3.435 0.493818 11.4754 0.414404 0.874416 1.04872 0.0956039 0.708807 0.112122 0.692627 0.202796 0.62016 0.0336336 0.809268 0.0527922 4.27398 1.00361 7.85118 0.609464 2.6258 1.29863
116 3.465 0.487447 11.621 0.413411 0.888131 1.00368 0.0988037 0.750125 0.115257 0.684034 0.207466 0.614264 0.0345993 0.997724 0.055974 4.68993 1.01856 7.62561 0.633754 3.43549 1.30959
117 3.495 0.496978 11.7721 0.436124 0.902847 0.984534 0.101996 0.720271 0.118319 0.742551 0.212626 0.581192 0.035529 1.00109 0.0592208 4.12601 1.03196 6.99938 0.656467 4.64191 1.32466
118 3.525 0.494553 11.9251 0.432667 0.9177 1.01971 0.105362 0.741821 0.121526 0.790412 0.218211 0.646423 0.0365811 0.944041 0.0623377 4.05976 1.04536 8.22069 0.683596 6.22487 1.34521
119 3.555 0.497688 12.0816 0.458663 0.933713 1.03722 0.108843 0.742252 0.124791 0.765937 0.223717 0.648902 0.0376549 0.96811 0.0655844 3.22443 1.05619 7.42598 0.708517 4.48486 1.36027
120 3.585 0.507059 12.2438 0.465346 0.950238 0.992548 0.11223 0.787978 0.128315 0.725487 0.229021 0.719411 0.0388657 1.2173 0.0697403 3.62415 1.06856 6.10308 0.729338 4.01395 1.37397
121 3.615 0.524704 12.4145 0.489569 0.967916 0.987024 0.115653 0.771673 0.131825 0.760115 0.234671 0.669165 0.0400115 0.766766 0.0724026 4.00808 1.08247 6.44575 0.751735 1.97263 1.38082
122 3.645 0.533977 12.5911 0.496328 0.986134 1.05225 0.119364 0.794865 0.1355 0.777313 0.240545 0.56721 0.0409988 0.791176 0.0751948 4.53271 1.09845 6.52976 0.774763 1.9453 1.38767
123 3.675 0.557659 12.7785 0.522181 1.00562 1.04085 0.123097 0.916614 0.13981 0.779437 0.246534 0.798318 0.0424114 1.08631 0.0790909 2.73477 1.10825 6.59527 0.798423 3.43462 1.4
124 3.705 0.582143 12.9774 0.547976 1.02641 1.01797 0.126809 0.856601 0.143903 0.77809 0.252609 0.733168 0.0437302 0.960865 0.0825974 3.11243 1.11959 5.45368 0.818297 4.50692 1.41644
125 3.735 0.624917 13.1944 0.551768 1.04767 0.972518 0.130412 0.906491 0.148306 0.757429 0.258619 0.804726 0.0452003 1.1043 0.0866883 2.92462 1.13041 6.21544 0.841325 1.84302 1.42329
126 3.765 0.62592 13.4153 0.570288 1.07001 0.953422 0.134001 0.944991 0.152969 0.762569 0.264767 0.729718 0.0465552 0.914308 0.0901299 3.28748 1.14278 6.45593 0.865615 3.27511 1.43562
127 3.795 0.671323 13.656 0.602623 1.09398 0.940478 0.137597 0.964699 0.157805 0.779468 0.271152 0.897644 0.0482488 1.20553 0.0947403 2.83654 1.15361 5.20109 0.885489 3.22864 1.44795
128 3.825 0.69225 13.9081 0.621265 1.1191 1.04381 0.141655 0.912606 0.162453 0.801801 0.277825 0.710906 0.0496108 1.15353 0.0992208 1.72465 1.16031 4.95318 0.904732 2.1117 1.45616
129 3.855 0.727734 14.1773 0.633568 1.14511 1.01173 0.145647 0.893234 0.167073 0.770098 0.284333 0.817524 0.0512035 1.11839 0.103636 2.87714 1.17165 4.47766 0.922397 2.4272 1.46575
130 3.885 0.764275 14.4644 0.645713 1.17204 1.08427 0.149993 0.953781 0.172081 0.758076 0.29084 0.707257 0.0526016 1.21653 0.108506 1.80579 1.17887 5.50461 0.944479 2.05279 1.47397
131 3.915 0.797382 14.7687 0.662471 1.20009 1.0357 0.154209 0.937184 0.177083 0.814998 0.297946 0.754257 0.054115 1.13189 0.113117 1.51958 1.18505 5.42703 0.966562 3.02479 1.4863
132 3.945 0.839315 15.0938 0.680315 1.22935 1.04991 0.158547 0.965683 0.182315 0.800653 0.30503 0.883733 0.0559167 1.3976 0.118896 3.36379 1.19897 5.0396 0.987382 3.9734 1.50274
133 3.975 0.881989 15.4408 0.715408 1.26058 0.994867 0.16272 0.874054 0.187122 0.785147 0.312086 0.808344 0.0575886 1.09847 0.123506 2.57727 1.20979 4.81203 1.00757 2.94558 1.51507
134 4.005 0.920339 15.8083 0.730736 1.29297 0.984665 0.166914 0.980048 0.192592 0.835738 0.31971 0.816492 0.0593038 1.18953 0.128571 4.59495 1.22938 3.92847 1.02429 1.61094 1.52192
135 4.035 0.948346 16.1927 0.74357 1.32641 1.00537 0.17126 0.989575 0.198198 0.814802 0.327256 0.81463 0.0610406 1.26075 0.134026 3.21688 1.2433 4.51856 1.04385 1.5829 1.52877
136 4.065 0.994641 16.6018 0.751656 1.36073 1.0312 0.175786 0.982131 0.203848 0.842638 0.335176 0.922644 0.0630369 1.30173 0.13974 2.58579 1.25464 2.94747 1.05678 2.81246 1.5411
137 4.095 1.0329 17.033 0.777989 1.39678 1.08272 0.180607 0.973726 0.209534 0.800453 0.342808 0.790844 0.0647737 0.903885 0.143766 3.12618 1.26856 3.60847 1.07287 1.22548 1.54658
138 4.125 1.07471 17.4883 0.78437 1.43366 1.05596 0.185378 0.981642 0.21535 0.850497 0.351038 0.876699 0.0667267 1.2206 0.149286 2.96386 1.28196 4.0502 1.09117 0.908554 1.55068
139 4.155 1.11005 17.9655 0.79631 1.47164 1.08668 0.190357 0.994297 0.221325 0.856452 0.359448 0.825179 0.0685933 1.16183 0.15461 2.80963 1.29485 3.71822 1.1082 2.99238 1.56438
140 4.185 1.14825 18.4661 0.801456 1.51043 0.934567 0.194703 0.96508 0.227205 0.883062 0.368247 0.923662 0.070712 0.961729 0.159091 2.8825 1.30825 3.52552 1.12461 0.883028 1.56849
141 4.215 1.1737 18.9853 0.844069 1.55186 0.999083 0.199416 0.989195 0.233324 0.839372 0.37673 0.97559 0.0729821 1.25219 0.165 3.27721 1.32371 3.14231 1.13943 1.73778 1.57671
142 4.245 1.19003 19.5191 0.847402 1.59405 0.991126 0.204158 0.996309 0.239572 0.832532 0.385262 0.942906 0.075209 1.26217 0.171039 3.65889 1.34124 2.83707 1.153 2.00609 1.5863
143 4.275 1.22172 20.075 0.835823 1.63626 1.11243 0.209556 0.968615 0.245734 0.888957 0.394501 0.939367 0.0774575 1.07076 0.176234 3.82233 1.35979 3.18474 1.16845 2.26179 1.59726
144 4.305 1.24518 20.6496 0.855186 1.68004 0.988451 0.214421 1.02333 0.252335 0.917613 0.404173 0.93489 0.0797276 0.884419 0.180584 3.66797 1.37784 2.56719 1.18107 2.50132 1.60959
145 4.335 1.2556 21.237 0.877084 1.72558 0.980528 0.219314 1.01232 0.258958 0.832033 0.413066 0.898828 0.08194 1.40563 0.187597 2.37843 1.38969 3.22443 1.19716 2.74865 1.62329
146 4.365 1.26952 21.8392 0.888202 1.77235 1.00013 0.224373 0.919449 0.265055 0.897091 0.422788 1.0083 0.0844552 1.11649 0.193247 3.15652 1.40567 2.18 1.2082 1.89537 1.63288
147 4.395 1.26739 22.4487 0.868157 1.81868 0.99485 0.229475 0.963598 0.271534 0.894784 0.432617 0.991261 0.0869631 1.12604 0.199026 2.30778 1.41753 2.6456 1.22177 2.13518 1.64384
148 4.425 1.28891 23.077 0.889441 1.8668 0.967253 0.234506 1.03384 0.278582 0.896898 0.442606 1.06259 0.0896872 1.18653 0.205195 3.07068 1.43351 3.21791 1.23849 0.789604 1.64795
149 4.455 1.29274 23.7157 0.866675 1.91433 0.981837 0.23968 0.973311 0.285306 0.883061 0.452573 0.945297 0.0921447 1.17039 0.211364 3.13567 1.45 1.37529 1.24574 2.86753 1.66301
150 4.485 1.29924 24.3664 0.908648 1.96483 0.919997 0.244595 0.948856 0.29195 0.908917 0.462972 0.95207 0.0946526 1.04538 0.216948 2.51051 1.4634 2.77695 1.26057 2.04993 1.67397
151 4.515 1.29574 25.0239 0.924673 2.01691 0.926469 0.249611 0.967453 0.298818 0.863408 0.472982 0.944748 0.097175 1.13985 0.223117 2.47516 1.4768 2.85633 1.27603 1.26543 1.68082
152 4.545 1.30789 25.6965 0.908951 2.06879 0.88671 0.254475 0.96735 0.305773 0.913308 0.483713 0.942936 0.0997261 1.11234 0.229221 1.78589 1.4866 2.81835 1.29148 2.74762 1.69589
153 4.575 1.29983 26.3738 0.890243 2.12027 0.858362 0.259246 0.95956 0.312763 0.886606 0.494271 1.00451 0.102479 1.21666 0.235974 2.13546 1.49845 2.95354 1.30789 1.97062 1.70685
154 4.605 1.29519 27.0576 0.89957 2.17297 0.893429 0.264276 0.940149 0.319703 0.930281 0.505491 0.962439 0.105153 1.11795 0.242273 2.83771 1.51443 2.35057 1.32114 1.70678 1.71644
155 4.635 1.29914 27.7524 0.904421 2.22666 0.857723 0.26917 0.946543 0.32678 0.896047 0.516438 0.909114 0.107711 1.29761 0.249675 2.25851 1.52732 2.26803 1.33407 1.43871 1.72466
156 4.665 1.28841 28.4504 0.900469 2.28081 0.767051 0.273602 0.930553 0.333828 0.867329 0.527176 0.935388 0.110378 1.28047 0.257078 3.3006 1.54639 1.79888 1.34448 2.13441 1.73699
157 4.695 1.28924 29.1579 0.898765 2.33555 0.797956 0.278272 0.92703 0.340941 0.854135 0.537886 0.891127 0.11295 1.28732 0.26461 2.8173 1.56289 2.31542 1.35804 3.04318 1.75479
158 4.725 1.28761 29.8735 0.904777 2.39136 0.80361 0.283035 0.897657 0.347917 0.879115 0.549049 0.95176 0.115732 1.34752 0.272597 2.78123 1.57938 1.81115 1.36877 1.84866 1.76575
159 4.755 1.27561 30.5915 0.906814 2.44801 0.791285 0.287785 0.950449 0.355398 0.899896 0.560623 0.978323 0.118629 1.15736 0.279545 1.6325 1.58918 2.57232 1.38423 1.13946 1.7726
160 4.785 1.26563 31.313 0.894681 2.50461 0.775434 0.292498 0.858318 0.362237 0.872694 0.571988 0.915659 0.121375 1.17475 0.286688 1.86647 1.60052 2.69676 1.40063 1.79931 1.78356
161 4.815 1.25577 32.0377 0.894149 2.56188 0.784307 0.297326 0.896632 0.369472 0.826402 0.582884 1.03679 0.124524 1.3616 0.295065 1.34131 1.60876 1.94974 1.41262 2.22572 1.79726
162 4.845 1.24389 32.7646 0.890786 2.61965 0.809367 0.302371 0.906879 0.376881 0.870031 0.594501 0.914126 0.127335 1.20853 0.302597 1.40466 1.61753 1.87401 1.42429 3.7336 1.82055
163 4.875 1.23432 33.4949 0.868123 2.67666 0.807193 0.307466 0.917355 0.38447 0.873969 0.606313 0.921719 0.130203 1.08084 0.309416 2.69235 1.63454 2.25047 1.43849 1.95104 1.83288
164 4.905 1.22053 34.2259 0.883846 2.73541 0.796235 0.312554 0.904581 0.392044 0.829125 0.617656 0.857557 0.132906 1.26922 0.317532 2.25917 1.64897 2.31755 1.45331 1.07 1.83973
165 4.935 1.2136 34.9617 0.860468 2.79332 0.795666 0.3177 0.864515 0.399373 0.817771 0.628985 0.917136 0.135832 1.27627 0.325779 1.35297 1.65773 2.3898 1.46877 1.05996 1.84658
166 4.965 1.19267 35.6937 0.842012 2.85067 0.809249 0.322997 0.891076 0.407019 0.882532 0.641359 0.828015 0.138505 1.3298 0.334481 1.8129 1.66959 2.5072 1.48517 2.08957 1.86027
167 4.995 1.17137 36.4212 0.845701 2.90897 0.839768 0.32856 0.883833 0.414694 0.851142 0.653438 0.908614 0.141474 1.17645 0.342273 2.41248 1.68557 2.57361 1.50221 1.65637 1.87123
168 5.025 1.16861 37.1558 0.847242 2.96809 0.83511 0.33416 0.824826 0.421944 0.815527 0.665148 0.824011 0.144199 1.49115 0.352273 1.46315 1.69536 2.02519 1.51577 0.612929 1.87534
169 5.055 1.14568 37.8846 0.819077 3.02592 0.846816 0.339903 0.801333 0.429072 0.851841 0.67753 0.775078 0.146793 1.38799 0.361688 1.74726 1.70722 1.62701 1.52681 1.81454 1.88767
170 5.085 1.12187 38.6068 0.814798 3.08413 0.851233 0.345748 0.891878 0.4371 0.843224 0.689932 0.804172 0.149517 1.16301 0.369675 2.70236 1.72577 2.24729 1.54227 1.40128 1.89726
171 5.115 1.10968 39.3295 0.80545 3.14235 0.842087 0.3516 0.830062 0.44466 0.830546 0.702292 0.837203 0.152385 1.24385 0.378312 1.63268 1.73711 2.36243 1.55868 0.98553 1.90411
172 5.145 1.09387 40.0504 0.786485 3.19988 0.827317 0.357416 0.824998 0.452263 0.807412 0.714449 0.796125 0.155146 1.49642 0.388831 2.12448 1.75206 1.92966 1.57224 1.94878 1.91781
173 5.175 1.06449 40.7601 0.772897 3.25706 0.885613 0.363714 0.81089 0.459823 0.831314 0.727112 0.762132 0.157819 1.33372 0.398312 1.59388 1.7634 2.08529 1.58707 1.15476 1.92603
174 5.205 1.03751 41.4598 0.784732 3.3158 0.920538 0.370337 0.843617 0.467779 0.838191 0.740026 0.715107 0.160356 1.25512 0.407338 1.79457 1.77629 1.44764 1.59748 0.762722 1.93151
175 5.235 1.02477 42.1589 0.759556 3.37332 0.865525 0.376636 0.775151 0.475173 0.815034 0.752731 0.707056 0.162893 1.40068 0.417532 1.77149 1.78918 2.25388 1.61388 1.12763 1.93973
176 5.265 0.994723 42.8454 0.749638 3.43074 0.917183 0.383389 0.857466 0.483446 0.841531 0.765999 0.821726 0.165876 1.43804 0.428117 1.96231 1.80361 2.70187 1.63375 1.11902 1.94795
177 5.295 0.969851 43.5223 0.739012 3.48799 0.949506 0.390458 0.821772 0.491467 0.830625 0.779245 0.751697 0.168636 1.36031 0.438247 1.7316 1.81649 2.28754 1.65079 2.02847 1.96301
178 5.325 0.951667 44.1941 0.72132 3.54451 0.926527 0.397434 0.811879 0.499481 0.846259 0.792894 0.692792 0.171209 1.62114 0.450455 1.70979 1.82938 1.884 1.66498 0.911027 1.96986
179 5.355 0.93996 44.8651 0.718301 3.60142 0.95793 0.404728 0.773454 0.507199 0.821953 0.806299 0.706321 0.173861 1.47671 0.461688 1.28625 1.83918 2.06786 1.68076 1.08037 1.97808
180 5.385 0.913881 45.5248 0.696795 3.65725 0.998472 0.412417 0.783314 0.515105 0.875615 0.820741 0.751355 0.176715 1.45046 0.472857 1.60815 1.85155 1.96661 1.6959 2.13837 1.99452
181 5.415 0.897789 46.1801 0.686315 3.71285 0.970916 0.419977 0.782468 0.52309 0.843851 0.834816 0.698301 0.179396 1.15107 0.481818 1.58849 1.86392 2.75453 1.71735 1.58191 2.00685
182 5.445 0.884288 46.8327 0.688917 3.76928 1.0078 0.427912 0.793986 0.531284 0.838894 0.848962 0.619997 0.181803 1.31187 0.492143 1.43999 1.87526 1.84517 1.73186 1.56401 2.01918
183 5.475 0.864008 47.4774 0.68919 3.82635 1.02406 0.436062 0.73696 0.538974 0.863573 0.863686 0.670291 0.184434 1.4849 0.503961 1.87823 1.89021 2.29849 1.75016 1.0301 2.0274
184 5.505 0.849542 48.1183 0.683188 3.88356 1.0004 0.444112 0.791872 0.547326 0.880201 0.878856 0.626791 0.18692 1.43619 0.515519 2.05243 1.9067 2.07835 1.76688 1.8742 2.04247
185 5.535 0.834883 48.755 0.681992 3.94129 1.03298 0.452515 0.826577 0.55614 0.836408 0.893428 0.685832 0.189673 1.62826 0.528766 1.52192 1.91907 1.89923 1.78233 0.674192 2.04795
186 5.565 0.83098 49.3956 0.676638 3.99919 1.07081 0.461322 0.783471 0.564586 0.880874 0.908943 0.653808 0.192325 1.46864 0.540844 1.4437 1.93093 2.14821 1.8 0.999827 2.05616
187 5.595 0.815312 50.0309 0.667324 4.0569 1.06476 0.470172 0.801836 0.573321 0.913621 0.925209 0.687369 0.195143 1.44407 0.552857 1.92137 1.94691 2.20319 1.8183 1.65232 2.06986
188 5.625 0.809699 50.6686 0.670694 4.11552 1.09614 0.479382 0.833954 0.582502 0.868197 0.940833 0.655658 0.19786 1.34475 0.564156 1.84127 1.96237 2.51737 1.83943 1.30739 2.08082
189 5.655 0.810247 51.3136 0.675271 4.17518 1.07427 0.488505 0.830056 0.591741 0.889235 0.957005 0.664181 0.200641 1.41427 0.576169 1.82039 1.97784 1.77994 1.85457 1.77238 2.09589
190 5.685 0.795473 51.9535 0.669892 4.235 1.04866 0.497506 0.807766 0.600829 0.934744 0.974186 0.708287 0.203639 1.40003 0.588182 2.10092 1.99588 1.61955 1.86845 1.28042 2.10685
191 5.715 0.794636 52.5996 0.671684 4.2956 1.08362 0.506904 0.832248 0.610291 0.881792 0.990566 0.687526 0.20658 1.39314 0.60026 2.31883 2.01598 2.21731 1.8877 1.42431 2.11918
192 5.745 0.796749 53.2542 0.672579 4.35694 1.13232 0.516828 0.824903 0.619768 0.91589 1.00776 0.675279 0.209498 1.49655 0.613377 1.52783 2.02938 2.26606 1.90757 0.782581 2.12603
193 5.775 0.802066 53.92 0.683525 4.41993 1.05965 0.526211 0.808564 0.629151 0.961663 1.026 0.645056 0.212316 1.51041 0.626753 1.22169 2.04021 1.74553 1.92303 1.54687 2.13973
194 5.805 0.816568 54.6049 0.687752 4.48396 1.06634 0.535752 0.819507 0.638765 0.951046 1.04423 0.66636 0.215257 1.73525 0.642273 1.55582 2.05412 1.55279 1.93691 1.5338 2.15342
195 5.835 0.818907 55.2989 0.68 4.54792 1.10115 0.545705 0.847808 0.648811 0.957246 1.06276 0.638006 0.218103 1.64479 0.657143 1.99605 2.07216 2.30228 1.95773 1.21386 2.16438
196 5.865 0.828466 56.0083 0.691779 4.61367 1.09665 0.555722 0.844048 0.658915 0.878484 1.07995 0.662124 0.221087 1.48588 0.670714 1.58046 2.0866 1.58835 1.97224 1.35071 2.17671
197 5.895 0.832319 56.7284 0.721194 4.68291 1.06379 0.565538 0.84481 0.669134 0.827667 1.09631 0.722399 0.224373 1.3723 0.683377 1.39429 2.09948 1.60684 1.98707 1.63634 2.19178
198 5.925 0.85037 57.4714 0.755623 4.7562 0.989631 0.574762 0.905399 0.680196 0.80675 1.11242 0.805631 0.228077 1.48327 0.697208 0.774786 2.1067 1.69344 2.00284 2.35475 2.2137
199 5.955 0.8654 58.2354 0.793949 4.834 1.00017 0.584181 0.896106 0.691258 0.844327 1.12945 0.884114 0.232185 1.50947 0.711429 1.64216 2.12216 1.67561 2.01861 1.89147 2.23151
200 5.985 0.88147 59.0214 0.815891 4.91475 0.95778 0.593291 0.926484 0.702811 0.797005 1.14568 0.912306 0.236466 1.31809 0.723961 1.35424 2.13505 1.72659 2.03502 2.01301 2.25068
420000 200
1 0.015 0 0 0 0 0 0 0 0 0 0 0 0 0 0 0 0 0 0 0 0
2 0.045 0 0 0 0 0 0 0 0 0 0 0 0 0 0 0 0 0 0 0 0
3 0.075 0 0 0 0 0 0 0 0 0 0 0 0 0 0 0 0 0 0 0 0
4 0.105 0 0 0 0 0 0 0 0 0 0 0 0 0 0 0 0 0 0 0 0
5 0.135 0 0 0 0 0 0 0 0 0 0 0 0 0 0 0 0 0 0 0 0
6 0.165 0 0 0 0 0 0 0 0 0 0 0 0 0 0 0 0 0 0 0 0
7 0.195 0 0 0 0 0 0 0 0 0 0 0 0 0 0 0 0 0 0 0 0
8 0.225 0 0 0 0 0 0 0 0 0 0 0 0 0 0 0 0 0 0 0 0
9 0.255 0 0 0 0 0 0 0 0 0 0 0 0 0 0 0 0 0 0 0 0
10 0.285 0 0 0 0 0 0 0 0 0 0 0 0 0 0 0 0 0 0 0 0
11 0.315 0 0 0 0 0 0 0 0 0 0 0 0 0 0 0 0 0 0 0 0
12 0.345 0 0 0 0 0 0 0 0 0 0 0.459819 7.20669e-06 0 0 0 0 0 0 0 0
13 0.375 0 0 0 0 0 0 0 0 0 0 2.34196 5.04468e-05 0 0 0 0 0 0 0 0
14 0.405 0 0 0 0 0 0 0 0 0 0 3 0.000115307 0 0 0 0 0 0 0 0
15 0.435 0 0 0 0 0 0 0 0 0 0 3.47026 0.000201787 0 0 0 0 0 0 0 0
16 0.465 0 0 0 0 0 0 0 0 0 0 3.54882 0.000302681 0 0 0 0 0 0 23.8741 0.00136986
17 0.495 0 0 0 0 0 0 0 0 0 0 2.45885 0.000381954 0 0 0 0 0 0 104.789 0.00821918
18 0.525 0 0 0 0 0 0 0 0 0 0 0.995644 0.000417988 0 0 0 0 0 0 93.3277 0.0150685
19 0.555 0 0 0 0 0 0 0 0 0 0 1.42246 0.000475641 0 0 0 0 0 0 116.748 0.0246575
20 0.585 0 0 0 0 0 0 0 0 0.0366982 7.20669e-06 0.800763 0.000511675 0 0 0 0 0 0 120.273 0.0356164
21 0.615 0 0 0 0 0 0 0 0 0 7.20669e-06 1.01306 0.000562122 0 0 0 0 0 0 108.603 0.0465753
22 0.645 0 0 0 0 0 0 0.0494725 7.20669e-06 0.0910626 2.88268e-05 0.395437 0.000583742 0 0 0 0 0 0 172.652 0.0657534
23 0.675 0 0 0 0 0 0 0 7.20669e-06 0.0276455 3.60334e-05 0.120416 0.000590948 0 0 0 0 2.59469 0.000315457 101.443 0.0780822
24 0.705 0 0 0 0 0 0 0 7.20669e-06 0 3.60334e-05 0.220967 0.000605362 0 0 0 0 2.38333 0.000630915 82.6814 0.0890411
25 0.735 0 0 0 0 0 0 0 7.20669e-06 0.0466637 5.04468e-05 0.203667 0.000619775 0 0 0 0 4.38497 0.00126183 19.0173 0.0917808
26 0.765 0 0 0 0 0 0 0 7.20669e-06 0 5.04468e-05 0.0931987 0.000626982 0 0 0 0 4.03885 0.00189274 96.5391 0.106849
27 0.795 0 0 0 0 0 0 0 7.20669e-06 0 5.04468e-05 0.259853 0.000648602 0 0 0 0 13.1173 0.00410095 65.0841 0.117808
28 0.825 0 0 0 0 0 0 0 7.20669e-06 0.0370927 6.48602e-05 0.0803683 0.000655809 0 0 0 0 8.67809 0.00567823 30.1853 0.123288
29 0.855 0 0 0 0 0 0 0 7.20669e-06 0 6.48602e-05 0.150112 0.000670222 0 0 0 0 12.94 0.00820189 49.1619 0.132877
30 0.885 0 0 0 0 0 0 0.0789403 2.88268e-05 0.0322759 7.92736e-05 0 0.000670222 0 0 0 0 15.1098 0.0113565 59.0235 0.145205
31 0.915 0.0006883 1.44134e-05 0 0 0.0643688 1.44134e-05 0.0245856 3.60334e-05 0 7.92736e-05 0 0.000670222 0 0 0 0 2.82957 0.0119874 18.4161 0.149315
32 0.945 0 1.44134e-05 0 0 0.0304188 2.16201e-05 0.0461287 5.04468e-05 0 7.92736e-05 0.122333 0.000684635 0 0 0 0 13.2613 0.015142 11.5034 0.152055
33 0.975 0 1.44134e-05 0.00546611 1.44134e-05 0.0569316 3.60334e-05 0.0216759 5.76535e-05 0 7.92736e-05 0.0576045 0.000691842 0 0 0 0 7.46266 0.0170347 27.0187 0.158904
34 1.005 0 1.44134e-05 0.0128549 5.04468e-05 0.0535082 5.04468e-05 0.0204418 6.48602e-05 0 7.92736e-05 0.217007 0.000720669 0 0 0 0 5.86639 0.018612 5.11233 0.160274
35 1.035 0.000535793 2.88268e-05 0.00969208 7.92736e-05 0.0503799 6.48602e-05 0.0192375 7.20669e-05 0.0117258 8.64803e-05 0 0.000720669 0 0 0 0 4.42113 0.0198738 23.978 0.167123
36 1.065 0 2.88268e-05 0.0114728 0.000115307 0 6.48602e-05 0.0182035 7.92736e-05 0.0111585 9.36869e-05 0.0483765 0.000727875 0 0 0 0 3.12909 0.0208202 18.1329 0.172603
37 1.095 0.000478688 4.32401e-05 0.00864439 0.000144134 0.135396 0.0001081 0.0172841 8.64803e-05 0 9.36869e-05 0.0457123 0.000735082 0 0 0 0 2.95444 0.0217666 38.5592 0.184932
38 1.125 0.00136449 8.64803e-05 0.0246285 0.000230614 0.04268 0.000122514 0 8.64803e-05 0.0100001 0.000100894 0.0867882 0.000749496 0 0 0 0 1.8726 0.0223975 24.3007 0.193151
39 1.155 0.000863439 0.000115307 0.0253335 0.000324301 0.0404784 0.000136927 0.0154338 9.36869e-05 0.00950726 0.0001081 0.041016 0.000756702 0 0 0 0 3.54327 0.0236593 19.2474 0.2
40 1.185 0 0.000115307 0.0277478 0.000432401 0.0577758 0.000158547 0.0146757 0.000100894 0.00898859 0.000115307 0 0.000756702 0 0 0 0 5.05306 0.0255521 36.5867 0.213699
41 1.215 0.000781031 0.000144134 0.0175758 0.000504468 0.0915054 0.000194581 0.0140387 0.0001081 0.0256696 0.000136927 0 0.000756702 0 0 0 0 5.61564 0.0277603 0 0.213699
42 1.245 0.000370296 0.000158547 0.0418588 0.000684635 0.0523918 0.000216201 0.0133424 0.000115307 0.0407261 0.000172961 0 0.000756702 0 0 0 0 1.52558 0.0283912 26.4959 0.224658
43 1.275 0.00106443 0.000201787 0.0319293 0.000828769 0 0.000216201 0 0.000115307 0.0541885 0.000223407 0 0.000756702 0.150257 6.49351e-05 1.18846 0.000515464 2.91084 0.029653 25.2931 0.235616
44 1.305 0.00135145 0.000259441 0.039651 0.00101614 0.0317045 0.000230614 0.0121437 0.000122514 0.0518628 0.000273854 0.0320294 0.000763909 0 6.49351e-05 0 0.000515464 4.86829 0.0318612 18.1284 0.243836
45 1.335 0.00258778 0.000374748 0.0436906 0.00123234 0 0.000230614 0 0.000122514 0.0850018 0.000360334 0 0.000763909 0 6.49351e-05 4.34242 0.00257732 5.30621 0.0343849 23.0626 0.254795
46 1.365 0.00247523 0.000490055 0.0417806 0.00144854 0 0.000230614 0 0.000122514 0.0541298 0.000417988 0.0589507 0.000778322 0 6.49351e-05 2.074 0.00360825 3.81015 0.0362776 5.52703 0.257534
47 1.395 0.000591664 0.000518882 0.0573798 0.00175843 0.0278107 0.000245027 0.0212174 0.000136927 0.103796 0.000533295 0 0.000778322 0 6.49351e-05 4.97152 0.00618557 4.2513 0.0384858 13.2063 0.264384
48 1.425 0.00283548 0.000663015 0.0613823 0.00210435 0.0265635 0.000259441 0.0101488 0.000144134 0.10563 0.000655809 0.107999 0.000807149 0 6.49351e-05 0.954881 0.00670103 6.9923 0.0422713 17.7515 0.273973
49 1.455 0.00299646 0.000821562 0.065012 0.00248631 0.0766163 0.000302681 0.0097337 0.00015134 0.154961 0.000843182 0.0518101 0.000821562 0.115623 0.00012987 3.64654 0.00876289 8.3879 0.0470032 7.27798 0.278082
50 1.485 0.00444086 0.00106659 0.0565272 0.00283223 0.0122488 0.000309888 0.0280755 0.000172961 0.148782 0.00103056 0.0248331 0.000828769 0.109932 0.000194805 4.38143 0.0113402 7.51498 0.0514196 20.9564 0.290411
51 1.515 0.00301813 0.00123955 0.0554421 0.00318536 0.0587752 0.000345921 0.00897801 0.000180167 0.19791 0.00129 0.0954141 0.000857596 0 0.000194805 4.21339 0.0139175 5.14925 0.0545741 20.124 0.30274
52 1.545 0.00651749 0.00162871 0.0565621 0.0035601 0.0226543 0.000360334 0.00868222 0.000187374 0.227408 0.00159988 0.0459293 0.000872009 0 0.000194805 5.66881 0.0175258 3.96562 0.0570978 12.9464 0.310959
53 1.575 0.00604231 0.00200346 0.0638768 0.00399971 0.043541 0.000389161 0.0499876 0.000230614 0.162677 0.0018305 0.0883899 0.000900836 0.0980101 0.00025974 10.1371 0.0242268 6.20571 0.0611987 8.29289 0.316438
54 1.605 0.00425589 0.00227731 0.0605088 0.00443211 0.136572 0.000482848 0.0240344 0.000252234 0.230326 0.00216921 0.0425616 0.000915249 0.189233 0.00038961 6.00984 0.0283505 5.04987 0.0646688 13.9773 0.326027
55 1.635 0.00711619 0.00275295 0.0758087 0.00499423 0.19196 0.000619775 0.0694762 0.000317094 0.231432 0.00252234 0.0410641 0.000929663 0.0913752 0.000454545 10.8522 0.0360825 2.65424 0.0665615 5.77797 0.330137
56 1.665 0.00727711 0.00325742 0.0627909 0.00547708 0.341403 0.000872009 0.0445466 0.000360334 0.214002 0.00286106 0.0592818 0.000951283 0.175515 0.000584416 20.2245 0.0510309 4.69241 0.0700315 12.9676 0.339726
57 1.695 0.00702463 0.00376189 0.0750362 0.00607524 0.564418 0.00130441 0.0214774 0.000381954 0.263511 0.00329346 0.0954682 0.000987316 0 0.000584416 17.4852 0.064433 2.47349 0.0719243 7.163 0.345205
58 1.725 0.00716855 0.00429519 0.07244 0.00667339 0.881111 0.00200346 0.0692945 0.000454021 0.241864 0.00370424 0.0550476 0.00100894 0.327234 0.000844156 24.6966 0.0840206 3.97485 0.0750789 13.825 0.356164
59 1.755 0.00786309 0.00490055 0.0868439 0.00741568 1.1844 0.00297636 0.0737108 0.000533295 0.233582 0.00411502 0.124561 0.00105938 0.395915 0.00116883 32.6571 0.110825 5.76656 0.0798107 8.32971 0.363014
60 1.785 0.00760276 0.00550591 0.0953997 0.00825886 1.69728 0.0044177 0.0840477 0.000626982 0.277219 0.00461949 0.051564 0.001081 0.228867 0.00136364 40.665 0.145361 1.11629 0.0807571 9.67589 0.371233
61 1.815 0.00962602 0.00629865 0.122229 0.0093759 2.01025 0.00618334 0.0939261 0.000735082 0.187674 0.00497261 0.0998537 0.00112424 0.517954 0.00181818 52.2373 0.191237 4.30956 0.0845426 12.4731 0.382192
62 1.845 0.0113445 0.00726434 0.125157 0.0105578 2.21533 0.008194 0.145524 0.000908043 0.259453 0.00547708 0.0642831 0.00115307 0.930156 0.00266234 45.4477 0.232474 2.78476 0.0870662 13.5991 0.394521
63 1.875 0.015751 0.00864803 0.175825 0.012273 2.22977 0.0102839 0.152551 0.00109542 0.211829 0.00590228 0.0623191 0.0011819 0.969543 0.00357143 54.4425 0.283505 3.36834 0.0902208 19.0121 0.412329
64 1.905 0.0176377 0.0102479 0.24337 0.0147233 2.41315 0.0126189 0.204392 0.00135486 0.267772 0.00645719 0.135802 0.00124676 0.469786 0.00402597 48.4755 0.330412 1.62802 0.0917981 24.0872 0.435616
65 1.935 0.0309579 0.013145 0.254577 0.0173681 2.46178 0.0150764 0.220167 0.00164312 0.279837 0.00705535 0.117118 0.00130441 0.910883 0.00493506 41.8482 0.372165 3.16264 0.0949527 20.5859 0.456164
66 1.965 0.0443534 0.0174258 0.335003 0.020957 2.44314 0.0175915 0.261848 0.00199625 0.287574 0.00768954 0.0708555 0.00134044 0.883004 0.00584416 30.0354 0.403093 4.28857 0.0993691 11.9666 0.468493
67 1.995 0.0598402 0.0233785 0.396742 0.0253387 1.94864 0.0196598 0.228005 0.00231335 0.348793 0.00848227 0.0825007 0.00138368 0.611758 0.00649351 34.9766 0.440206 5.35108 0.105047 19.3877 0.489041
68 2.025 0.0995472 0.0335832 0.484608 0.0308518 2.11633 0.0219732 0.35704 0.00282502 0.458538 0.00955607 0.0266048 0.0013981 0.535701 0.00707792 21.678 0.463918 2.02281 0.107256 16.2848 0.506849
69 2.055 0.143925 0.0487749 0.579497 0.0376405 1.79812 0.0239983 0.351325 0.0033439 0.540731 0.0108605 0.0648003 0.00143413 0.807635 0.00798701 23.3533 0.490206 3.92067 0.111672 18.2431 0.527397
70 2.085 0.213693 0.0719948 0.669812 0.0457192 1.67851 0.0259441 0.455453 0.00403575 0.690841 0.0125757 0.0756683 0.00147737 0.784812 0.0088961 19.11 0.512371 4.35531 0.116719 17.7308 0.547945
71 2.115 0.333395 0.109268 0.77352 0.0553185 1.69155 0.0279619 0.484032 0.00479245 1.03513 0.0152205 0.110266 0.00154223 0.271999 0.00922078 11.6734 0.526289 2.90953 0.120189 13.7894 0.564384
72 2.145 0.464199 0.162655 0.945598 0.0673897 1.35141 0.0296195 0.703443 0.0059239 1.0065 0.0178654 0.0952765 0.00159988 0.370265 0.00967532 12.1938 0.541237 3.59625 0.124606 16.7308 0.584932
73 2.175 0.641172 0.238469 1.05866 0.0812842 1.2284 0.0311689 0.937186 0.00747334 1.09636 0.0208273 0.139267 0.00168636 0.514842 0.0103247 16.3535 0.561856 2.75316 0.128076 17.384 0.606849
74 2.205 0.859328 0.342894 1.19257 0.0973696 1.10661 0.0326031 0.826896 0.00887864 1.29265 0.0244163 0.202893 0.00181609 0.15012 0.0105195 7.54887 0.571649 4.38215 0.133754 13.7493 0.624658
75 2.235 1.10671 0.481075 1.31 0.115523 0.968429 0.0338931 1.02386 0.0106659 1.22764 0.0279187 0.142703 0.00190977 0.341319 0.010974 5.42015 0.578866 3.31704 0.13817 21.6112 0.653425
76 2.265 1.37008 0.656774 1.48575 0.136668 0.805984 0.0349957 1.13735 0.0127054 1.46859 0.0322211 0.138952 0.00200346 0.284361 0.0113636 8.66808 0.590722 4.15022 0.143849 10.006 0.667123
77 2.295 1.64622 0.873508 1.54021 0.159174 0.836675 0.0361704 1.19791 0.0149106 1.40625 0.0364514 0.281145 0.00219804 0.138758 0.0115584 3.30686 0.595361 3.59725 0.148896 11.7077 0.683562
78 2.325 1.88689 1.12847 1.61609 0.18341 0.735328 0.0372297 1.54151 0.0178221 1.31402 0.0405088 0.415373 0.00249351 0.27013 0.0119481 3.22072 0.6 3.28492 0.153628 12.3433 0.70137
79 2.355 2.13558 1.42452 1.64928 0.208785 0.701843 0.0382675 1.47973 0.0206904 1.38808 0.0449049 0.365405 0.00276016 0.219793 0.0122727 4.87893 0.607216 4.26826 0.159937 13.896 0.721918
80 2.385 2.33825 1.75698 1.62246 0.23439 0.622485 0.0392116 1.5732 0.0238181 1.4309 0.0495532 0.433606 0.00308446 0.171183 0.0125325 4.75921 0.614433 2.28742 0.163407 11.7574 0.739726
81 2.415 2.51924 2.12424 1.66854 0.261387 0.644032 0.0402133 1.50262 0.0268809 1.50809 0.0545762 0.469649 0.0034448 0.125068 0.0127273 5.96629 0.623711 2.84189 0.167823 11.4474 0.757534
82 2.445 2.61644 2.51522 1.54345 0.286985 0.556174 0.0410997 1.66276 0.0303546 1.34891 0.0591813 0.614021 0.00392764 0.20423 0.0130519 5.17393 0.631959 5.14602 0.176025 12.893 0.778082
83 2.475 2.71328 2.93067 1.56046 0.313505 0.617814 0.0421087 1.52162 0.033612 1.40085 0.0640819 0.599589 0.00441049 0.358145 0.0136364 3.46874 0.637629 3.86531 0.182334 13.3991 0.8
84 2.505 2.74919 3.36189 1.54369 0.340379 0.628884 0.0431609 1.56113 0.0370352 1.33729 0.0688743 0.768368 0.00504468 0.193644 0.013961 2.77334 0.642268 3.5858 0.188328 14.7527 0.824658
85 2.535 2.75089 3.80378 1.48844 0.366914 0.546613 0.0440977 1.32826 0.0400187 1.31175 0.0736884 0.690724 0.00562842 0.0756771 0.0140909 3.61075 0.648454 3.68161 0.194637 14.4052 0.849315
86 2.565 2.69781 4.24745 1.44474 0.393283 0.493196 0.0449625 1.37267 0.0431753 1.26771 0.078452 0.832818 0.00634909 0.259267 0.0145455 3.81826 0.655155 5.9342 0.205047 10.1522 0.867123
87 2.595 2.60851 4.68652 1.34474 0.418406 0.45349 0.0457769 1.39922 0.0464687 1.17687 0.0829778 0.69964 0.00696887 0.361661 0.0151948 2.57972 0.659794 4.56505 0.213249 9.15522 0.883562
88 2.625 2.53414 5.123 1.26328 0.442555 0.427583 0.0465624 1.16397 0.0492721 1.15005 0.0875036 0.922495 0.00780484 0.31798 0.0157792 2.80652 0.664948 3.94944 0.220505 6.71246 0.89589
89 2.655 2.38536 5.5433 1.2648 0.467289 0.471546 0.0474488 1.17016 0.0521548 1.1763 0.0922384 0.901794 0.00864082 0.138145 0.016039 3.83283 0.672165 3.18739 0.226498 8.7387 0.912329
90 2.685 2.25892 5.95037 1.15307 0.49035 0.397395 0.0482127 0.992354 0.0546555 1.0871 0.0967138 0.935044 0.00952724 0.101448 0.0162338 2.95066 0.677835 4.26766 0.2347 6.41919 0.924658
91 2.715 2.14018 6.34471 1.05481 0.51192 0.355685 0.0489118 0.917604 0.0570193 1.07698 0.101247 0.951949 0.0104497 0.165324 0.0165584 2.62369 0.68299 4.65444 0.243849 5.57405 0.935616
92 2.745 2.00303 6.72199 0.976481 0.532329 0.494915 0.0499063 0.821112 0.0591813 0.984907 0.105484 0.88739 0.0113289 0.193899 0.0169481 3.84468 0.690722 4.70968 0.253312 5.44979 0.946575
93 2.775 1.84662 7.07744 0.894006 0.551427 0.414211 0.0507567 0.765755 0.0612424 1.00944 0.109924 0.846998 0.0121865 0.221214 0.0174026 2.76118 0.696392 2.92181 0.259306 7.33894 0.961644
94 2.805 1.68925 7.40966 0.781745 0.568492 0.5564 0.0519242 0.741756 0.0632819 0.979969 0.114327 0.856446 0.0130729 0.216647 0.0178571 4.91619 0.706701 3.16051 0.265931 7.83137 0.978082
95 2.835 1.57222 7.72551 0.773174 0.585731 0.605206 0.0532214 0.726208 0.0653214 0.915532 0.118528 0.893057 0.014017 0.332892 0.0185714 3.36523 0.713918 4.12246 0.274763 7.67193 0.994521
96 2.865 1.45686 8.02443 0.738968 0.602558 0.5401 0.0544033 0.660578 0.0672168 0.937792 0.122924 0.907986 0.0149971 0.267195 0.0191558 3.76873 0.722165 3.60358 0.28265 3.75357 1.00274
97 2.895 1.34217 8.30559 0.626442 0.617123 0.538582 0.0556068 0.627354 0.0690545 0.835661 0.126924 1.01389 0.0161142 0.261724 0.0197403 2.99649 0.728866 3.95302 0.291483 5.51352 1.01507
98 2.925 1.22867 8.56835 0.592673 0.631191 0.622311 0.0570265 0.674848 0.0710724 0.845174 0.131054 0.960847 0.0171952 0.284745 0.0203896 4.07201 0.738144 4.14744 0.300946 5.39781 1.0274
99 2.955 1.13205 8.81544 0.560445 0.644768 0.634445 0.0585039 0.710602 0.0732416 0.780354 0.134945 0.765595 0.0180744 0.390488 0.0212987 2.87729 0.744845 4.19894 0.310726 4.70315 1.03836
100 2.985 1.03835 9.0467 0.549049 0.658338 0.615712 0.0599668 0.710595 0.075454 0.838447 0.139212 0.922593 0.0191554 0.410299 0.0222727 5.20967 0.757216 3.58519 0.319243 3.46209 1.04658
101 3.015 0.970061 9.26711 0.516916 0.671375 0.704967 0.0616748 0.680524 0.077616 0.738573 0.143046 0.874177 0.0202003 0.321594 0.0230519 6.59371 0.773196 4.16459 0.329338 3.39335 1.05479
102 3.045 0.887128 9.47272 0.47153 0.683504 0.676157 0.0633468 0.620385 0.0796267 0.695523 0.146728 0.726852 0.0210868 0.446589 0.0241558 5.41517 0.786598 4.08296 0.339432 4.43227 1.06575
103 3.075 0.814734 9.66528 0.44591 0.6952 0.72601 0.0651773 0.671673 0.0818464 0.720686 0.15062 0.880906 0.0221822 0.592929 0.0256494 5.92942 0.801546 4.7518 0.35142 5.96823 1.08082
104 3.105 0.767458 9.85022 0.438181 0.706918 0.66732 0.0668925 0.641741 0.0840084 0.739401 0.154692 0.767122 0.0231551 0.429483 0.0267532 5.2148 0.814948 4.90843 0.364038 6.40149 1.09726
105 3.135 0.72554 10.0285 0.429467 0.718629 0.789309 0.0689608 0.60425 0.0860839 0.615005 0.158144 0.658076 0.0240055 0.471293 0.027987 5.11796 0.828351 3.48865 0.373186 5.74691 1.11233
106 3.165 0.683534 10.1996 0.399607 0.729735 0.717819 0.0708778 0.650589 0.0883612 0.670206 0.161978 0.727569 0.024964 0.607395 0.0296104 5.02025 0.841753 6.02437 0.389274 7.18067 1.13151
107 3.195 0.642216 10.3635 0.406156 0.741237 0.802601 0.0730614 0.603831 0.090516 0.61078 0.165538 0.762627 0.0259873 0.787683 0.0317532 5.49396 0.856701 5.21469 0.40347 9.06751 1.15616
108 3.225 0.596134 10.5184 0.379426 0.752184 0.914963 0.0755982 0.654149 0.0928942 0.63466 0.169307 0.647968 0.0268737 0.631748 0.0335065 5.01541 0.870619 4.32349 0.415457 4.44415 1.16849
109 3.255 0.572837 10.6701 0.370485 0.763073 0.931264 0.0782286 0.646092 0.0952868 0.680154 0.173422 0.651338 0.0277818 0.529142 0.035 6.20774 0.888144 5.13745 0.429968 4.36675 1.18082
110 3.285 0.549254 10.8183 0.365425 0.774013 0.926682 0.0808951 0.724261 0.0980182 0.742606 0.177998 0.645073 0.028697 0.812718 0.0373377 5.91235 0.905155 6.90873 0.449842 2.8577 1.18904
111 3.315 0.531291 10.9642 0.37894 0.785565 0.937207 0.0836408 0.589204 0.100281 0.690026 0.182329 0.623367 0.0295979 0.620095 0.0391558 4.74975 0.919072 6.78137 0.469716 6.07715 1.20685
112 3.345 0.500544 11.1042 0.364505 0.79688 0.942174 0.0864514 0.665249 0.102883 0.67114 0.186617 0.695326 0.0306212 0.93567 0.0419481 4.6643 0.93299 7.50885 0.492114 3.67234 1.21781
113 3.375 0.503121 11.2474 0.386152 0.80908 0.932639 0.0892837 0.651807 0.105477 0.703556 0.191193 0.562906 0.0314644 0.897976 0.0446753 4.07445 0.945361 7.89572 0.516088 5.85914 1.23562
114 3.405 0.495979 11.3912 0.376255 0.82118 0.979338 0.0923105 0.658306 0.108144 0.68686 0.195741 0.595456 0.0323724 0.693185 0.0468182 4.16825 0.958247 6.93807 0.537539 2.21465 1.24247
115 3.435 0.489932 11.5357 0.393629 0.834066 1.00781 0.0954814 0.732306 0.111163 0.71667 0.200569 0.594512 0.0332949 0.660555 0.0488961 4.7518 0.973196 7.11865 0.559937 5.21929 1.2589
116 3.465 0.47529 11.6783 0.408731 0.847679 1.00852 0.09871 0.690436 0.11406 0.738935 0.205636 0.607106 0.0342534 0.95308 0.0519481 4.02029 0.986082 6.50061 0.580757 3.84787 1.27123
117 3.495 0.481608 11.8254 0.414283 0.861718 0.947068 0.101794 0.764826 0.117325 0.751069 0.210875 0.565237 0.0351614 0.956829 0.0550649 4.11218 0.999485 7.74956 0.605994 3.78144 1.28356
118 3.525 0.48057 11.9746 0.429063 0.876506 0.996404 0.105095 0.75187 0.12059 0.701759 0.215855 0.560097 0.0360767 0.68655 0.0573377 3.11224 1.00979 6.28621 0.626814 4.13539 1.29726
119 3.555 0.495057 12.131 0.434937 0.891756 1.09302 0.108778 0.729256 0.123811 0.726949 0.221101 0.667733 0.0371865 0.963408 0.0605844 4.28151 1.02423 6.27025 0.64795 3.25017 1.30822
120 3.585 0.500117 12.2917 0.457222 0.908057 1.01785 0.112266 0.807073 0.127436 0.712818 0.226333 0.605364 0.0382099 0.946972 0.0638312 2.5553 1.03299 6.16738 0.669085 1.20002 1.31233
121 3.615 0.514428 12.4597 0.465129 0.924921 1.03205 0.115862 0.811105 0.13114 0.713527 0.231659 0.616416 0.0392692 0.931936 0.0670779 3.84515 1.04639 7.4227 0.694953 3.54036 1.32466
122 3.645 0.526599 12.6346 0.491932 0.943053 1.05597 0.119602 0.797602 0.134844 0.750337 0.237352 0.598345 0.0403142 1.00851 0.0706494 3.0561 1.05722 7.03612 0.719874 5.79896 1.34521
123 3.675 0.558926 12.8232 0.507791 0.962078 1.03267 0.123321 0.886946 0.139031 0.743768 0.243089 0.75047 0.0416474 0.866082 0.0737662 3.00648 1.06804 5.07921 0.73817 4.94409 1.36301
124 3.705 0.572062 13.0195 0.532527 0.982358 1.02392 0.127068 0.814014 0.142937 0.732658 0.248833 0.658503 0.0428366 1.0822 0.0777273 3.66006 1.08144 7.75753 0.766562 3.7429 1.37671
125 3.735 0.592036 13.226 0.523101 1.0026 0.959358 0.130636 0.855805 0.14711 0.810647 0.25529 0.74234 0.0441986 1.11798 0.0818831 4.43562 1.09794 6.70218 0.791483 3.67975 1.39041
126 3.765 0.630025 13.4492 0.568656 1.02496 1.06596 0.134664 0.858332 0.151362 0.776324 0.261574 0.753784 0.0456039 1.28885 0.0867532 1.90972 1.10515 5.42547 0.811987 6.15922 1.4137
127 3.795 0.666726 13.6892 0.589267 1.04851 1.0286 0.138613 0.914782 0.155967 0.795613 0.268118 0.673541 0.0468795 1.01474 0.0906494 2.41581 1.11443 5.17316 0.831861 2.85516 1.42466
128 3.825 0.690528 13.9418 0.599574 1.07285 0.981037 0.14244 0.937499 0.16076 0.76423 0.274503 0.764094 0.0483497 1.14853 0.0951299 2.50766 1.12423 5.57871 0.853628 3.15821 1.43699
129 3.855 0.735623 14.215 0.625044 1.09862 1.05303 0.146613 0.942223 0.165653 0.810128 0.281378 0.77452 0.0498631 1.16305 0.0997403 3.51222 1.13814 5.176 0.874132 4.15001 1.45342
130 3.885 0.764408 14.5034 0.638153 1.12534 0.999201 0.150634 0.978332 0.170813 0.735708 0.28772 0.722553 0.0512972 0.96766 0.103636 2.69321 1.14897 3.76378 0.889274 2.04291 1.46164
131 3.915 0.797399 14.8089 0.66134 1.15346 0.943576 0.15449 0.990294 0.176117 0.804277 0.294761 0.711566 0.0527313 1.30313 0.108961 3.27753 1.16237 5.01711 0.909779 4.35918 1.47945
132 3.945 0.845828 15.1379 0.686136 1.18309 0.991551 0.158605 0.963191 0.181356 0.789043 0.301773 0.718485 0.0542015 0.845023 0.112468 3.10662 1.17526 4.86575 0.929968 4.2892 1.49726
133 3.975 0.879985 15.4855 0.70099 1.21382 1.01954 0.1629 0.952736 0.186617 0.821816 0.309189 0.763013 0.055787 0.954984 0.116494 2.5673 1.18608 5.46499 0.952997 2.60004 1.50822
134 4.005 0.927444 15.8573 0.711761 1.24549 1.0246 0.167282 0.978259 0.192101 0.759199 0.316143 0.782152 0.0574373 1.3518 0.122273 2.2875 1.19588 3.90792 0.969716 3.52271 1.52329
135 4.035 0.967727 16.2512 0.73643 1.27875 0.926308 0.171303 0.927043 0.197377 0.815446 0.323724 0.801323 0.0591525 1.15225 0.127273 4.037 1.2134 4.79606 0.990536 1.89125 1.53151
136 4.065 1.00885 16.6679 0.753448 1.3133 0.997853 0.175699 0.934647 0.202775 0.80866 0.331356 0.852141 0.0610046 1.10526 0.132143 3.50828 1.22887 4.08056 1.00852 1.86647 1.53973
137 4.095 1.0386 17.1032 0.780166 1.34959 0.968813 0.18003 0.967837 0.208446 0.876729 0.339752 0.849731 0.0628784 1.26295 0.137792 3.2295 1.2433 4.72835 1.02965 3.67304 1.55616
138 4.125 1.09464 17.5688 0.776287 1.38624 1.02775 0.184693 0.906434 0.213837 0.861747 0.348126 0.895508 0.0648818 1.20237 0.143247 2.95701 1.2567 4.30861 1.04921 1.81189 1.56438
139 4.155 1.1181 18.0513 0.79419 1.42427 1.00664 0.189327 0.924545 0.219415 0.846402 0.356472 0.90161 0.0669285 1.14299 0.148506 3.36048 1.27216 3.76946 1.06656 1.78502 1.5726
140 4.185 1.15964 18.559 0.802838 1.46328 1.04006 0.194184 0.926722 0.225086 0.891294 0.365386 0.729178 0.0686077 1.02926 0.153312 4.08194 1.29124 3.64687 1.0836 2.34721 1.58356
141 4.215 1.18638 19.0858 0.787177 1.50208 0.990439 0.198876 0.955163 0.231018 0.8546 0.374056 0.96572 0.0708634 1.27482 0.159351 2.39329 1.30258 3.52877 1.10032 0.869976 1.58767
142 4.245 1.21451 19.6328 0.841012 1.54413 0.992989 0.203647 0.973768 0.23715 0.905502 0.383374 0.879012 0.0729461 1.20322 0.16513 3.11179 1.31753 3.80817 1.11861 2.28301 1.59863
143 4.275 1.22681 20.1933 0.846163 1.58703 1.00866 0.208562 0.944278 0.243182 0.862401 0.392375 0.887741 0.0750793 1.09232 0.170455 4.02116 1.33711 2.65455 1.13155 4.50145 1.62055
144 4.305 1.25596 20.7751 0.833107 1.62986 0.971254 0.213361 0.897676 0.248998 0.881867 0.401708 0.94904 0.0773926 1.03835 0.175584 3.33906 1.35361 3.83081 1.15047 1.38639 1.6274
145 4.335 1.258 21.366 0.83259 1.67327 0.919134 0.217966 0.915168 0.255009 0.854839 0.410882 0.871836 0.0795474 1.24397 0.181818 3.29242 1.3701 2.83484 1.16467 0.820938 1.63151
146 4.365 1.27473 21.9731 0.869186 1.71921 0.976195 0.222924 0.940562 0.261271 0.898779 0.420662 0.97241 0.0819833 0.98455 0.186818 2.53816 1.38299 2.67151 1.17823 2.15693 1.64247
147 4.395 1.29037 22.5962 0.852926 1.76492 1.03556 0.228257 0.94269 0.267635 0.857083 0.430117 0.924619 0.0843327 0.945529 0.191688 3.30133 1.4 3.00043 1.19369 2.12878 1.65342
148 4.425 1.29378 23.2294 0.865382 1.81193 0.947034 0.233201 0.955104 0.274171 0.841706 0.439529 0.973758 0.0868406 1.04478 0.197143 2.86175 1.41495 2.83865 1.20852 2.09753 1.66438
149 4.455 1.30323 23.8759 0.834524 1.85788 0.962792 0.238296 0.921439 0.280564 0.893424 0.449654 0.908411 0.0892116 1.25122 0.203766 3.60508 1.43402 2.92097 1.22397 2.07024 1.67534
150 4.485 1.30115 24.5301 0.866295 1.90622 0.905674 0.243154 0.883806 0.286776 0.909631 0.460104 0.947923 0.0917195 1.1017 0.209675 1.82447 1.44381 2.11853 1.23533 0.509531 1.67808
151 4.515 1.30746 25.1963 0.863725 1.95507 0.926799 0.248191 0.964014 0.293644 0.890904 0.470474 1.01893 0.0944509 1.1587 0.215974 2.56128 1.45773 2.0323 1.24637 1.26006 1.68493
152 4.545 1.29251 25.8637 0.852245 2.00391 0.889779 0.253092 0.937317 0.300411 0.842984 0.480419 0.92587 0.096966 1.17977 0.222468 1.87256 1.46804 2.51974 1.26025 1.24356 1.69178
153 4.575 1.29883 26.5432 0.877324 2.05485 0.870447 0.257949 0.932899 0.307236 0.863504 0.490739 0.992267 0.0996973 1.38476 0.230195 1.93968 1.47887 2.31694 1.27319 0.98403 1.69726
154 4.605 1.29971 27.2322 0.873419 2.10623 0.861434 0.262821 1.00158 0.314658 0.849188 0.501023 0.922473 0.10227 1.32044 0.237662 2.09505 1.49072 2.67743 1.28833 0.969204 1.70274
155 4.635 1.29583 27.928 0.85656 2.15729 0.879522 0.267858 0.938725 0.321707 0.889881 0.511941 0.941361 0.104929 1.07663 0.243831 2.2502 1.50361 2.31384 1.30158 2.15438 1.71507
156 4.665 1.28952 28.6295 0.869514 2.20978 0.843296 0.272752 0.946448 0.328906 0.861672 0.522651 0.992183 0.107769 1.05184 0.249935 1.95491 1.51495 2.11994 1.31388 0.471431 1.71781
157 4.695 1.28921 29.3398 0.854958 2.26206 0.812985 0.27753 0.924188 0.336026 0.886806 0.533814 0.929724 0.110464 1.22658 0.257143 2.28136 1.52835 1.71713 1.32397 2.09922 1.73014
158 4.725 1.28611 30.0575 0.870936 2.31601 0.794184 0.282257 0.932885 0.343305 0.872222 0.544934 1.04799 0.113541 1.1453 0.263961 1.8181 1.53918 2.49122 1.3388 2.07288 1.74247
159 4.755 1.2757 30.7785 0.85398 2.36957 0.8463 0.287359 0.923126 0.350598 0.889046 0.556414 0.82657 0.115999 1.08796 0.270519 1.96543 1.55103 1.98759 1.35079 1.59163 1.75205
160 4.785 1.27245 31.5067 0.833441 2.42251 0.790906 0.292188 0.898783 0.35779 0.84713 0.567491 0.909564 0.118737 0.85123 0.275714 2.11225 1.56392 2.11867 1.36372 1.34854 1.76027
161 4.815 1.26273 32.2385 0.842254 2.47669 0.756743 0.296865 0.926832 0.3653 0.858862 0.578863 0.893611 0.121462 1.21863 0.283247 1.58481 1.57371 2.7557 1.38076 1.99712 1.7726
162 4.845 1.26279 32.9794 0.839901 2.53139 0.788766 0.301802 0.880185 0.372521 0.843493 0.59017 0.887062 0.1242 1.16193 0.290519 1.97549 1.58608 1.66331 1.39117 2.62972 1.78904
163 4.875 1.23421 33.7126 0.843733 2.58701 0.79271 0.306825 0.904206 0.38003 0.836354 0.601521 0.823244 0.126773 1.18842 0.298052 1.87159 1.59794 2.93881 1.40978 0.863577 1.79452
164 4.905 1.22483 34.4492 0.840986 2.64315 0.832583 0.312165 0.848485 0.387165 0.853298 0.613246 0.926723 0.129706 1.20489 0.305779 2.17079 1.61186 2.60575 1.4265 1.70685 1.80548
165 4.935 1.21486 35.1887 0.819076 2.69849 0.824464 0.317519 0.878133 0.394638 0.855025 0.625137 0.816694 0.132322 1.1399 0.313182 1.82681 1.62371 2.38136 1.44196 1.26655 1.8137
166 4.965 1.19158 35.923 0.821513 2.75467 0.828871 0.322968 0.842498 0.401895 0.856986 0.637201 0.90483 0.135255 1.18557 0.320974 1.95945 1.6366 2.35247 1.45741 2.08184 1.8274
167 4.995 1.18554 36.6623 0.823817 2.81169 0.802684 0.328308 0.895082 0.4097 0.81784 0.648854 0.880626 0.138145 1.21027 0.329026 2.09286 1.65052 2.18146 1.47192 1.44232 1.83699
168 5.025 1.17508 37.404 0.803386 2.86797 0.796502 0.33367 0.880414 0.417469 0.834699 0.660889 0.828885 0.140898 1.1481 0.336753 2.52651 1.66753 2.71852 1.49022 2.44083 1.85342
169 5.055 1.14502 38.1354 0.79469 2.9243 0.819822 0.339255 0.792365 0.424546 0.848418 0.67327 0.898674 0.143918 1.10522 0.344286 2.11874 1.68196 2.63988 1.5082 1.60879 1.86438
170 5.085 1.12985 38.8656 0.79942 2.98164 0.807116 0.344818 0.841344 0.432149 0.845803 0.68576 0.849659 0.146807 1.40348 0.353961 1.71885 1.69381 2.19572 1.52334 1.58931 1.87534
171 5.115 1.10437 39.5878 0.754711 3.03642 0.81199 0.350483 0.868537 0.440091 0.818953 0.697997 0.810652 0.149596 1.44305 0.364026 1.77201 1.70619 2.39682 1.54006 2.16074 1.89041
172 5.145 1.07907 40.3018 0.762201 3.0924 0.847596 0.356464 0.810852 0.447593 0.823273 0.710442 0.840496 0.152522 1.24214 0.372792 2.0457 1.72062 2.8167 1.55994 1.9391 1.90411
173 5.175 1.07179 41.0192 0.76534 3.14926 0.84072 0.362468 0.806134 0.455138 0.810493 0.722838 0.759267 0.155196 1.40003 0.382792 2.16536 1.73608 1.94306 1.57382 1.72513 1.91644
174 5.205 1.03391 41.7194 0.733235 3.20437 0.886977 0.368874 0.834241 0.463037 0.818333 0.7355 0.706044 0.157711 1.42068 0.393052 1.56945 1.74742 2.09677 1.58896 1.51678 1.9274
175 5.235 1.0259 42.4222 0.733405 3.26013 0.930206 0.37567 0.81023 0.470799 0.839505 0.748638 0.723816 0.16032 1.41332 0.403377 1.62161 1.75928 2.59051 1.60789 1.5001 1.93836
176 5.265 1.00012 43.1151 0.706121 3.31443 0.941858 0.382632 0.790053 0.478452 0.797996 0.761271 0.749177 0.163051 1.43226 0.413961 2.3708 1.7768 2.55901 1.62681 0.741455 1.94384
177 5.295 0.977533 43.8002 0.712309 3.36983 0.944685 0.389694 0.783915 0.486134 0.829949 0.77456 0.713455 0.165682 1.36361 0.424156 1.79296 1.79021 1.81601 1.64038 2.19721 1.96027
178 5.325 0.955009 44.4771 0.710338 3.42571 0.892211 0.39644 0.790433 0.493968 0.822087 0.787871 0.643641 0.168082 1.33183 0.434221 2.38608 1.80825 1.91892 1.65489 0.724636 1.96575
179 5.355 0.93507 45.1473 0.687033 3.48037 0.92556 0.403517 0.800413 0.501989 0.817655 0.801261 0.70697 0.170748 1.46932 0.445455 2.63214 1.82835 2.22691 1.67192 1.2567 1.97534
180 5.385 0.914619 45.8103 0.675057 3.53468 0.889271 0.410392 0.797091 0.510068 0.830774 0.815019 0.684077 0.173357 1.52871 0.457273 1.73349 1.84175 1.95934 1.68707 1.06279 1.98356
181 5.415 0.891312 46.4635 0.674024 3.58951 1.00116 0.418219 0.767284 0.51793 0.804298 0.828488 0.695336 0.176038 1.4535 0.468636 2.0439 1.85773 1.89637 1.70189 1.57742 1.99589
182 5.445 0.876598 47.1132 0.658091 3.64364 0.997556 0.426103 0.824127 0.52647 0.845315 0.842801 0.646948 0.17856 1.59339 0.481234 1.62961 1.87062 1.99631 1.71767 1.73168 2.00959
183 5.475 0.858828 47.7566 0.66532 3.69896 0.970498 0.433857 0.820738 0.535068 0.845296 0.857272 0.658178 0.181155 1.42177 0.492597 1.61372 1.88351 1.69734 1.73123 1.02758 2.01781
184 5.505 0.847333 48.3985 0.648917 3.75352 1.00614 0.441986 0.796738 0.543507 0.859452 0.872146 0.60578 0.183569 1.26185 0.502792 2.10613 1.90052 2.18551 1.7489 1.18584 2.0274
185 5.535 0.832705 49.0361 0.650168 3.80878 0.987242 0.45005 0.784866 0.55191 0.890535 0.887727 0.634952 0.186127 1.39077 0.514156 1.577 1.9134 2.24071 1.76719 1.8441 2.04247
186 5.565 0.814468 49.6666 0.635151 3.86335 1.02376 0.458504 0.786359 0.560421 0.843112 0.902638 0.584059 0.188505 1.42357 0.525909 1.49744 1.92577 2.13949 1.78486 1.32618 2.05342
187 5.595 0.803755 50.2955 0.654503 3.92019 1.03018 0.467101 0.802298 0.569199 0.855434 0.91793 0.705492 0.19141 1.32317 0.536948 1.79107 1.94072 2.37923 1.80473 1.47506 2.06575
188 5.625 0.807219 50.9339 0.647734 3.97704 1.03807 0.475858 0.781311 0.577839 0.884297 0.933907 0.665238 0.194177 1.37812 0.548571 2.13695 1.95876 2.31927 1.82429 1.78624 2.08082
189 5.655 0.797392 51.5713 0.640525 4.03386 1.13008 0.485493 0.787372 0.586639 0.885103 0.950072 0.628832 0.196822 1.61441 0.562338 2.41971 1.97938 1.81353 1.83975 1.28353 2.09178
190 5.685 0.792057 52.2112 0.635821 4.09087 1.06226 0.494645 0.76888 0.595323 0.90322 0.966741 0.622298 0.199467 1.54451 0.575649 1.49573 1.99227 2.15896 1.85836 2.53955 2.1137
191 5.715 0.790605 52.8566 0.640194 4.14888 1.14126 0.504583 0.777215 0.604194 0.926927 0.98403 0.625824 0.202155 1.40186 0.587857 1.47896 2.00515 2.17394 1.87729 2.04572 2.13151
192 5.745 0.791291 53.5094 0.648592 4.20827 1.12029 0.514442 0.804776 0.613477 0.952868 1.00199 0.669106 0.205059 1.35752 0.599805 1.23036 2.01598 1.54151 1.89085 2.17883 2.15068
193 5.775 0.790469 54.1683 0.64767 4.26819 1.13056 0.524496 0.83785 0.623242 0.916412 1.01944 0.609756 0.207733 1.38012 0.612078 2.3187 2.0366 1.91558 1.90789 1.07739 2.16027
194 5.805 0.801623 54.8435 0.655111 4.32943 1.07237 0.534131 0.7906 0.632553 0.924557 1.03724 0.668323 0.210695 1.45973 0.625195 2.18 2.05619 1.86151 1.92461 1.83053 2.17671
195 5.835 0.813471 55.5358 0.651636 4.39098 1.14394 0.544516 0.792121 0.641979 0.920634 1.05514 0.653472 0.213621 1.37352 0.637662 1.59003 2.07062 1.73764 1.94038 1.6586 2.19178
196 5.865 0.811428 56.2335 0.68209 4.45608 1.10007 0.554605 0.831995 0.651982 0.913848 1.07309 0.65327 0.216575 1.35981 0.65013 1.46137 2.08402 2.27001 1.9612 0.895428 2.2
197 5.895 0.829966 56.9544 0.69615 4.52319 1.04143 0.564255 0.850892 0.662316 0.85775 1.09011 0.726999 0.219898 1.28244 0.662013 1.22355 2.09536 1.83907 1.97823 1.77205 2.21644
198 5.925 0.852685 57.7026 0.739951 4.59526 0.964872 0.573285 0.855828 0.672816 0.780446 1.10576 0.827245 0.223717 1.40835 0.675195 1.15679 2.10619 1.31306 1.99054 1.90204 2.23425
199 5.955 0.867517 58.4716 0.769121 4.67092 0.92908 0.58207 0.911234 0.684109 0.819158 1.12235 0.919186 0.228005 1.20144 0.686558 1.85367 2.12371 1.66843 2.00631 2.02933 2.25342
200 5.985 0.880015 59.2595 0.792422 4.74967 0.929775 0.590948 0.955547 0.696072 0.818799 1.1391 0.963787 0.232545 1.45466 0.700455 1.24063 2.13557 1.35489 2.01924 2.86983 2.28082
430000 200
1 0.015 0 0 0 0 0 0 0 0 0 0 0 0 0 0 0 0 0 0 0 0
2 0.045 0 0 0 0 0 0 0 0 0 0 0 0 0 0 0 0 0 0 0 0
3 0.075 0 0 0 0 0 0 0 0 0 0 0 0 0 0 0 0 0 0 0 0
4 0.105 0 0 0 0 0 0 0 0 0 0 0 0 0 0 0 0 0 0 0 0
5 0.135 0 0 0 0 0 0 0 0 0 0 0 0 0 0 0 0 0 0 0 0
6 0.165 0 0 0 0 0 0 0 0 0 0 0 0 0 0 0 0 0 0 0 0
7 0.195 0 0 0 0 0 0 0 0 0 0 1.41064 7.20669e-06 0 0 0 0 0 0 0 0
8 0.225 0 0 0 0 0 0 0 0 0 0 0 7.20669e-06 0 0 0 0 0 0 0 0
9 0.255 0 0 0 0 0 0 0 0 0 0 0 7.20669e-06 0 0 0 0 0 0 0 0
10 0.285 0 0 0 0 0 0 0 0 0.153549 7.20669e-06 0 7.20669e-06 0 0 0 0 0 0 0 0
11 0.315 0 0 0 0 0 0 0 0 0 7.20669e-06 1.09152 2.16201e-05 0 0 0 0 0 0 0 0
12 0.345 0 0 0 0 0 0 0 0 0 7.20669e-06 0.905164 3.60334e-05 0 0 0 0 0 0 0 0
13 0.375 0 0 0 0 0 0 0 0 0 7.20669e-06 3.46465 0.000100894 0 0 0 0 0 0 0 0
14 0.405 0 0 0 0 0 0 0 0 0 7.20669e-06 3.29297 0.000172961 0 0 0 0 0 0 0 0
15 0.435 0 0 0 0 0 0 0 0 0 7.20669e-06 2.85766 0.000245027 0 0 0 0 0 0 0 0
16 0.465 0 0 0 0 0 0 0 0 0 7.20669e-06 4.25355 0.000367541 0 0 0 0 0 0 23.4975 0.00136986
17 0.495 0 0 0 0 0 0 0 0 0.101623 2.16201e-05 1.3264 0.000410781 0 0 0 0 4.74188 0.000315457 0 0.00136986
18 0.525 0 0 0 0 0 0 0 0 0 2.16201e-05 1.96359 0.000482848 0 0 0 0 0 0.000315457 110.562 0.00958904
19 0.555 0 0 0 0 0 0 0 0 0 2.16201e-05 0.700961 0.000511675 0 0 0 0 7.5326 0.000946372 32.9964 0.0123288
20 0.585 0 0 0 0 0 0 0 0 0.0366084 2.88268e-05 0.948918 0.000554915 0 0 0 0 0 0.000946372 207.331 0.0315068
21 0.615 0 0 0 0 0 0 0 0 0.0658188 4.32401e-05 1.28771 0.000619775 0 0 0 0 0 0.000946372 93.7619 0.0410959
22 0.645 0 0 0 0 0 0 0 0 0.0301938 5.04468e-05 0.390895 0.000641395 0 0 0 0 2.81283 0.00126183 170.528 0.060274
23 0.675 0 0 0 0 0 0 0 0 0.0272027 5.76535e-05 0.237113 0.000655809 0 0 0 0 2.5684 0.00157729 89.323 0.0712329
24 0.705 0 0 0 0 0 0 0 0 0.0755867 7.92736e-05 0.217808 0.000670222 0 0 0 0 7.0444 0.00252366 92.1111 0.0835616
25 0.735 0 0 0 0 0 0 0 0 0.0460998 9.36869e-05 0.100355 0.000677429 0 0 0 0 4.30941 0.00315457 46.8283 0.090411
26 0.765 0 0 0 0 0 0 0 0 0.0213285 0.000100894 0.276806 0.000699049 0 0 0 0 17.9843 0.00599369 69.3566 0.10137
27 0.795 0 0 0 0 0 0 0 0 0.0393342 0.000115307 0.171848 0.000713462 0 0 0 0 12.9392 0.00820189 32.2298 0.106849
28 0.825 0.000841177 1.44134e-05 0 0 0 0 0 0 0.0183393 0.000122514 0.23825 0.000735082 0 0 0 0 8.57514 0.00977918 52.2078 0.116438
29 0.855 0 1.44134e-05 0 0 0 0 0.0558229 1.44134e-05 0.0171845 0.00012972 0 0.000735082 0 0 0 0 6.3972 0.011041 97.2289 0.135616
30 0.885 0 1.44134e-05 0 0 0 0 0.0261011 2.16201e-05 0.0478598 0.00015134 0 0.000735082 0 0 0 0 8.93761 0.0129338 71.2406 0.150685
31 0.915 0 1.44134e-05 0.00611242 1.44134e-05 0 0 0.0971459 5.04468e-05 0 0.00015134 0.0647578 0.000742289 0 0 0 0 5.59595 0.0141956 24.2344 0.156164
32 0.945 0 1.44134e-05 0.00288819 2.16201e-05 0.0598848 1.44134e-05 0.0911375 7.92736e-05 0.0138581 0.000158547 0.0602737 0.000749496 0 0 0 0 3.95333 0.015142 28.4082 0.163014
33 0.975 0 1.44134e-05 0.00541673 3.60334e-05 0.0561603 2.88268e-05 0.0212725 8.64803e-05 0.0131309 0.000165754 0.228268 0.000778322 0 0 0 0 2.45362 0.0157729 16.013 0.167123
34 1.005 0 1.44134e-05 0.00505176 5.04468e-05 0.0790607 5.04468e-05 0.020199 9.36869e-05 0.0122723 0.000172961 0.0532079 0.000785529 0 0 0 0 1.15898 0.0160883 5.05082 0.168493
35 1.035 0 1.44134e-05 0.0143697 9.36869e-05 0.0995375 7.92736e-05 0.0377555 0.0001081 0.0232661 0.000187374 0.0503494 0.000792736 0 0 0 0 0 0.0160883 23.6478 0.175342
36 1.065 0.000499367 2.88268e-05 0.0158324 0.000144134 0.0237238 8.64803e-05 0 0.0001081 0.0329594 0.000208994 0.191721 0.000821562 0 0 0 0 0 0.0160883 22.4447 0.182192
37 1.095 0.000949174 5.76535e-05 0.0235591 0.000223407 0.0444116 0.000100894 0 0.0001081 0.020772 0.000223407 0.13598 0.000843182 0 0 0 0 2.93269 0.0170347 54.969 0.2
38 1.125 0.000901453 8.64803e-05 0.0304369 0.000331508 0.0635167 0.000122514 0.0160036 0.000115307 0.0491609 0.000259441 0.0854576 0.000857596 0 0 0 0 3.6947 0.0182965 28.1023 0.209589
39 1.155 0.000429195 0.000100894 0.0269204 0.000432401 0.120052 0.000165754 0 0.000115307 0.0093594 0.000266647 0.0407883 0.000864803 0 0 0 0 5.26653 0.0201893 30.449 0.220548
40 1.185 0.00162158 0.000158547 0.0274374 0.000540502 0.0759634 0.000194581 0.0290721 0.00012972 0.0354272 0.000295474 0.0386025 0.000872009 0 0 0 0 0 0.0201893 10.8281 0.224658
41 1.215 0.00154031 0.000216201 0.0416701 0.000713462 0.0181159 0.000201787 0.027438 0.000144134 0.0506794 0.000338714 0.0367281 0.000879216 0 0 0 0 0.787262 0.0205047 10.3102 0.228767
42 1.245 0.000368829 0.000230614 0.0347549 0.000864803 0.206636 0.000288268 0.0130467 0.00015134 0.0321315 0.000367541 0.0699589 0.000893629 0 0 0 0 1.5112 0.0211356 19.5995 0.236986
43 1.275 0.00244964 0.000331508 0.0284115 0.000994523 0 0.000288268 0.0251426 0.000165754 0.0076252 0.000374748 0.0333453 0.000900836 0 0 0 0 5.04778 0.0233438 24.9652 0.247945
44 1.305 0.00200443 0.000417988 0.0346875 0.00116028 0 0.000288268 0.0359521 0.000187374 0.0219284 0.000396368 0.0636006 0.000915249 0 0 0 0 3.4296 0.0249211 26.8891 0.260274
45 1.335 0.00287518 0.000547708 0.0388679 0.00135486 0.0150365 0.000295474 0.011347 0.000194581 0.0350019 0.000432401 0.030155 0.000922456 0 0 1.0677 0.000515464 3.27535 0.0264984 11.359 0.265753
46 1.365 0.00244338 0.000663015 0.056501 0.00165033 0.0142688 0.000302681 0.0218714 0.000208994 0.120277 0.000562122 0 0.000922456 0 0 3.0646 0.00206186 3.13971 0.0280757 8.14675 0.269863
47 1.395 0.00262694 0.000792736 0.0738965 0.00205391 0.0274326 0.000317094 0.0103919 0.000216201 0.115452 0.000691842 0.0557745 0.000936869 0 0 1.97176 0.00309278 3.60061 0.0299685 7.80186 0.273973
48 1.425 0.00476412 0.00103776 0.04676 0.00232055 0 0.000317094 0.0500344 0.000252234 0.0920871 0.000799942 0.0267012 0.000944076 0 0 6.58982 0.00670103 6.32563 0.0334385 17.4791 0.283562
49 1.455 0.00295835 0.00119631 0.0630737 0.0026953 0.0126778 0.000324301 0.0289317 0.000273854 0.153147 0.000987316 0.102267 0.000972903 0 0 7.2098 0.0108247 6.06729 0.0369085 9.59739 0.289041
50 1.485 0.00284335 0.00135486 0.0628424 0.00308446 0.0603336 0.000360334 0.0278076 0.000295474 0.163821 0.00119631 0.0983226 0.00100173 0.109497 6.49351e-05 6.93323 0.0149485 6.88674 0.0410095 11.5141 0.29589
51 1.515 0.00372675 0.00157106 0.0793681 0.00359614 0.0348828 0.000381954 0.035464 0.000324301 0.233876 0.0015062 0.0474406 0.00101614 0 6.49351e-05 4.1565 0.0175258 6.62615 0.0451104 17.6655 0.306849
52 1.545 0.00406422 0.00181609 0.0635146 0.00402133 0.0560528 0.000417988 0.0256499 0.000345921 0.2351 0.0018305 0.136421 0.00105938 0.100222 0.00012987 1.59732 0.0185567 6.35543 0.0492114 10.6261 0.313699
53 1.575 0.00506401 0.00213318 0.0909736 0.00465552 0.0752327 0.000468435 0.0163753 0.000360334 0.18085 0.00208994 0.0655035 0.001081 0 0.00012987 6.15189 0.0226804 4.24213 0.0520505 4.08789 0.316438
54 1.605 0.00397733 0.00239262 0.0776868 0.00521764 0.134755 0.000562122 0.0157418 0.000374748 0.198184 0.00238541 0.0842456 0.00110983 0.0928688 0.000194805 6.66352 0.0273196 2.27677 0.0536278 9.8678 0.323288
55 1.635 0.00574833 0.00278178 0.0710141 0.00575094 0.190034 0.000699049 0.0229437 0.000396368 0.195868 0.00268809 0.141457 0.00116028 0.179795 0.000324675 8.58514 0.0335052 3.4964 0.0561514 5.71853 0.327397
56 1.665 0.00596093 0.00319977 0.0730958 0.00632027 0.375739 0.00098011 0.0147455 0.000410781 0.207071 0.0030196 0.0391359 0.00117469 0.173573 0.000454545 11.729 0.042268 3.37527 0.0586751 20.1033 0.342466
57 1.695 0.00437213 0.00351686 0.0858177 0.00701211 0.53941 0.0013981 0.0426283 0.000454021 0.238804 0.00341597 0.0945257 0.00121072 0.083137 0.000519481 15.9563 0.0546392 2.84985 0.0608833 7.06192 0.347945
58 1.725 0.00651287 0.00400692 0.0888547 0.0077544 0.691173 0.00195301 0.0823422 0.000540502 0.226162 0.00380513 0.0909774 0.00124676 0.161988 0.000649351 22.4566 0.0726804 3.54204 0.0637224 13.6845 0.358904
59 1.755 0.0062906 0.00449697 0.0949587 0.00857596 1.27453 0.0030124 0.0396441 0.000583742 0.206458 0.00417267 0 0.00124676 0.389043 0.000974026 27.9156 0.0958763 3.42226 0.0665615 9.9138 0.367123
60 1.785 0.00840672 0.0051744 0.10233 0.00949121 1.43311 0.00424474 0.0576432 0.000648602 0.273988 0.00467714 0.050959 0.00126838 0.67918 0.00155844 40.1289 0.130412 2.9329 0.0690852 6.3786 0.372603
61 1.815 0.00968701 0.00598155 0.1012 0.0104281 1.84042 0.00588066 0.0493729 0.000706255 0.230802 0.00511675 0.0163146 0.00127558 0.585087 0.00207792 38.8273 0.164948 3.18916 0.0719243 3.08381 0.375342
62 1.845 0.0115612 0.00697607 0.153782 0.0118982 2.30484 0.00799942 0.143604 0.000879216 0.241843 0.00559239 0.111564 0.00132603 0.566485 0.0025974 44.3065 0.20567 3.43619 0.0750789 13.4469 0.387671
63 1.875 0.0129729 0.00812914 0.183917 0.0137143 2.16331 0.0100533 0.127368 0.00103776 0.248049 0.00609686 0.0921898 0.00136927 0.481669 0.00305195 41.8534 0.245361 4.31596 0.0791798 18.7788 0.405479
64 1.905 0.0158604 0.00958489 0.214985 0.0159052 2.59626 0.0125973 0.146 0.00122514 0.219863 0.00655809 0.029935 0.00138368 0.730009 0.00376623 49.4723 0.293814 2.89778 0.0820189 19.5264 0.424658
65 1.935 0.0217861 0.011646 0.270708 0.0187518 2.26768 0.014889 0.212132 0.0015062 0.302923 0.00721389 0.11584 0.00144134 0.964619 0.00474026 29.0716 0.323196 4.36847 0.0864353 23.0252 0.447945
66 1.965 0.0364613 0.0152061 0.29378 0.0219372 2.51596 0.0175123 0.216423 0.00180167 0.299911 0.00788412 0.0139692 0.00144854 0.873496 0.00564935 29.2177 0.353608 3.62694 0.0902208 19.717 0.468493
67 1.995 0.0483865 0.0200778 0.352681 0.0258792 2.20077 0.019876 0.194429 0.00207553 0.310303 0.00859758 0.0410382 0.00147016 0.604175 0.0062987 36.9525 0.393299 2.93565 0.0933754 25.5075 0.49589
68 2.025 0.074058 0.0277602 0.426917 0.0307942 2.18818 0.0222975 0.27364 0.00247189 0.361984 0.00945517 0.026458 0.00148458 0.702505 0.00707792 24.2016 0.420103 4.56495 0.0984227 18.5463 0.516438
69 2.055 0.108594 0.0393629 0.51218 0.0368694 1.9418 0.0245099 0.327921 0.00296195 0.543286 0.0107812 0.063964 0.00152061 0.682614 0.00785714 22.1469 0.445361 4.42699 0.10347 14.4177 0.532877
70 2.085 0.166182 0.0576391 0.650421 0.0448112 1.56716 0.0263477 0.393417 0.00356731 0.685137 0.0125036 0.124501 0.00159268 0.332517 0.00824675 18.9149 0.467526 4.033 0.108202 23.3507 0.560274
71 2.115 0.257328 0.0867541 0.78758 0.054706 1.55237 0.0282214 0.55142 0.00443932 0.791565 0.0145503 0.13321 0.00167195 0.322628 0.00863636 12.3768 0.482474 2.60753 0.111356 6.81257 0.568493
72 2.145 0.375322 0.130441 0.864391 0.0658763 1.27611 0.0298069 0.690944 0.00556356 0.997296 0.0172024 0.117516 0.00174402 0.260693 0.00896104 9.13995 0.493814 2.78653 0.114826 19.8255 0.593151
73 2.175 0.53405 0.19435 1.03018 0.0795618 1.13472 0.0312554 0.800671 0.00690401 1.13065 0.020294 0.103154 0.00180888 0.508724 0.00961039 8.07326 0.504124 2.47266 0.117981 13.9687 0.610959
74 2.205 0.761082 0.287965 1.12749 0.0949553 0.977687 0.0325382 0.863327 0.00838858 1.24855 0.0238037 0.100069 0.00187374 0.248236 0.00993506 9.03117 0.515979 3.60434 0.122713 12.5524 0.627397
75 2.235 1.00681 0.415192 1.27714 0.112871 0.972527 0.0338498 1.04789 0.0102407 1.3501 0.0277025 0.205788 0.00201067 0.43358 0.0105195 6.106 0.524227 3.50886 0.127445 14.1861 0.646575
76 2.265 1.27525 0.580729 1.43241 0.133504 0.900706 0.0350966 1.1081 0.0122514 1.41199 0.0318896 0.231992 0.00216921 0.327592 0.010974 5.20677 0.531443 3.64145 0.132492 10.8669 0.661644
77 2.295 1.55993 0.788613 1.51059 0.155852 0.861781 0.0363217 1.33418 0.0147377 1.57412 0.036682 0.256761 0.00234938 0.365975 0.0114935 7.96967 0.542784 2.89227 0.136593 16.4132 0.684932
78 2.325 1.83985 1.04027 1.60072 0.180153 0.74107 0.0374027 1.29237 0.0172096 1.45737 0.0412367 0.230424 0.00251513 0.17829 0.0117532 6.35756 0.552062 4.97562 0.143849 13.1484 0.70411
79 2.355 2.13465 1.33984 1.58335 0.204814 0.5104 0.0381666 1.36246 0.0198833 1.51058 0.0460796 0.370951 0.00278899 0.304502 0.0122078 7.22725 0.562887 3.79915 0.149527 12.7877 0.723288
80 2.385 2.40073 1.68537 1.67177 0.231522 0.544228 0.0390026 1.50816 0.0229173 1.5186 0.0510738 0.476762 0.00314932 0.126372 0.0124026 6.37575 0.57268 2.87296 0.153943 9.78952 0.738356
81 2.415 2.60587 2.06992 1.65371 0.258612 0.613739 0.0399683 1.49479 0.0260017 1.38563 0.0557437 0.464216 0.00350966 0.331308 0.0129221 4.5837 0.579897 4.40694 0.160883 16.5493 0.764384
82 2.445 2.7455 2.48523 1.60887 0.285623 0.531881 0.0408259 1.52667 0.0292303 1.38856 0.0605434 0.55216 0.00394926 0.321786 0.0134416 5.75358 0.589175 3.32123 0.166246 11.921 0.783562
83 2.475 2.85609 2.92793 1.5639 0.312525 0.519021 0.0416835 1.51337 0.0325094 1.3532 0.0653358 0.645069 0.00447535 0.0787162 0.0135714 4.67493 0.596907 4.39015 0.173502 11.6056 0.80274
84 2.505 2.90084 3.38853 1.46412 0.338325 0.476852 0.0424906 1.53223 0.0359109 1.31485 0.0701067 0.612423 0.00498703 0.26794 0.014026 2.43063 0.601031 3.16501 0.178864 6.48149 0.813699
85 2.535 2.88617 3.85784 1.48752 0.36517 0.428164 0.0432329 1.4773 0.0392692 1.21679 0.0746253 0.623466 0.00552032 0.224381 0.0144156 2.08483 0.604639 4.91736 0.187382 9.47251 0.830137
86 2.565 2.87077 4.33576 1.36823 0.390451 0.478885 0.0440833 1.4022 0.0425339 1.18257 0.0791222 0.73232 0.00616172 0.291538 0.0149351 5.51099 0.614433 2.65955 0.192114 10.0286 0.847945
87 2.595 2.7805 4.80956 1.33712 0.415739 0.472055 0.0449409 1.34608 0.0457408 1.28268 0.0841165 0.923624 0.00699049 0.321924 0.0155195 3.39605 0.620619 3.29355 0.198107 11.3249 0.868493
88 2.625 2.63965 5.2698 1.2682 0.440285 0.48036 0.0458345 1.16802 0.0485875 1.13599 0.0886423 0.79369 0.00771836 0.139019 0.0157792 3.04689 0.626289 4.5763 0.206625 12.5276 0.891781
89 2.655 2.5343 5.72182 1.20421 0.464125 0.393722 0.046584 1.08038 0.0512828 1.19012 0.0934924 0.752571 0.00842462 0.205239 0.0161688 2.44394 0.630928 2.82015 0.211987 10.0762 0.910959
90 2.685 2.387 6.15725 1.10113 0.486415 0.433689 0.0474272 0.969422 0.0537547 1.1088 0.0981118 0.879055 0.0092678 0.332946 0.0168182 3.97008 0.63866 2.43154 0.216719 9.83514 0.930137
91 2.715 2.22544 6.57234 1.01486 0.507423 0.517617 0.0484578 0.942689 0.0562122 1.01313 0.102429 0.829741 0.0100822 0.130865 0.0170779 3.3669 0.645361 3.48493 0.223659 5.52373 0.941096
92 2.745 2.07314 6.96761 0.932406 0.527155 0.435779 0.0493442 0.838569 0.0584462 1.05231 0.107012 0.812314 0.0108965 0.127997 0.0173377 3.80208 0.653093 3.10102 0.229968 7.41218 0.956164
93 2.775 1.93666 7.34497 0.838812 0.545294 0.516867 0.050418 0.788462 0.0605938 1.07031 0.111776 0.766163 0.011682 0.313269 0.017987 4.21031 0.661856 4.40519 0.239117 7.2673 0.971233
94 2.805 1.74964 7.69328 0.794308 0.562842 0.505872 0.0514918 0.76903 0.0627342 0.99039 0.11628 0.777896 0.0124964 0.183506 0.0183766 4.60539 0.671649 2.22895 0.243849 4.52414 0.980822
95 2.835 1.60781 8.02025 0.732412 0.579374 0.531487 0.0526449 0.752651 0.0648746 0.97998 0.120835 0.869258 0.0134261 0.179568 0.0187662 4.98634 0.682474 2.47122 0.249211 6.95034 0.99589
96 2.865 1.46891 8.32534 0.681297 0.595078 0.517381 0.0537907 0.697507 0.0668997 0.882641 0.125022 0.850824 0.0143557 0.175372 0.0191558 2.79279 0.68866 3.27638 0.256467 6.18825 1.00959
97 2.895 1.35425 8.61251 0.605146 0.609318 0.493848 0.0549078 0.6806 0.0689176 0.800316 0.128899 0.917999 0.0153791 0.258882 0.0197403 3.65418 0.696907 5.30339 0.268454 7.26679 1.02603
98 2.925 1.21997 8.87662 0.555461 0.622665 0.614781 0.0563275 0.630919 0.0708273 0.780928 0.132762 0.873775 0.0163736 0.14037 0.0200649 3.79287 0.70567 2.73816 0.274763 7.1073 1.04247
99 2.955 1.11307 9.12253 0.554354 0.636257 0.550544 0.0576247 0.608724 0.0727083 0.780879 0.136704 0.868045 0.0173825 0.248577 0.0206494 3.94389 0.714948 2.94789 0.281703 6.37323 1.05753
100 2.985 1.01291 9.35088 0.504754 0.648883 0.650288 0.0591885 0.736239 0.0750288 0.671843 0.140163 0.753271 0.0182762 0.189356 0.0211039 4.93378 0.726804 3.27355 0.28959 5.70411 1.07123
101 3.015 0.927402 9.5642 0.457059 0.660551 0.669874 0.0608317 0.618168 0.0770179 0.680386 0.143737 0.821587 0.0192707 0.265311 0.0217532 4.408 0.737629 2.31274 0.295268 5.0386 1.08356
102 3.045 0.855212 9.76482 0.43505 0.67188 0.624861 0.0623955 0.621834 0.0790574 0.646719 0.147204 0.723729 0.0201643 0.233444 0.0223377 4.73544 0.749485 4.66828 0.30694 3.29131 1.09178
103 3.075 0.769994 9.94903 0.411759 0.682812 0.632584 0.0640098 0.667789 0.0812914 0.713308 0.151103 0.738758 0.021094 0.407193 0.0233766 4.03918 0.759794 2.96964 0.314511 3.21981 1.1
104 3.105 0.726951 10.1263 0.367613 0.692764 0.747461 0.0659556 0.682821 0.0836192 0.673626 0.154857 0.752429 0.0220597 0.424572 0.0244805 4.95731 0.77268 3.51564 0.323659 7.90716 1.12055
105 3.135 0.673449 10.2938 0.363212 0.702789 0.714886 0.067851 0.671563 0.0859542 0.641939 0.158504 0.716194 0.0229965 0.31818 0.0253247 5.25038 0.786598 3.9266 0.334069 5.15018 1.13425
106 3.165 0.629123 10.4532 0.370955 0.713224 0.759439 0.0699049 0.687659 0.08839 0.647485 0.162251 0.71329 0.0239478 0.528909 0.0267532 3.62426 0.796392 3.84946 0.344479 4.56514 1.14658
107 3.195 0.586488 10.6047 0.346464 0.723155 0.934009 0.0724777 0.640679 0.0907034 0.638704 0.16602 0.742496 0.0249568 0.4937 0.0281169 4.8615 0.809794 4.69991 0.357413 6.44505 1.16438
108 3.225 0.551504 10.7498 0.338899 0.73305 0.757313 0.0746036 0.597119 0.0929014 0.66076 0.169991 0.77552 0.0260306 0.440146 0.0293506 4.22876 0.821649 5.73551 0.373502 4.38436 1.17671
109 3.255 0.525541 10.8907 0.345393 0.743327 0.851864 0.0770395 0.582468 0.095085 0.641422 0.173919 0.551319 0.0268089 0.431167 0.0305844 6.49101 0.840206 5.28868 0.388644 3.83045 1.18767
110 3.285 0.495028 11.0258 0.327945 0.753265 0.957356 0.0798285 0.613527 0.0974272 0.62523 0.177818 0.677361 0.0277818 0.5361 0.0321429 4.59945 0.853608 6.27568 0.40694 2.82528 1.19589
111 3.315 0.473964 11.1576 0.336289 0.763642 0.986624 0.0827544 0.68226 0.100079 0.686706 0.182178 0.537016 0.0285673 0.547999 0.0337662 3.29984 0.863402 7.12307 0.428076 4.15691 1.20822
112 3.345 0.461509 11.2882 0.352524 0.774719 0.97123 0.0856875 0.620963 0.102537 0.710591 0.186776 0.493166 0.0293024 0.709247 0.0359091 3.41363 0.873711 6.48327 0.447634 1.821 1.2137
113 3.375 0.443886 11.4161 0.342505 0.785673 0.94681 0.088599 0.708361 0.105391 0.699284 0.191381 0.584648 0.0301888 0.569968 0.0376623 5.36118 0.890206 7.07472 0.469401 3.57589 1.22466
114 3.405 0.443399 11.5462 0.343546 0.796858 0.992658 0.0917051 0.702986 0.108273 0.712812 0.196159 0.551085 0.0310392 0.850692 0.0403247 3.78598 0.902062 7.66758 0.493375 5.25984 1.2411
115 3.435 0.436655 11.6765 0.358008 0.80872 0.991025 0.0948616 0.676981 0.111098 0.686519 0.200843 0.701928 0.0321418 0.916418 0.0432468 5.67761 0.920103 9.00968 0.522082 3.43741 1.25205
116 3.465 0.430185 11.8072 0.382232 0.821606 0.947464 0.0979317 0.723078 0.114168 0.721594 0.205852 0.608857 0.0331147 0.802191 0.0458442 4.13097 0.933505 6.7117 0.543849 5.48688 1.26986
117 3.495 0.434965 11.9416 0.394303 0.835133 0.935551 0.101016 0.707254 0.117224 0.710426 0.210868 0.580623 0.0340588 0.788411 0.0484416 3.91041 0.946392 5.93275 0.563407 2.4918 1.27808
118 3.525 0.439414 12.0797 0.396091 0.848955 1.01237 0.10441 0.654063 0.120099 0.713275 0.215992 0.601409 0.0350533 1.16199 0.0523377 3.5316 0.958247 6.30353 0.584543 4.49451 1.29315
119 3.555 0.44712 12.2227 0.428421 0.864161 0.974066 0.107733 0.718899 0.123314 0.711369 0.221188 0.646505 0.0361415 0.856627 0.0552597 2.72565 0.967526 8.13341 0.612303 3.61934 1.30548
120 3.585 0.456874 12.3712 0.436067 0.879901 0.945681 0.111012 0.779657 0.126859 0.790793 0.227061 0.707997 0.0373523 0.786035 0.057987 3.12029 0.978351 7.0954 0.636909 5.12812 1.32329
121 3.615 0.481951 12.5306 0.461919 0.896851 1.04852 0.114709 0.769886 0.130419 0.712637 0.232445 0.613233 0.0384189 0.865 0.061039 3.80219 0.991753 7.51546 0.663407 2.71233 1.33288
122 3.645 0.493292 12.6964 0.47001 0.914385 1.00448 0.118312 0.762155 0.134001 0.728141 0.238037 0.635771 0.0395431 0.905023 0.0642857 4.5987 1.00825 5.1961 0.682019 4.20262 1.34795
123 3.675 0.514856 12.8723 0.487938 0.932891 1.05372 0.122153 0.766036 0.137662 0.734503 0.243773 0.677743 0.040761 1.06893 0.0681818 2.96844 1.01907 6.48361 0.705678 3.38733 1.36027
124 3.705 0.536963 13.0588 0.500478 0.952184 0.999625 0.125858 0.851814 0.141799 0.716679 0.249459 0.726149 0.0420871 1.12259 0.0723377 3.06229 1.03041 6.30207 0.729022 4.80833 1.37808
125 3.735 0.568143 13.2593 0.539888 0.973335 0.930352 0.12936 0.889229 0.146188 0.796098 0.255881 0.659565 0.0433122 1.15503 0.0766883 3.83591 1.04485 6.78902 0.754574 2.55114 1.38767
126 3.765 0.600393 13.4746 0.532766 0.994545 0.984884 0.133129 0.803252 0.150216 0.771294 0.262201 0.660481 0.044559 1.1545 0.0811039 2.96263 1.05619 4.37227 0.771293 2.15046 1.39589
127 3.795 0.639117 13.7075 0.5731 1.01773 0.943675 0.136797 0.887931 0.154742 0.774528 0.268651 0.752087 0.0460003 0.86925 0.0844805 2.91499 1.06753 7.06057 0.798738 2.81346 1.40685
128 3.825 0.675149 13.9575 0.583354 1.0417 1.0351 0.140884 0.90095 0.159405 0.831853 0.275685 0.729114 0.04742 1.15086 0.089026 4.96774 1.08711 5.67372 0.821136 3.46801 1.42055
129 3.855 0.711561 14.225 0.602265 1.06683 1.00838 0.144926 0.991235 0.164615 0.764228 0.28225 0.7467 0.0488974 1.10016 0.0934416 3.08796 1.09948 6.76041 0.848265 4.09778 1.43699
130 3.885 0.75085 14.5117 0.635766 1.09378 1.01738 0.14907 0.88548 0.169343 0.83609 0.289543 0.692353 0.0502883 1.02005 0.0975974 2.14953 1.10825 4.49283 0.866562 2.69128 1.44795
131 3.915 0.80768 14.825 0.649401 1.12174 0.928349 0.152912 0.89753 0.174207 0.824036 0.296843 0.748807 0.0518161 0.909498 0.101364 3.86155 1.12423 5.48813 0.889274 1.6559 1.45479
132 3.945 0.841147 15.1562 0.664046 1.15076 0.897259 0.156681 0.919139 0.179266 0.777729 0.303841 0.681643 0.0532286 1.02101 0.105649 3.55958 1.13918 4.286 0.907256 1.30253 1.46027
133 3.975 0.894223 15.5137 0.682265 1.18102 0.937809 0.16068 0.967982 0.184679 0.823721 0.311365 0.781121 0.0548717 0.95992 0.10974 2.2984 1.14897 5.55173 0.930915 3.84718 1.47671
134 4.005 0.948842 15.8988 0.725616 1.21371 0.950442 0.164795 0.900488 0.189788 0.76313 0.318442 0.769393 0.0565148 1.21485 0.115 2.73762 1.16082 5.023 0.952681 4.11398 1.49452
135 4.035 0.98175 16.3033 0.73715 1.24742 0.939839 0.168925 0.914448 0.195056 0.833945 0.32629 0.748173 0.0581364 1.22687 0.12039 3.63672 1.1768 5.38619 0.976341 2.80433 1.50685
136 4.065 1.02953 16.7337 0.735861 1.28157 1.02103 0.173479 0.947951 0.200598 0.83756 0.334289 0.838372 0.0599813 0.988167 0.124805 3.6998 1.1933 5.23329 0.999685 3.07622 1.52055
137 4.095 1.08467 17.194 0.767591 1.31771 0.986771 0.177948 0.956213 0.20627 0.860026 0.342628 0.748857 0.0616532 1.36303 0.130974 4.1025 1.21186 4.46619 1.01987 1.81782 1.52877
138 4.125 1.13287 17.6817 0.790027 1.35547 0.985916 0.182473 0.938486 0.21192 0.832142 0.350814 0.782795 0.0634261 1.07436 0.135909 3.25652 1.2268 4.0539 1.03849 1.78659 1.53699
139 4.155 1.16029 18.1886 0.784462 1.3935 0.985238 0.187064 0.980615 0.217909 0.874324 0.359542 0.883842 0.0654583 1.22627 0.141623 3.09799 1.24124 3.51955 1.05489 1.46741 1.54384
140 4.185 1.19507 18.7182 0.782691 1.432 1.05514 0.192051 0.903682 0.223508 0.876912 0.36842 0.810062 0.0673465 0.961073 0.146169 2.84037 1.25464 4.46856 1.07603 2.31965 1.55479
141 4.215 1.23821 19.2749 0.794506 1.47163 0.94383 0.196577 1.00091 0.2298 0.908126 0.377746 0.859229 0.0693788 1.20588 0.151948 2.9008 1.26856 4.21595 1.09621 2.86161 1.56849
142 4.245 1.25511 19.8472 0.822251 1.51325 1.02979 0.201585 0.967866 0.235969 0.896515 0.387086 0.885566 0.0715048 0.907775 0.156364 3.07235 1.28351 3.30768 1.1123 3.09628 1.58356
143 4.275 1.27156 20.4352 0.822149 1.55544 0.991988 0.206479 0.997432 0.242419 0.896874 0.396562 0.83825 0.0735442 1.26408 0.162597 3.23578 1.29948 2.55709 1.12492 1.66203 1.59178
144 4.305 1.30536 21.0473 0.838432 1.59908 0.939247 0.211178 1.03196 0.249186 0.843684 0.4056 0.917364 0.0758071 1.20803 0.168636 3.70751 1.31804 3.72105 1.14353 2.18945 1.60274
145 4.335 1.30385 21.6673 0.826657 1.64271 1.01444 0.216323 0.930925 0.255376 0.927985 0.415682 0.956466 0.0781998 1.01164 0.173766 1.93186 1.32784 2.36107 1.15552 1.89719 1.61233
146 4.365 1.31528 22.3014 0.804526 1.68575 1.05663 0.221757 1.02825 0.262309 0.866927 0.425231 0.957225 0.0806284 0.960671 0.178701 1.70295 1.3366 2.38979 1.16782 0.266814 1.6137
147 4.395 1.32438 22.9487 0.826091 1.73056 0.96091 0.226766 0.975234 0.268975 0.841582 0.434628 0.958567 0.0830931 1.17158 0.184805 2.37175 1.34897 2.48455 1.18076 1.31463 1.62055
148 4.425 1.32059 23.603 0.815112 1.77539 0.988621 0.23199 0.93522 0.275454 0.881766 0.444609 0.953485 0.0855794 0.995153 0.190065 2.34174 1.36134 2.98407 1.19653 2.85338 1.63562
149 4.455 1.32688 24.2693 0.819361 1.82106 0.909662 0.236862 0.930804 0.28199 0.916307 0.455124 0.940615 0.0880657 1.0185 0.195519 2.88802 1.3768 2.76654 1.21136 1.02099 1.6411
150 4.485 1.31776 24.94 0.818305 1.86728 0.925157 0.241885 0.979263 0.288959 0.891904 0.465494 0.923185 0.0905376 1.06412 0.201299 3.22631 1.39433 3.13488 1.22839 1.76436 1.65068
151 4.515 1.32657 25.6243 0.825652 1.91455 0.868415 0.246663 0.942359 0.295755 0.922307 0.476362 0.916297 0.0930239 1.17973 0.207792 2.15756 1.40619 2.40794 1.24164 1.98815 1.66164
152 4.545 1.32114 26.3148 0.826998 1.96253 0.911248 0.251744 0.936786 0.302602 0.895607 0.487057 0.898916 0.0954958 1.04799 0.213636 2.67945 1.42113 3.00061 1.25836 1.71579 1.67123
153 4.575 1.31698 27.0123 0.849143 2.01244 0.896918 0.25681 0.996607 0.309981 0.865304 0.497528 0.936055 0.0981046 1.34472 0.221234 2.1012 1.43299 2.06455 1.27003 1.45295 1.67945
154 4.605 1.31295 27.7167 0.830106 2.06187 0.807367 0.26143 0.95492 0.317145 0.859408 0.508064 0.873184 0.100569 1.19195 0.228052 2.34209 1.44639 2.4805 1.28423 1.91864 1.69041
155 4.635 1.29509 28.4207 0.841907 2.11266 0.766863 0.265876 0.947442 0.324344 0.891246 0.519134 0.899885 0.103142 1.04192 0.234091 1.95401 1.45773 2.93614 1.30126 2.5968 1.70548
156 4.665 1.30012 29.1366 0.838676 2.16392 0.797564 0.270561 0.950093 0.331659 0.851388 0.529843 0.905348 0.105765 1.13893 0.240779 2.10438 1.4701 2.41732 1.31546 1.86789 1.71644
157 4.695 1.2895 29.8558 0.815224 2.21438 0.866206 0.275713 0.901919 0.338693 0.874289 0.540984 0.881691 0.108353 1.1142 0.247403 2.42368 1.48454 2.49336 1.33028 2.53257 1.73151
158 4.725 1.27713 30.5772 0.826209 2.26619 0.794304 0.280499 0.879498 0.34564 0.816334 0.551521 0.887653 0.11099 1.07792 0.253896 2.48177 1.49948 2.25171 1.34385 0.907832 1.73699
159 4.755 1.28117 31.3101 0.842373 2.31967 0.816091 0.285479 0.879308 0.352674 0.870833 0.5629 0.898058 0.113693 1.09515 0.260584 1.94111 1.51134 1.19017 1.3511 3.14185 1.75616
160 4.785 1.26845 32.045 0.817872 2.37226 0.756873 0.290156 0.878999 0.359794 0.840649 0.574027 0.839452 0.116251 1.21921 0.268117 1.41903 1.5201 2.04036 1.36372 1.5546 1.76575
161 4.815 1.26382 32.7864 0.832498 2.42646 0.792096 0.295114 0.921786 0.367354 0.850726 0.585428 0.905851 0.119047 1.28686 0.276169 2.63462 1.5366 3.32861 1.38454 0.655382 1.76986
162 4.845 1.25883 33.534 0.798768 2.47912 0.770512 0.299993 0.891283 0.374755 0.855486 0.597038 0.938462 0.12198 1.02474 0.282662 2.68458 1.55361 2.19223 1.39842 1.7317 1.78082
163 4.875 1.25713 34.2899 0.822441 2.53401 0.772962 0.304951 0.893928 0.382272 0.86307 0.608893 0.85883 0.124697 1.04168 0.289351 1.8465 1.56546 1.96658 1.41104 1.71169 1.79178
164 4.905 1.24654 35.0488 0.805197 2.58841 0.699327 0.309491 0.882127 0.389781 0.865291 0.620928 0.873251 0.127494 1.25887 0.297532 1.90317 1.57784 2.04185 1.42429 2.31937 1.80685
165 4.935 1.22209 35.8019 0.816 2.64422 0.7161 0.314197 0.85473 0.397146 0.818 0.632445 0.846771 0.130239 1.14595 0.305065 1.80374 1.58969 1.72803 1.43565 1.66834 1.81781
166 4.965 1.20245 36.5519 0.790786 2.69897 0.77576 0.319357 0.866982 0.404706 0.825893 0.644213 0.805987 0.132884 1.16062 0.312792 2.01461 1.60309 2.08421 1.44953 1.85067 1.83014
167 4.995 1.19668 37.3074 0.794297 2.75463 0.76728 0.324524 0.824959 0.411985 0.877276 0.656868 0.830973 0.135644 1.32059 0.321688 1.68669 1.61443 2.48109 1.46625 2.03233 1.84384
168 5.025 1.17405 38.0575 0.768886 2.80915 0.793399 0.329929 0.852556 0.419602 0.830545 0.66899 0.814613 0.138383 1.31461 0.330649 1.96632 1.62784 2.31443 1.48202 1.81052 1.85616
169 5.055 1.16503 38.8107 0.781953 2.86526 0.845389 0.33576 0.86516 0.427421 0.84848 0.681522 0.781664 0.141042 1.3569 0.34 1.41972 1.63763 1.73937 1.49401 2.98241 1.87671
170 5.085 1.13606 39.554 0.759437 2.9204 0.798241 0.34133 0.814571 0.434873 0.793018 0.693377 0.812255 0.143838 1.20045 0.348377 2.43789 1.65464 2.25928 1.50978 1.76494 1.88904
171 5.115 1.11835 40.2943 0.749677 2.97548 0.865537 0.347442 0.868961 0.442916 0.809303 0.705614 0.745041 0.146433 1.24179 0.357143 2.11794 1.66959 2.05524 1.52429 3.10246 1.91096
172 5.145 1.08666 41.0221 0.728979 3.02968 0.820991 0.353308 0.805559 0.450461 0.839691 0.718464 0.676913 0.148818 1.56345 0.368312 1.51688 1.68041 1.41381 1.53438 0.765709 1.91644
173 5.175 1.07651 41.7516 0.713667 3.08335 0.853591 0.359477 0.824672 0.458273 0.82209 0.731191 0.796432 0.151658 1.17707 0.376818 1.71112 1.69278 1.22271 1.54322 0.567864 1.92055
174 5.205 1.05898 42.4775 0.708782 3.13727 0.852272 0.365711 0.831451 0.466244 0.812499 0.743918 0.77547 0.154454 1.5187 0.387922 1.40822 1.70309 1.8143 1.55647 1.31045 1.93014
175 5.235 1.02935 43.1913 0.705021 3.19153 0.860357 0.372074 0.79249 0.473926 0.80605 0.756688 0.772291 0.157272 1.32547 0.397727 1.95275 1.71753 1.70527 1.56909 2.03709 1.94521
176 5.265 0.997962 43.8912 0.693384 3.24551 0.916184 0.378928 0.793744 0.481709 0.80824 0.769638 0.687327 0.159808 1.29403 0.407403 1.5138 1.72887 1.55898 1.58076 1.28174 1.95479
177 5.295 0.972982 44.5814 0.666173 3.29796 0.877149 0.385565 0.809281 0.489738 0.823604 0.782985 0.708573 0.162453 1.42489 0.418182 2.24825 1.74588 2.20851 1.59748 1.80453 1.96849
178 5.325 0.951784 45.2643 0.658368 3.35039 0.922906 0.392628 0.808851 0.497852 0.807415 0.796216 0.683672 0.165033 1.4155 0.429026 1.41217 1.7567 2.2274 1.61451 1.97077 1.98356
179 5.355 0.923669 45.9344 0.660937 3.40362 0.928519 0.399813 0.832513 0.506299 0.839333 0.810133 0.728957 0.167815 1.30088 0.439091 2.1329 1.7732 1.67086 1.62744 1.41798 1.99452
180 5.385 0.900886 46.5954 0.648824 3.45646 0.985303 0.407524 0.734043 0.51383 0.840921 0.824229 0.67383 0.170417 1.31162 0.449351 1.31664 1.78351 2.01848 1.64322 0.700226 2
181 5.415 0.88517 47.2521 0.633187 3.5086 0.966251 0.41517 0.76779 0.521793 0.799718 0.837785 0.644341 0.172932 1.26369 0.459351 1.82551 1.79794 2.07131 1.65962 1.55939 2.01233
182 5.445 0.864784 47.9008 0.628713 3.56095 1.00227 0.423191 0.781854 0.529994 0.835567 0.852104 0.699678 0.175692 1.42846 0.470779 1.73749 1.81186 1.73299 1.6735 1.19883 2.02192
183 5.475 0.840604 48.5383 0.622508 3.61334 1.00667 0.431335 0.804128 0.53852 0.849712 0.866828 0.678781 0.178402 1.58906 0.483636 1.78356 1.82629 1.95018 1.68927 0.847842 2.02877
184 5.505 0.813378 49.162 0.614287 3.66562 0.97635 0.43932 0.788617 0.546973 0.881631 0.882272 0.618212 0.180895 1.52368 0.496104 1.19965 1.83608 1.89256 1.70473 1.00948 2.03699
185 5.535 0.809752 49.7897 0.608403 3.71796 1.02399 0.447788 0.785971 0.555491 0.850393 0.897334 0.625548 0.183446 1.2247 0.506234 2.30525 1.85515 1.94545 1.72082 2.32237 2.05616
186 5.565 0.784461 50.4043 0.607315 3.77078 1.02513 0.456356 0.77872 0.564024 0.848384 0.912518 0.690683 0.186293 1.37527 0.517727 1.85183 1.87062 2.26501 1.73975 1.63623 2.06986
187 5.595 0.776266 51.0191 0.609771 3.82438 1.06369 0.465343 0.774461 0.5726 0.856715 0.92802 0.622682 0.188887 1.41478 0.529675 1.64762 1.88454 1.67871 1.75394 0.808209 2.07671
188 5.625 0.767578 51.6336 0.5921 3.87699 1.06484 0.474438 0.779733 0.581327 0.846151 0.9435 0.55438 0.191222 1.49832 0.542468 1.81428 1.9 1.62554 1.76782 1.76554 2.09178
189 5.655 0.759371 52.248 0.597961 3.93069 1.13805 0.484261 0.752358 0.589839 0.86654 0.95952 0.601083 0.193781 1.50375 0.555455 1.01375 1.90876 1.90098 1.78423 1.58382 2.10548
190 5.685 0.762239 52.8713 0.615095 3.98651 1.05425 0.493456 0.763868 0.598573 0.894586 0.976232 0.559587 0.196188 1.63023 0.569675 1.71278 1.92371 1.44564 1.79685 1.09998 2.11507
191 5.715 0.755216 53.4953 0.619334 4.04331 1.07263 0.502912 0.775913 0.607538 0.916395 0.993536 0.613221 0.198854 1.51801 0.583052 1.81544 1.93969 1.64539 1.81136 2.02136 2.13288
192 5.745 0.750307 54.1219 0.612139 4.10005 1.04115 0.512187 0.770941 0.616539 0.926222 1.01121 0.60675 0.201521 1.7131 0.598312 1.735 1.95515 1.76981 1.82713 1.53589 2.14658
193 5.775 0.75824 54.7616 0.611917 4.15736 1.13855 0.522434 0.785516 0.625807 0.973555 1.02997 0.558365 0.204 1.70927 0.613701 0.972871 1.96392 1.99731 1.84511 1.82747 2.16301
194 5.805 0.766084 55.4148 0.611703 4.21524 1.08802 0.532329 0.785893 0.635176 0.960086 1.04867 0.568559 0.206551 1.52132 0.627532 2.38265 1.98557 1.31761 1.8571 1.80851 2.17945
195 5.835 0.775509 56.0828 0.622395 4.27475 1.04484 0.541929 0.811956 0.644955 0.924916 1.06688 0.573961 0.209152 1.58934 0.642143 1.79163 2.00206 0.994396 1.86625 1.48935 2.19315
196 5.865 0.785629 56.7666 0.630895 4.33569 1.04186 0.5516 0.811919 0.654836 0.909279 1.08496 0.607718 0.211934 1.47569 0.655844 1.3874 2.01495 1.73509 1.88233 1.62784 2.20822
197 5.895 0.798638 57.4688 0.659748 4.40008 1.02118 0.561178 0.793785 0.664594 0.803941 1.10111 0.657453 0.214975 1.47416 0.669675 1.37403 2.02784 1.94963 1.90063 1.60997 2.22329
198 5.925 0.828038 58.2043 0.693504 4.46845 0.982891 0.570489 0.862202 0.675303 0.785815 1.11706 0.776936 0.218608 1.39119 0.682857 1.03443 2.03763 1.5656 1.91546 2.02574 2.24247
199 5.955 0.842736 58.9604 0.752608 4.5434 0.960683 0.579684 0.928935 0.686956 0.804068 1.13354 0.938892 0.22304 1.38448 0.696104 1.12804 2.04845 1.41649 1.92902 1.71521 2.2589
200 5.985 0.871888 59.7506 0.778691 4.62173 0.966835 0.589031 0.985002 0.699438 0.804783 1.1502 1.03074 0.227955 1.32318 0.708896 1.75929 2.06546 1.76122 1.94606 1.70018 2.27534
440000 200
1 0.015 0 0 0 0 0 0 0 0 0 0 0 0 0 0 0 0 0 0 0 0
2 0.045 0 0 0 0 0 0 0 0 0 0 0 0 0 0 0 0 0 0 0 0
3 0.075 0 0 0 0 0 0 0 0 0 0 0 0 0 0 0 0 0 0 0 0
4 0.105 0 0 0 0 0 0 0 0 0 0 0 0 0 0 0 0 0 0 0 0
5 0.135 0 0 0 0 0 0 0 0 0 0 0 0 0 0 0 0 0 0 0 0
6 0.165 0 0 0 0 0 0 0 0 0 0 0 0 0 0 0 0 0 0 0 0
7 0.195 0 0 0 0 0 0 0 0 0 0 0 0 0 0 0 0 0 0 0 0
8 0.225 0 0 0 0 0 0 0 0 0 0 0 0 0 0 0 0 0 0 0 0
9 0.255 0 0 0 0 0 0 0 0 0 0 0 0 0 0 0 0 0 0 0 0
10 0.285 0 0 0 0 0 0 0 0 0 0 0.666458 7.20669e-06 0 0 0 0 0 0 0 0
11 0.315 0 0 0 0 0 0 0 0 0 0 1.09059 2.16201e-05 0 0 0 0 0 0 0 0
12 0.345 0 0 0 0 0 0 0 0 0 0 3.64046 7.92736e-05 0 0 0 0 0 0 0 0
13 0.375 0 0 0 0 0 0 0 0 0 0 3.08028 0.000136927 0 0 0 0 0 0 0 0
14 0.405 0 0 0 0 0 0 0 0 0 0 2.97233 0.000201787 0 0 0 0 0 0 0 0
15 0.435 0 0 0 0 0 0 0 0 0 0 1.71676 0.000245027 0 0 0 0 0 0 0 0
16 0.465 0 0 0 0 0 0 0 0 0 0 4.00775 0.000360334 0 0 0 0 0 0 23.5168 0.00136986
17 0.495 0 0 0 0 0 0 0 0 0 0 3.09671 0.000461228 0 0 0 0 0 0 41.3368 0.00410959
18 0.525 0 0 0 0 0 0 0 0 0.0453168 7.20669e-06 3.53755 0.000590948 0 0 0 0 0 0 73.7657 0.00958904
19 0.555 0 0 0 0 0 0 0 0 0 7.20669e-06 1.58229 0.000655809 0 0 0 0 0 0 164.836 0.0232877
20 0.585 0 0 0 0 0 0 0 0 0 7.20669e-06 0.791217 0.000691842 0 0 0 0 0 0 178.097 0.039726
21 0.615 0 0 0 0 0 0 0 0 0 7.20669e-06 1.28928 0.000756702 0 0 0 0 0 0 174.605 0.0575342
22 0.645 0 0 0 0 0 0 0 0 0.0899813 2.88268e-05 0.65111 0.000792736 0 0 0 0 0 0 109.889 0.069863
23 0.675 0 0 0 0 0 0 0 0 0 2.88268e-05 0.593826 0.000828769 0 0 0 0 0 0 44.5913 0.0753425
24 0.705 0 0 0 0 0 0 0 0 0.0501722 4.32401e-05 0.21823 0.000843182 0 0 0 0 0 0 102.164 0.0890411
25 0.735 0 0 0 0 0 0 0 0 0.0692937 6.48602e-05 0.400726 0.000872009 0 0 0 0 6.49954 0.000946372 94.016 0.10274
26 0.765 0 0 0 0 0 0 0 0 0 6.48602e-05 0.370573 0.000900836 0 0 0 0 12.0019 0.00283912 52.0693 0.110959
27 0.795 0 0 0 0 0 0 0.0322443 7.20669e-06 0.0197562 7.20669e-05 0.17155 0.000915249 0 0 0 0 12.9442 0.00504732 24.112 0.115068
28 0.825 0 0 0 0 0 0 0.0897793 2.88268e-05 0.0366492 8.64803e-05 0 0.000915249 0 0 0 0 12.0267 0.00725552 59.7326 0.126027
29 0.855 0 0 0 0 0 0 0.0278704 3.60334e-05 0 8.64803e-05 0.148288 0.000929663 0 0 0 0 11.2028 0.00946372 55.5801 0.136986
30 0.885 0 0 0.00656617 1.44134e-05 0.0340236 7.20669e-06 0.0520795 5.04468e-05 0.0159241 9.36869e-05 0 0.000929663 0 0 0 0 4.47753 0.0104101 45.3986 0.146575
31 0.915 0 0 0.00306647 2.16201e-05 0.0319604 1.44134e-05 0.0974259 7.92736e-05 0 9.36869e-05 0 0.000929663 0 0 0 0 9.78672 0.0126183 97.0377 0.168493
32 0.945 0 0 0.0115074 5.04468e-05 0.029925 2.16201e-05 0.0228479 8.64803e-05 0.0139831 0.000100894 0.0607211 0.000936869 0 0 0 0 3.93352 0.0135647 17.0656 0.172603
33 0.975 0 0 0.0054001 6.48602e-05 0.0281113 2.88268e-05 0.0429128 0.000100894 0 0.000100894 0.0569557 0.000944076 0 0 0 0 1.22971 0.0138801 26.7168 0.179452
34 1.005 0 0 0.00762904 8.64803e-05 0.0794229 5.04468e-05 0.100878 0.000136927 0 0.000100894 0.214666 0.000972903 0 0 0 0 2.31727 0.014511 20.1262 0.184932
35 1.035 0 0 0.0119748 0.000122514 0.0498988 6.48602e-05 0.038088 0.00015134 0.0116145 0.0001081 0.05066 0.00098011 0 0 0 0 3.27389 0.0154574 23.7224 0.191781
36 1.065 0.00050247 1.44134e-05 0.0067945 0.000144134 0.141363 0.0001081 0.0179636 0.000158547 0.0219629 0.000122514 0 0.00098011 0 0 0 0 1.02846 0.0157729 17.9087 0.19726
37 1.095 0.000475186 2.88268e-05 0.0278436 0.000237821 0.111341 0.000144134 0.0170254 0.000165754 0 0.000122514 0.090219 0.000994523 0 0 0 0 2.92639 0.0167192 25.4255 0.205479
38 1.125 0.000450846 4.32401e-05 0.0263895 0.000331508 0.0211156 0.00015134 0 0.000165754 0.00985487 0.00012972 0.0427944 0.00100173 0 0 0 0 0.921686 0.0170347 16.0495 0.210959
39 1.155 0.00256627 0.00012972 0.0462105 0.000504468 0.0601447 0.000172961 0.0152733 0.000172961 0.00932659 0.000136927 0 0.00100173 0 0 0 0 0.876311 0.0173502 26.6604 0.220548
40 1.185 0 0.00012972 0.0256039 0.000605362 0.11421 0.000216201 0 0.000172961 0.0533412 0.000180167 0 0.00100173 0 0 1.36235 0.000515464 0 0.0173502 10.8352 0.224658
41 1.215 0.00193225 0.000201787 0.0382828 0.000763909 0.126783 0.000266647 0 0.000172961 0.0253836 0.000201787 0.0367622 0.00100894 0 0 0 0.000515464 0 0.0173502 10.32 0.228767
42 1.245 0.00220599 0.000288268 0.039771 0.000936869 0.0516843 0.000288268 0.0131444 0.000180167 0.0402693 0.000237821 0 0.00100894 0 0 0 0.000515464 3.77271 0.0189274 9.83604 0.232877
43 1.275 0.00315754 0.000417988 0.0379212 0.00110983 0.0492724 0.000309888 0 0.000180167 0.0230447 0.000259441 0.0333088 0.00101614 0 0 0 0.000515464 1.44044 0.0195584 9.37961 0.236986
44 1.305 0.003013 0.000547708 0.0693669 0.00144134 0.0784382 0.000345921 0.0119813 0.000187374 0.0219501 0.000281061 0.0318419 0.00102335 0 0 0 0.000515464 1.37336 0.0201893 11.9249 0.242466
45 1.335 0.00383878 0.000720669 0.0533415 0.00170799 0.0750066 0.000381954 0.0114544 0.000194581 0.013982 0.000295474 0.0912337 0.00104497 0 0 1.07182 0.00103093 5.24703 0.0227129 14.2463 0.249315
46 1.365 0.00336657 0.000879216 0.077198 0.00211156 0.0573825 0.000410781 0 0.000194581 0.0468775 0.000345921 0 0.00104497 0 0 3.07792 0.00257732 2.51163 0.0239748 10.9108 0.254795
47 1.395 0.00380768 0.00106659 0.0633537 0.00245748 0.0412459 0.000432401 0.0104702 0.000201787 0.102589 0.000461228 0.0278326 0.00105218 0 0 2.94502 0.00412371 10.2251 0.0293375 7.8359 0.258904
48 1.425 0.00308949 0.00122514 0.0619898 0.00281061 0.0395017 0.000454021 0.0100533 0.000208994 0.116737 0.000598155 0.0266646 0.00105938 0 0 2.82433 0.0056701 6.91234 0.033123 7.50196 0.263014
49 1.455 0.00323245 0.0013981 0.0643098 0.00319256 0 0.000454021 0 0.000208994 0.200383 0.000843182 0.0255215 0.00106659 0 0 3.61003 0.00773196 6.0788 0.0365931 16.7992 0.272603
50 1.485 0.00543057 0.00170078 0.0663835 0.00360334 0.0484937 0.000482848 0.00926041 0.000216201 0.107497 0.00098011 0 0.00106659 0 0 5.2043 0.0108247 6.36564 0.0403785 16.118 0.282192
51 1.515 0.00322839 0.00188815 0.0738552 0.00407899 0.0349383 0.000504468 0.0266371 0.000237821 0.190283 0.00123234 0.165216 0.00111704 0 0 3.33005 0.0128866 3.56891 0.0425868 13.2828 0.290411
52 1.545 0.00621189 0.0022629 0.0699192 0.00454742 0.0560024 0.000540502 0.0170964 0.000252234 0.219622 0.00153502 0 0.00111704 0.20164 0.00012987 3.20159 0.0149485 5.88086 0.0463722 6.38733 0.294521
53 1.575 0.00643381 0.00266647 0.0652295 0.00500144 0.0969605 0.000605362 0.00821884 0.000259441 0.201206 0.00182329 0.0437208 0.00113145 0.0970088 0.000194805 5.39436 0.0185567 6.12679 0.0504732 6.14827 0.29863
54 1.605 0.0059752 0.00305564 0.0817557 0.00559239 0.145183 0.000706255 0.0316583 0.000288268 0.232461 0.00216921 0.0421118 0.00114586 0 0.000194805 8.90285 0.0247423 3.63236 0.0529968 15.7829 0.309589
55 1.635 0.00554368 0.00343038 0.097975 0.00632747 0.259948 0.000893629 0.0381363 0.000324301 0.228751 0.00252234 0.0202559 0.00115307 0 0.000194805 11.4374 0.0329897 4.37646 0.0561514 11.3986 0.317808
56 1.665 0.00699271 0.00392044 0.0796832 0.00694725 0.424032 0.00121072 0.0367469 0.000360334 0.261017 0.00294033 0.0195614 0.00116028 0 0.000194805 11.7217 0.0417526 5.06384 0.0599369 9.15645 0.324658
57 1.695 0.00714281 0.00443932 0.106404 0.00780484 0.604742 0.00167916 0.028377 0.000389161 0.264994 0.00337994 0 0.00116028 0.0839241 0.00025974 21.9604 0.0587629 0.81442 0.0605678 12.3835 0.334247
58 1.725 0.00689524 0.0049582 0.107901 0.00870568 0.763381 0.00229173 0.0342555 0.000425195 0.222247 0.00376189 0.0364063 0.00117469 0.162052 0.00038961 23.1264 0.0773196 3.93148 0.0637224 10.2452 0.342466
59 1.755 0.00758954 0.00554915 0.111744 0.00967138 1.01517 0.00313491 0.072816 0.000504468 0.230899 0.00417267 0.0527975 0.00119631 0.3908 0.000714286 34.7531 0.106186 3.0393 0.0662461 8.25167 0.349315
60 1.785 0.00644075 0.00606803 0.0967355 0.0105362 1.6861 0.00458345 0.0639145 0.000576535 0.231033 0.00459787 0.0339886 0.00121072 0.45327 0.0011039 36.589 0.137629 4.40508 0.0700315 7.96514 0.356164
61 1.815 0.00830651 0.00675987 0.136456 0.0117973 1.96351 0.00632747 0.074274 0.000663015 0.238649 0.00505189 0.0823141 0.00124676 0.511882 0.00155844 41.1997 0.174227 2.48469 0.0722397 10.7937 0.365753
62 1.845 0.013063 0.00788412 0.136585 0.0131018 2.12745 0.00828048 0.0539055 0.000727875 0.197915 0.00544105 0.127314 0.00130441 0.636821 0.00214286 46.5999 0.21701 3.77926 0.0757098 19.4082 0.383562
63 1.875 0.016055 0.00931104 0.175344 0.0148314 2.37182 0.010529 0.110163 0.000864803 0.273269 0.00599596 0.0308083 0.00131882 0.753598 0.00285714 45.139 0.259794 3.66002 0.0791798 23.115 0.405479
64 1.905 0.0194786 0.0110983 0.213732 0.0170078 2.25361 0.0127342 0.219064 0.00114586 0.182233 0.00637792 0.119353 0.00137648 0.464378 0.00331169 37.3972 0.296392 4.83569 0.0839117 22.4078 0.427397
65 1.935 0.0278625 0.0137359 0.252443 0.0196598 2.52683 0.0152854 0.163422 0.00136206 0.209931 0.00683194 0.0868463 0.00141972 0.643246 0.00396104 39.8261 0.336598 4.37371 0.0883281 32.5498 0.460274
66 1.965 0.0389761 0.0175411 0.323947 0.0231695 2.53317 0.017923 0.200615 0.00163592 0.248804 0.00738686 0.0841738 0.00146296 0.686244 0.00467532 30.2012 0.368041 2.72727 0.0911672 19.7307 0.480822
67 1.995 0.0529999 0.022874 0.372363 0.0273278 2.18223 0.0202652 0.235681 0.00196743 0.225659 0.00790574 0.0543851 0.00149178 1.14941 0.00590909 24.9776 0.394845 2.35184 0.0936909 22.9752 0.505479
68 2.025 0.0805076 0.0312194 0.444094 0.0324373 2.13799 0.022629 0.248657 0.00232776 0.383461 0.00881378 0.0396249 0.0015134 0.822254 0.00681818 26.0988 0.423711 6.27794 0.100631 17.3375 0.524658
69 2.055 0.120024 0.0440329 0.554685 0.0390098 1.82259 0.0247045 0.313821 0.00279619 0.5407 0.0101326 0.0641023 0.00154944 0.456149 0.00733766 21.2677 0.447938 2.77046 0.103785 20.4535 0.547945
70 2.085 0.189107 0.064817 0.6257 0.0466417 1.51862 0.0264846 0.525332 0.00360334 0.631394 0.0117181 0.0623256 0.00158547 0.498962 0.00792208 17.586 0.468557 4.03548 0.108517 12.8487 0.563014
71 2.115 0.275556 0.0959787 0.722329 0.0557077 1.64886 0.0284736 0.505995 0.00440329 0.903727 0.014053 0.0727115 0.00162871 0.376927 0.00837662 10.6854 0.481443 3.66202 0.112934 20.4329 0.587671
72 2.145 0.400001 0.142505 0.902106 0.0673537 1.26044 0.0300375 0.744449 0.00561401 0.997908 0.0167051 0.129579 0.00170799 0.314 0.00876623 10.8012 0.494845 4.32085 0.118297 13.259 0.60411
73 2.175 0.57442 0.211199 1.0245 0.0809527 1.25423 0.0316374 0.85763 0.00704814 1.07346 0.0196382 0.0916808 0.00176564 0.356169 0.00922078 10.1014 0.507732 3.46199 0.122713 17.1836 0.626027
74 2.205 0.760592 0.304684 1.1764 0.097002 1.14891 0.0331436 0.897347 0.00859037 1.22657 0.023083 0.211758 0.00190257 0.347072 0.00967532 9.4381 0.520103 3.12696 0.126814 18.7952 0.650685
75 2.235 1.02976 0.434722 1.28752 0.115048 0.909582 0.0343687 1.02847 0.0104065 1.27643 0.0267656 0.108449 0.00197463 0.48224 0.0103247 11.0967 0.535052 2.80828 0.130599 22.375 0.680822
76 2.265 1.29673 0.602897 1.4224 0.135522 0.812703 0.0354929 1.1167 0.0124315 1.40094 0.0309167 0.200806 0.00211156 0.281377 0.0107143 11.5495 0.551031 2.27833 0.133754 10.9003 0.69589
77 2.295 1.58077 0.813376 1.45461 0.157019 0.725663 0.0365235 1.15349 0.0145791 1.44038 0.0352984 0.298378 0.00232055 0.319846 0.0111688 6.16764 0.559794 3.55493 0.138801 22.1857 0.727397
78 2.325 1.89264 1.07201 1.59743 0.181248 0.682413 0.037518 1.27471 0.017015 1.50729 0.0400043 0.280714 0.00252234 0.267304 0.0115584 4.24182 0.565979 1.72966 0.141325 10.3371 0.742466
79 2.355 2.15752 1.3745 1.58984 0.205989 0.713152 0.0385846 1.42269 0.019804 1.45353 0.0446598 0.33215 0.00276737 0.0868479 0.0116883 6.2044 0.575258 1.68673 0.143849 7.3293 0.753425
80 2.385 2.39297 1.71861 1.5673 0.231003 0.577831 0.039471 1.4984 0.0228164 1.45653 0.0494451 0.34302 0.00302681 0.0845842 0.0118182 6.72139 0.585567 2.87901 0.148265 8.92628 0.767123
81 2.415 2.56344 2.09656 1.54272 0.256248 0.595635 0.0404079 1.52404 0.0259585 1.46549 0.0543817 0.380928 0.00332228 0.0412633 0.0118831 7.53619 0.597423 2.60807 0.152366 4.35293 0.773973
82 2.445 2.73487 2.50986 1.55875 0.282394 0.563231 0.0413159 1.62684 0.0293961 1.36496 0.0590948 0.516632 0.00373306 0.281961 0.0123377 4.79646 0.605155 3.32797 0.157729 1.69976 0.776712
83 2.475 2.84048 2.94973 1.44828 0.307286 0.47989 0.0421087 1.58101 0.0328193 1.34843 0.0638657 0.451149 0.00410061 0.196492 0.0126623 3.12117 0.610309 4.2028 0.164669 3.32061 0.782192
84 2.505 2.83968 3.40019 1.44896 0.332798 0.579322 0.0430888 1.49806 0.0361415 1.27272 0.0684779 0.578414 0.00458345 0.0768462 0.0127922 1.82815 0.613402 5.22009 0.173502 6.47956 0.793151
85 2.535 2.86104 3.86498 1.39686 0.357985 0.544954 0.0440329 1.38325 0.0392837 1.35929 0.0735226 0.843297 0.00530412 0.187351 0.0131169 4.16421 0.620619 3.27611 0.17918 8.68801 0.808219
86 2.565 2.81855 4.33377 1.35699 0.383035 0.44672 0.0448256 1.35416 0.042433 1.29538 0.0784448 0.732925 0.00594552 0.1831 0.0134416 3.19342 0.626289 3.55584 0.185489 7.72411 0.821918
87 2.595 2.72909 4.79836 1.29186 0.407445 0.408753 0.0455679 1.28971 0.045503 1.19341 0.0830859 0.828767 0.00668781 0.143123 0.0137013 3.12182 0.631959 3.30209 0.191483 12.8294 0.845205
88 2.625 2.62047 5.25483 1.23079 0.431241 0.477033 0.0464543 1.13031 0.048256 1.16261 0.0877126 0.762801 0.00738686 0.174775 0.014026 3.05164 0.637629 3.05375 0.197161 13.2661 0.869863
89 2.655 2.49777 5.69993 1.16524 0.454288 0.454902 0.0473191 1.1946 0.0512323 1.15773 0.0924258 0.837902 0.00817238 0.273333 0.0145455 4.0675 0.645361 3.48546 0.203785 9.36768 0.887671
90 2.685 2.38756 6.13505 1.08951 0.476326 0.496602 0.0482848 0.958758 0.0536754 1.18041 0.0973407 0.901853 0.00903719 0.200316 0.0149351 2.65099 0.650515 3.40828 0.21041 6.34268 0.9
91 2.715 2.20746 6.5464 0.975999 0.496512 0.409736 0.0490992 0.965371 0.0561905 1.07833 0.101931 0.867353 0.00988758 0.163382 0.0152597 2.59236 0.65567 3.49247 0.21735 11.7151 0.923288
92 2.745 2.03023 6.93312 0.91624 0.515884 0.46465 0.0500432 0.819812 0.0583742 0.983632 0.106212 0.877378 0.0107668 0.223578 0.0157143 3.04345 0.661856 3.26004 0.223975 6.07032 0.935616
93 2.775 1.9146 7.30584 0.843873 0.534116 0.468507 0.0510161 0.878976 0.0607668 1.01437 0.110724 0.752686 0.0115379 0.156371 0.016039 2.97717 0.668041 2.88533 0.229968 4.61582 0.945205
94 2.805 1.75523 7.65496 0.776614 0.551261 0.370292 0.0518017 0.754085 0.0628639 0.953069 0.115055 0.902218 0.012482 0.33677 0.0167532 3.8864 0.676289 2.67569 0.235647 6.45636 0.958904
95 2.835 1.59075 7.97816 0.728303 0.567685 0.555299 0.0530052 0.669732 0.0647665 0.976527 0.119588 0.889969 0.0134333 0.209612 0.0172078 3.56776 0.684021 2.61832 0.241325 5.68869 0.971233
96 2.865 1.47402 8.28403 0.654636 0.582762 0.543747 0.0542087 0.777465 0.0670222 0.863443 0.123681 0.858169 0.0143701 0.263968 0.0177922 2.79349 0.690206 2.13896 0.246057 9.28052 0.991781
97 2.895 1.32697 8.56518 0.606501 0.597024 0.481541 0.0552969 0.639787 0.0689176 0.870869 0.127897 0.808143 0.015271 0.143487 0.0181169 3.42271 0.697938 3.76917 0.254574 4.24199 1.00137
98 2.925 1.21801 8.82861 0.526589 0.609664 0.621627 0.056731 0.590999 0.0707048 0.788973 0.131796 0.785427 0.0161646 0.112614 0.0183766 3.35145 0.70567 2.87148 0.261199 1.78245 1.00548
99 2.955 1.11452 9.07463 0.505618 0.622052 0.599917 0.0581436 0.639795 0.0726794 0.77022 0.13568 0.924604 0.0172384 0.220669 0.0188961 2.40679 0.71134 2.27765 0.266562 7.56022 1.02329
100 2.985 1.02049 9.3045 0.474178 0.633907 0.596875 0.0595777 0.585774 0.0745244 0.758995 0.139586 0.778195 0.0181609 0.243275 0.0194805 3.64811 0.720103 2.49365 0.272555 3.41687 1.03151
101 3.015 0.934309 9.5192 0.43681 0.645049 0.582111 0.0610046 0.68856 0.0767368 0.701354 0.143269 0.762807 0.0190833 0.317931 0.0202597 3.36529 0.728351 2.05883 0.277603 5.02953 1.04384
102 3.045 0.857873 9.72028 0.42077 0.655996 0.665869 0.0626694 0.609178 0.0787331 0.723993 0.147146 0.771334 0.0200346 0.441643 0.0213636 5.5659 0.742268 3.02916 0.285174 1.09672 1.04658
103 3.075 0.782961 9.90744 0.396861 0.666525 0.683954 0.0644134 0.612422 0.0807798 0.67561 0.150836 0.681893 0.0208922 0.203692 0.0218831 6.67457 0.759278 2.72184 0.292114 1.61035 1.05068
104 3.105 0.725273 10.0842 0.386565 0.676982 0.753908 0.0663736 0.666112 0.0830499 0.651024 0.154461 0.775691 0.0218867 0.449756 0.0230519 3.17187 0.767526 3.76132 0.301893 5.26985 1.06438
105 3.135 0.690754 10.2558 0.358054 0.686855 0.76683 0.0684059 0.614098 0.085183 0.730013 0.158605 0.705702 0.0228092 0.318504 0.0238961 5.05659 0.780928 3.8085 0.311987 3.10165 1.0726
106 3.165 0.643797 10.4189 0.369503 0.69724 0.816337 0.0706111 0.649318 0.087482 0.670164 0.162482 0.616625 0.0236307 0.384551 0.0249351 6.29644 0.797938 4.43748 0.323975 1.5217 1.07671
107 3.195 0.588695 10.5708 0.346222 0.707156 0.790654 0.0727875 0.603237 0.0896584 0.652709 0.16633 0.626381 0.0244811 0.377326 0.025974 5.99352 0.814433 5.61447 0.339432 2.98643 1.08493
108 3.225 0.555697 10.7169 0.334894 0.716929 0.871157 0.0752306 0.599904 0.0918636 0.643044 0.170193 0.620036 0.0253387 0.46312 0.0272727 4.77921 0.827835 5.39879 0.354574 3.90685 1.09589
109 3.255 0.539755 10.8614 0.351997 0.727393 0.928373 0.0778827 0.63124 0.0942274 0.719539 0.174596 0.61886 0.0262107 0.61373 0.029026 5.0522 0.842268 7.72957 0.376656 3.83634 1.10685
110 3.285 0.510537 11.0007 0.330364 0.737396 0.946183 0.0806356 0.668846 0.0967786 0.688019 0.178884 0.567434 0.0270251 0.401762 0.0301948 3.72016 0.853093 7.15139 0.397476 3.29673 1.11644
111 3.315 0.484785 11.1354 0.331433 0.747615 0.958352 0.0834751 0.671611 0.0993874 0.663107 0.183093 0.571832 0.0278611 0.657355 0.0321429 3.9999 0.864948 5.74846 0.414511 4.62205 1.13014
112 3.345 0.469112 11.2681 0.342278 0.75836 0.931517 0.0862857 0.60676 0.101787 0.670205 0.187424 0.552013 0.0286826 0.581033 0.0338961 3.92955 0.876804 9.09724 0.441956 2.27122 1.13699
113 3.375 0.455986 11.3994 0.352018 0.769609 1.01825 0.0894134 0.622965 0.104295 0.660526 0.19177 0.684954 0.0297204 0.761014 0.0362338 5.70609 0.89433 6.77922 0.462776 3.56648 1.14795
114 3.405 0.448684 11.5309 0.370415 0.781659 0.919719 0.0922888 0.654186 0.106976 0.705976 0.196498 0.546832 0.0305636 0.519482 0.0378571 3.29748 0.904639 7.36459 0.485804 4.81875 1.16301
115 3.435 0.446442 11.6641 0.388993 0.794537 1.0193 0.0955319 0.635865 0.109628 0.725417 0.201441 0.592416 0.0314932 0.693877 0.0400649 3.72497 0.916495 7.53518 0.509779 4.73781 1.17808
116 3.465 0.447767 11.8 0.37803 0.807272 1.0886 0.0990559 0.742136 0.112777 0.740947 0.20658 0.744623 0.0326823 0.541711 0.0418182 3.97982 0.929381 7.30826 0.533438 2.96468 1.18767
117 3.495 0.446182 11.9377 0.396569 0.820863 1.00868 0.102378 0.719441 0.115884 0.727276 0.211711 0.541179 0.0335615 0.749269 0.0442857 3.13109 0.939691 8.81099 0.562461 5.82187 1.20685
118 3.525 0.44312 12.0769 0.409913 0.835154 0.963569 0.105607 0.720372 0.119047 0.754164 0.217123 0.597346 0.0345489 0.852761 0.0471429 3.84755 0.952577 8.38023 0.590536 3.27087 1.21781
119 3.555 0.449782 12.2206 0.429027 0.850368 1.05098 0.109189 0.767913 0.122478 0.665465 0.22198 0.523016 0.0354281 1.04792 0.0507143 4.08378 0.966495 7.03443 0.614511 3.21637 1.22877
120 3.585 0.476543 12.3755 0.430059 0.865876 1.046 0.112813 0.726571 0.125778 0.737813 0.227457 0.581761 0.0364226 1.03027 0.0542857 2.8256 0.976289 6.73562 0.637855 4.34878 1.24384
121 3.615 0.47983 12.534 0.466771 0.882992 1.00006 0.116338 0.711465 0.129065 0.715103 0.232855 0.704861 0.0376477 0.774022 0.057013 3.94962 0.990206 6.26682 0.659937 4.66427 1.26027
122 3.645 0.507155 12.7043 0.480978 0.900922 0.903108 0.119573 0.817939 0.132906 0.722229 0.238397 0.70549 0.0388945 0.960414 0.0604545 3.59696 1.00309 6.34077 0.68265 2.67615 1.26986
123 3.675 0.523065 12.8829 0.481921 0.919184 1.00925 0.123249 0.795631 0.136704 0.785276 0.244523 0.702084 0.0401557 0.909436 0.0637662 3.25504 1.01495 5.19661 0.701577 1.50477 1.27534
124 3.705 0.546686 13.0726 0.505579 0.938657 1.03779 0.12709 0.834809 0.140754 0.738102 0.250375 0.797347 0.0416114 0.982145 0.0674026 2.36887 1.02371 5.79412 0.723028 2.21777 1.28356
125 3.735 0.5766 13.276 0.526772 0.959275 0.992388 0.130823 0.859392 0.144991 0.786252 0.256709 0.741854 0.0429879 0.845812 0.0705844 3.56418 1.03711 7.88272 0.752681 4.00651 1.29863
126 3.765 0.609206 13.4943 0.552457 0.981248 1.02568 0.134743 0.847175 0.149236 0.79925 0.263253 0.734002 0.0443716 1.01948 0.0744805 2.69562 1.04742 4.95151 0.771609 3.94365 1.3137
127 3.795 0.646833 13.7298 0.588901 1.00504 1.00951 0.138664 0.890442 0.153769 0.80835 0.269977 0.771269 0.0458489 1.03641 0.0785065 3.84893 1.06237 6.33558 0.796215 1.76284 1.32055
128 3.825 0.683184 13.9824 0.575814 1.02868 0.99551 0.142592 0.857067 0.158201 0.827279 0.276967 0.759259 0.0473263 1.11918 0.0829221 1.95975 1.0701 5.91682 0.819558 4.86254 1.33973
129 3.855 0.71775 14.2521 0.595085 1.0535 0.996329 0.146584 0.916416 0.163015 0.79934 0.283828 0.652624 0.0486163 1.03706 0.0870779 4.11623 1.0866 5.039 0.839748 3.41682 1.35342
130 3.885 0.757431 14.5411 0.621475 1.07981 0.996962 0.150641 0.932101 0.167988 0.797755 0.290783 0.692866 0.0500072 1.05309 0.0913636 4.18095 1.10361 4.2646 0.857098 4.37567 1.37123
131 3.915 0.804064 14.8526 0.660592 1.10822 0.915423 0.154425 0.933781 0.173047 0.789705 0.297773 0.707046 0.0514485 0.911334 0.0951299 2.61936 1.11443 4.65666 0.876341 4.6416 1.39041
132 3.945 0.84575 15.1854 0.674313 1.13767 0.953104 0.158425 0.945909 0.17825 0.796112 0.304929 0.720776 0.0529403 1.14515 0.0999351 2.82568 1.12629 5.48729 0.899369 2.93886 1.40274
133 3.975 0.886877 15.5396 0.684176 1.168 1.07568 0.163008 0.947108 0.18354 0.820479 0.312417 0.785214 0.0545907 0.975491 0.104091 3.02546 1.13918 5.10967 0.921136 3.53722 1.41781
134 4.005 0.944308 15.9225 0.708572 1.19989 0.993062 0.167303 0.992769 0.189168 0.795797 0.31979 0.746477 0.0561833 1.21631 0.109351 2.62112 1.15052 3.8665 0.937855 3.80097 1.43425
135 4.035 0.987642 16.329 0.712429 1.23244 0.945585 0.171454 1.0244 0.195063 0.866812 0.32794 0.872019 0.0580715 1.08007 0.114091 2.58295 1.16186 4.31064 0.956782 2.18366 1.44384
136 4.065 1.03848 16.7628 0.733651 1.26645 0.975336 0.1758 1.03395 0.201103 0.850239 0.336055 0.882105 0.0600101 1.19517 0.119416 2.65998 1.17371 4.60276 0.977287 3.07604 1.45753
137 4.095 1.0747 17.2184 0.760783 1.30225 1.00571 0.180347 0.958084 0.206781 0.86392 0.344422 0.872458 0.0619559 1.06257 0.124221 1.82434 1.18196 4.32616 0.996845 1.81664 1.46575
138 4.125 1.11527 17.6982 0.74448 1.33779 0.984786 0.184866 0.968229 0.212604 0.834527 0.352623 0.837397 0.0638513 1.27377 0.130065 3.37147 1.19742 3.9873 1.01514 2.08971 1.47534
139 4.155 1.15963 18.2043 0.774086 1.37529 1.0109 0.189572 0.876237 0.217952 0.902005 0.361617 0.822261 0.0657394 1.15778 0.135455 2.87911 1.21082 3.52291 1.03155 2.9428 1.48904
140 4.185 1.19027 18.7312 0.779171 1.41358 1.00092 0.1943 1.02793 0.224315 0.836445 0.370078 0.85075 0.0677212 0.852619 0.139481 2.40104 1.22216 4.07533 1.05079 3.1918 1.50411
141 4.215 1.22435 19.2811 0.796874 1.4533 0.932661 0.198768 0.98695 0.230513 0.862476 0.378928 0.918085 0.0698905 0.718568 0.142922 2.25977 1.23299 3.55546 1.06782 1.43067 1.51096
142 4.245 1.24401 19.8478 0.781529 1.49281 0.980422 0.203531 0.979814 0.236754 0.90224 0.388318 0.889989 0.0720236 1.05567 0.148052 2.22876 1.24381 3.57121 1.08517 1.97311 1.52055
143 4.275 1.26828 20.4338 0.806277 1.53416 1.0354 0.208634 0.969433 0.243017 0.832976 0.39711 0.859863 0.0741136 1.01457 0.153052 3.34759 1.26031 3.26418 1.10126 3.05788 1.53562
144 4.305 1.28703 21.0368 0.807698 1.57616 0.974861 0.213505 1.04178 0.249841 0.841563 0.406118 0.932635 0.0764125 1.23415 0.159221 2.16581 1.27113 3.15484 1.11703 3.28876 1.55205
145 4.335 1.30301 21.6558 0.78466 1.61753 1.01413 0.218644 0.965597 0.256255 0.917571 0.416078 0.879328 0.0786106 1.24315 0.165519 2.44131 1.28351 2.55252 1.12997 0.810896 1.55616
146 4.365 1.3165 22.2899 0.809777 1.66082 0.979037 0.223674 1.00266 0.263008 0.935806 0.426376 0.924222 0.0809527 1.08707 0.171104 3.51292 1.30155 2.57961 1.14322 2.13199 1.56712
147 4.395 1.31363 22.9313 0.81616 1.70506 0.921528 0.228474 1.04399 0.270135 0.890816 0.436314 0.765747 0.0829201 0.835234 0.175455 3.56297 1.3201 2.78609 1.15773 1.57798 1.57534
148 4.425 1.32872 23.589 0.813813 1.74977 0.989491 0.233698 0.988129 0.276975 0.90424 0.446541 0.924246 0.0853272 1.21755 0.181883 2.44104 1.33299 3.10667 1.17413 2.07556 1.5863
149 4.455 1.32592 24.2543 0.798617 1.79424 0.918383 0.238613 1.00469 0.284023 0.907214 0.45694 0.96099 0.0878639 1.09213 0.187727 2.21427 1.34485 1.94471 1.18454 2.30305 1.59863
150 4.485 1.32565 24.9284 0.816214 1.84031 0.911493 0.243557 0.902144 0.290437 0.924255 0.467678 0.888845 0.0902421 0.898141 0.192597 1.71008 1.35412 1.91905 1.19495 2.52592 1.61233
151 4.515 1.32022 25.6087 0.802218 1.88619 0.904579 0.24853 0.963148 0.297377 0.878972 0.478027 0.871915 0.0926059 1.146 0.198896 1.68879 1.3634 2.4107 1.2082 1.7454 1.62192
152 4.545 1.31375 26.2948 0.810094 1.93314 0.896574 0.253524 0.982981 0.304555 0.889159 0.488635 0.876005 0.095013 1.0025 0.204481 1.85089 1.37371 2.15204 1.22019 1.72292 1.63151
153 4.575 1.31186 26.9889 0.828193 1.98178 0.881023 0.258497 0.967273 0.311711 0.859617 0.499027 0.908638 0.0975425 1.10467 0.210714 2.10129 1.38557 2.40393 1.23375 2.1838 1.64384
154 4.605 1.31045 27.6914 0.827498 2.03102 0.85073 0.263361 0.905737 0.3185 0.910874 0.510183 0.973479 0.100288 1.13555 0.217208 2.16299 1.39794 3.25425 1.25237 1.19774 1.65068
155 4.635 1.28965 28.3918 0.831757 2.08115 0.873371 0.26842 0.92534 0.325526 0.875319 0.521044 0.933181 0.102955 1.01995 0.223117 2.66951 1.4134 2.50513 1.26688 1.65637 1.66027
156 4.665 1.30268 29.1085 0.811759 2.13072 0.83623 0.273328 0.893823 0.332401 0.892185 0.532257 0.873945 0.105484 0.929464 0.228571 2.54816 1.42835 2.20397 1.27981 2.33557 1.67397
157 4.695 1.29123 29.828 0.822426 2.18159 0.846253 0.278358 0.873181 0.339204 0.880205 0.543464 0.938888 0.108237 0.96153 0.234286 2.5143 1.4433 2.22883 1.29306 2.07383 1.6863
158 4.725 1.28759 30.5547 0.824893 2.23326 0.791221 0.283122 0.941531 0.346634 0.856817 0.554511 0.902887 0.110918 1.13267 0.241104 1.88341 1.45464 2.09561 1.30568 2.04652 1.69863
159 4.755 1.26101 31.2755 0.820648 2.28532 0.763587 0.287777 0.899017 0.35382 0.837744 0.565451 0.874713 0.113549 1.09684 0.247792 1.86073 1.46598 2.38039 1.32019 0.899166 1.70411
160 4.785 1.25704 32.0031 0.800514 2.33675 0.75873 0.292462 0.878904 0.360933 0.853452 0.576737 0.996276 0.116583 0.957097 0.253701 2.17009 1.47938 1.83987 1.33155 1.99608 1.71644
161 4.815 1.26026 32.7417 0.812504 2.3896 0.757403 0.297197 0.951518 0.36873 0.87786 0.588491 0.869456 0.119263 1.15303 0.260909 2.14346 1.49278 2.87562 1.34953 2.19184 1.73014
162 4.845 1.25583 33.4869 0.813304 2.44317 0.729786 0.301816 0.897211 0.376175 0.809537 0.599467 0.83786 0.12188 1.28227 0.269026 2.1176 1.50619 2.89092 1.36782 1.73012 1.7411
163 4.875 1.24774 34.2365 0.815529 2.49755 0.768063 0.306738 0.923134 0.383929 0.870571 0.611415 0.784328 0.124359 1.00318 0.275455 2.09185 1.51959 2.06803 1.38107 1.49492 1.75068
164 4.905 1.23394 34.987 0.811367 2.55232 0.73652 0.311516 0.855076 0.391201 0.82305 0.622852 0.8896 0.127205 1.07087 0.282403 1.19148 1.52732 2.47923 1.39716 1.47831 1.76027
165 4.935 1.22641 35.7421 0.785698 2.60601 0.725361 0.31628 0.872334 0.39871 0.865355 0.635025 0.854326 0.129973 1.33524 0.291169 1.64871 1.53814 2.06621 1.41073 1.45945 1.76986
166 4.965 1.20788 36.4948 0.776653 2.65973 0.740469 0.321202 0.866847 0.406263 0.823 0.646743 0.839722 0.132726 1.3284 0.3 2.40371 1.55412 2.13519 1.42492 0.824571 1.77534
167 4.995 1.18917 37.2449 0.776308 2.71407 0.793729 0.326542 0.844971 0.413714 0.854184 0.659052 0.831724 0.135486 1.16774 0.307857 2.37531 1.5701 1.92248 1.43785 2.03499 1.78904
168 5.025 1.17481 37.9948 0.76725 2.76843 0.78849 0.331911 0.892277 0.421678 0.837553 0.671267 0.783154 0.138116 1.31613 0.316818 1.96833 1.58351 2.59493 1.45552 2.61405 1.80685
169 5.055 1.15427 38.7404 0.761915 2.82306 0.811616 0.337504 0.850613 0.42936 0.860388 0.683965 0.848141 0.140999 1.25345 0.325455 1.64547 1.59485 2.01489 1.4694 1.39153 1.81644
170 5.085 1.13902 39.4849 0.741837 2.87688 0.845517 0.343399 0.822419 0.436877 0.837269 0.696469 0.798457 0.143745 1.13614 0.333377 2.07014 1.60928 1.71947 1.48139 1.76888 1.82877
171 5.115 1.11251 40.2207 0.744048 2.9315 0.879562 0.349604 0.833835 0.444588 0.840325 0.709167 0.758017 0.146382 1.00315 0.340455 1.82632 1.62216 2.4149 1.49842 1.74771 1.8411
172 5.145 1.09852 40.9559 0.722004 2.98513 0.830927 0.355535 0.788737 0.451967 0.788129 0.721216 0.810597 0.149236 1.12805 0.348506 1.51714 1.63299 2.3425 1.51514 1.72614 1.85342
173 5.175 1.06313 41.6756 0.708564 3.03837 0.792403 0.361257 0.805517 0.459592 0.847048 0.734318 0.738489 0.151867 1.38501 0.358506 1.64142 1.64485 2.00964 1.52965 1.51704 1.86438
174 5.205 1.04786 42.3933 0.68764 3.09064 0.918436 0.367966 0.834582 0.467584 0.845151 0.747543 0.730016 0.154497 1.38646 0.368636 1.76354 1.65773 2.02955 1.54448 1.87608 1.87808
175 5.235 1.03107 43.1076 0.680339 3.14295 0.902026 0.374632 0.745449 0.474805 0.804532 0.760277 0.751339 0.157236 1.45864 0.379416 2.16134 1.67371 2.13451 1.56025 1.85386 1.89178
176 5.265 0.998926 43.8076 0.685214 3.19625 0.910147 0.381436 0.815694 0.482798 0.852562 0.773926 0.699794 0.159816 1.14679 0.387987 1.99922 1.68866 1.60386 1.57224 2.56546 1.91096
177 5.295 0.97693 44.5 0.673423 3.24922 0.941739 0.388556 0.781738 0.490545 0.823775 0.787266 0.64355 0.162215 1.21105 0.397143 2.18171 1.70515 1.62701 1.58454 1.08696 1.91918
178 5.325 0.949506 45.1806 0.660794 3.30179 0.909525 0.39551 0.773734 0.498299 0.836506 0.800966 0.663152 0.164716 1.12095 0.405714 1.48336 1.71649 2.22764 1.60158 2.148 1.93562
179 5.355 0.930996 45.8555 0.648665 3.35399 0.954353 0.40289 0.760089 0.506003 0.829781 0.814709 0.651949 0.167202 1.32685 0.415974 1.86599 1.73093 1.99857 1.61703 1.5946 1.94795
180 5.385 0.903302 46.5177 0.643121 3.40631 0.937311 0.410219 0.800856 0.514212 0.841674 0.828805 0.655872 0.169732 1.25373 0.425779 1.8464 1.74536 1.7344 1.6306 1.75198 1.96164
181 5.415 0.882142 47.1716 0.632182 3.45832 0.947919 0.417714 0.792737 0.522427 0.812368 0.842563 0.655988 0.17229 1.23996 0.435584 2.08559 1.76186 1.43645 1.64196 2.07847 1.97808
182 5.445 0.857942 47.8146 0.621765 3.51005 0.983474 0.425577 0.737902 0.53016 0.819397 0.856594 0.579327 0.174575 1.26716 0.445714 2.25642 1.7799 2.1704 1.65931 3.08496 2.00274
183 5.475 0.842043 48.4527 0.626795 3.56276 0.97715 0.433475 0.780817 0.538433 0.848338 0.871281 0.643494 0.17714 1.41371 0.457143 2.55124 1.80052 2.53657 1.67981 2.03434 2.01918
184 5.505 0.818386 49.0796 0.609723 3.61461 0.979818 0.441482 0.809412 0.547103 0.840719 0.885997 0.645496 0.179742 1.3906 0.468506 2.08181 1.81753 2.20054 1.69779 1.50813 2.03151
185 5.535 0.809258 49.7064 0.614537 3.66743 1.06162 0.450252 0.756691 0.555297 0.815823 0.900432 0.587218 0.182135 1.50907 0.480974 1.74689 1.83196 1.52748 1.71041 1.32708 2.04247
186 5.565 0.790815 50.3255 0.60221 3.71976 0.993342 0.458547 0.788037 0.563923 0.829561 0.915271 0.603588 0.184621 1.38369 0.492532 2.53077 1.85309 2.30451 1.72965 2.29643 2.06164
187 5.595 0.781323 50.9438 0.601505 3.77259 1.09535 0.467793 0.753569 0.572261 0.890083 0.931364 0.65772 0.187359 1.34614 0.503896 2.93072 1.87784 1.86863 1.74543 1.78457 2.07671
188 5.625 0.776166 51.5647 0.592756 3.82522 1.07277 0.476946 0.800964 0.581219 0.882183 0.947485 0.604529 0.189903 1.27101 0.51474 2.11544 1.89588 2.07066 1.76309 1.4455 2.08904
189 5.655 0.768937 52.1863 0.611545 3.88009 1.089 0.486336 0.768222 0.589903 0.862305 0.963412 0.572721 0.192339 1.52092 0.527857 2.39046 1.91649 2.04911 1.78076 2.0659 2.10685
190 5.685 0.758848 52.8063 0.605888 3.93503 1.10065 0.495928 0.805643 0.599106 0.94786 0.981104 0.601886 0.194926 1.32628 0.539416 1.71511 1.93144 1.91815 1.79748 2.8292 2.13151
191 5.715 0.761407 53.4349 0.605782 3.99054 1.04246 0.50511 0.749113 0.607754 0.917647 0.998415 0.592227 0.197499 1.37141 0.551494 1.63888 1.94588 1.89822 1.8142 2.48966 2.15342
192 5.745 0.76728 54.0751 0.597971 4.04592 1.141 0.515264 0.789493 0.616965 0.888431 1.01535 0.545077 0.199892 1.46648 0.564545 2.20125 1.96546 2.09136 1.83281 1.23073 2.16438
193 5.775 0.764544 54.7197 0.611183 4.10311 1.10832 0.525231 0.771521 0.626059 0.939453 1.03345 0.615801 0.202623 1.51642 0.578182 2.69464 1.98969 1.96425 1.85047 1.98063 2.18219
194 5.805 0.774104 55.3791 0.624178 4.16213 1.09999 0.535226 0.772042 0.635255 0.975351 1.05243 0.503276 0.204879 1.41502 0.591039 1.58793 2.00412 2.22224 1.87066 1.20459 2.19315
195 5.835 0.781456 56.0517 0.631519 4.22246 1.06684 0.54502 0.794684 0.644818 0.951002 1.07113 0.517253 0.207221 1.52779 0.605065 1.79665 2.02062 1.92416 1.88833 1.1939 2.20411
196 5.865 0.793237 56.7415 0.647309 4.28493 1.10954 0.555311 0.811437 0.654684 0.89557 1.08892 0.61749 0.210046 1.33702 0.617468 1.88882 2.03814 1.70031 1.9041 1.47728 2.21781
197 5.895 0.808267 57.4516 0.675402 4.35079 1.01824 0.564853 0.842547 0.665033 0.822595 1.10543 0.675161 0.213167 1.54538 0.631948 1.09975 2.04845 1.85129 1.92145 1.46237 2.23151
198 5.925 0.831926 58.1899 0.717456 4.42145 1.03763 0.574676 0.832856 0.675368 0.788389 1.12142 0.757817 0.216705 1.20044 0.643312 1.52526 2.06289 1.53272 1.93596 1.73709 2.24795
199 5.955 0.851034 58.9528 0.747752 4.49586 0.994122 0.584181 0.93773 0.687122 0.780799 1.13741 0.88779 0.220892 1.37857 0.656494 1.40202 2.07629 1.55041 1.95079 1.28948 2.26027
200 5.985 0.877369 59.7473 0.773328 4.57358 0.967776 0.593528 0.934659 0.698955 0.799801 1.15396 1.04528 0.225872 1.31096 0.669156 2.13423 2.09691 1.20825 1.96246 1.70188 2.27671
450000 200
1 0.015 0 0 0 0 0 0 0 0 0 0 0 0 0 0 0 0 0 0 0 0
2 0.045 0 0 0 0 0 0 0 0 0 0 0 0 0 0 0 0 0 0 0 0
3 0.075 0 0 0 0 0 0 0 0 0 0 0 0 0 0 0 0 0 0 0 0
4 0.105 0 0 0 0 0 0 0 0 0 0 0 0 0 0 0 0 0 0 0 0
5 0.135 0 0 0 0 0 0 0 0 0 0 0 0 0 0 0 0 0 0 275.215 0.00136986
6 0.165 0 0 0 0 0 0 0 0 0 0 0 0 0 0 0 0 0 0 0 0.00136986
7 0.195 0 0 0 0 0 0 0 0 0 0 1.42018 7.20669e-06 0 0 0 0 0 0 0 0.00136986
8 0.225 0 0 0 0 0 0 0 0 0 0 0 7.20669e-06 0 0 0 0 0 0 0 0.00136986
9 0.255 0 0 0 0 0 0 0 0 0 0 0 7.20669e-06 0 0 0 0 0 0 0 0.00136986
10 0.285 0 0 0 0 0 0 0 0 0 0 1.32665 2.16201e-05 0 0 0 0 0 0 62.0875 0.00273973
11 0.315 0 0 0 0 0 0 0 0 0 0 0.541075 2.88268e-05 0 0 0 0 0 0 50.7295 0.00410959
12 0.345 0 0 0 0 0 0 0 0 0 0 3.16808 7.92736e-05 0 0 0 0 0 0 0 0.00410959
13 0.375 0 0 0 0 0 0 0 0 0 0 4.22416 0.000158547 0 0 0 0 0 0 36.1087 0.00547945
14 0.405 0 0 0 0 0 0 0 0 0 0 2.63083 0.000216201 0 0 0 0 0 0 30.8627 0.00684932
15 0.435 0 0 0 0 0 0 0 0 0 0 2.85583 0.000288268 0 0 0 0 0 0 26.8383 0.00821918
16 0.465 0 0 0 0 0 0 0 0 0.114702 1.44134e-05 3.49368 0.000389161 0 0 0 0 0 0 46.6992 0.0109589
17 0.495 0 0 0 0 0 0 0 0 0 1.44134e-05 3.08694 0.000490055 0 0 0 0 0 0 0 0.0109589
18 0.525 0 0 0 0 0 0 0 0 0 1.44134e-05 3.72147 0.000626982 0 0 0 0 0 0 128.497 0.0205479
19 0.555 0 0 0 0 0 0 0 0 0 1.44134e-05 1.57643 0.000691842 0 0 0 0 0 0 98.7761 0.0287671
20 0.585 0 0 0 0 0 0 0 0 0 1.44134e-05 1.26136 0.000749496 0 0 0 0 0 0 177.057 0.0452055
21 0.615 0 0 0 0 0 0 0 0 0 1.44134e-05 1.28438 0.000814356 0 0 0 0 0 0 160.484 0.0616438
22 0.645 0 0 0 0 0 0 0 0 0.029796 2.16201e-05 0.777667 0.000857596 0 0 0 0 0 0 133.774 0.0767123
23 0.675 0 0 0 0 0 0 0.0443659 7.20669e-06 0.0271514 2.88268e-05 0.709758 0.000900836 0 0 0 0 2.55933 0.000315457 100.215 0.0890411
24 0.705 0 0 0 0 0 0 0 7.20669e-06 0.100108 5.76535e-05 0 0.000900836 0 0 0 0 2.35265 0.000630915 163.003 0.110959
25 0.735 0 0 0 0 0 0 0 7.20669e-06 0.0691724 7.92736e-05 0.200266 0.000915249 0 0 0 0 4.31158 0.00126183 74.9395 0.121918
26 0.765 0 0 0.00437485 7.20669e-06 0 0 0.0345353 1.44134e-05 0 7.92736e-05 0.184539 0.000929663 0 0 0 0 3.99106 0.00189274 43.2041 0.128767
27 0.795 0 0 0 7.20669e-06 0 0 0.0322456 2.16201e-05 0.0392539 9.36869e-05 0.171296 0.000944076 0 0 0 0 12.9107 0.00410095 63.9658 0.139726
28 0.825 0 0 0 7.20669e-06 0 0 0 2.16201e-05 0 9.36869e-05 0.158009 0.000958489 0 0 0 0 13.6941 0.00662461 66.9605 0.152055
29 0.855 0 0 0 7.20669e-06 0 0 0.0278493 2.88268e-05 0.0340783 0.0001081 0.147755 0.000972903 0 0 0 0 12.7475 0.00914826 69.0717 0.165753
30 0.885 0.000725662 1.44134e-05 0.0130781 3.60334e-05 0 0 0 2.88268e-05 0.015828 0.000115307 0.138024 0.000987316 0 0 0 0 10.4133 0.0113565 64.7177 0.179452
31 0.915 0 1.44134e-05 0 3.60334e-05 0 0 0.0727419 5.04468e-05 0 0.000115307 0.128684 0.00100173 0 0 0 0 4.1754 0.0123028 42.3574 0.189041
32 0.945 0.000634325 2.88268e-05 0.014326 7.20669e-05 0.0296735 7.20669e-06 0.0228299 5.76535e-05 0.0139285 0.000122514 0.120308 0.00101614 0 0 0 0 11.7577 0.015142 39.7321 0.19863
33 0.975 0 2.88268e-05 0.00270185 7.92736e-05 0.028103 1.44134e-05 0.192163 0.000122514 0.0130846 0.00012972 0 0.00101614 0 0 0 0 1.22269 0.0154574 16.0142 0.20274
34 1.005 0.000559709 4.32401e-05 0.00758109 0.000100894 0.0263715 2.16201e-05 0.060432 0.000144134 0.0123539 0.000136927 0.0531916 0.00102335 0 0 0 0 5.77571 0.0170347 30.0899 0.210959
35 1.035 0 4.32401e-05 0.0191476 0.000158547 0.0996289 5.04468e-05 0 0.000144134 0.023193 0.00015134 0.151586 0.00104497 0 0 0 0 3.262 0.0179811 33.0243 0.220548
36 1.065 0.00150388 8.64803e-05 0.0113081 0.000194581 0.0469269 6.48602e-05 0.0178238 0.00015134 0.0219678 0.000165754 0.19061 0.0010738 0 0 0 0 3.09125 0.0189274 40.142 0.232877
37 1.095 0.00094673 0.000115307 0.017073 0.000252234 0.111022 0.000100894 0.0847163 0.000187374 0.0207802 0.000180167 0.044899 0.001081 0 0 0 0 1.93447 0.0195584 16.8795 0.238356
38 1.125 0.000898173 0.000144134 0.0182095 0.000317094 0.189382 0.000165754 0 0.000187374 0.00985907 0.000187374 0 0.001081 0 0 0 0 1.84524 0.0201893 28.034 0.247945
39 1.155 0.00213094 0.000216201 0.0345419 0.000446815 0.0800714 0.000194581 0 0.000187374 0.0466629 0.000223407 0 0.001081 0 0 0 0 1.74531 0.0208202 26.5434 0.257534
40 1.185 0.00161814 0.000273854 0.027355 0.000554915 0.0757154 0.000223407 0.014471 0.000194581 0.0265429 0.000245027 0.115602 0.00110262 0 0 0 0 0.831909 0.0211356 32.4368 0.269863
41 1.215 0.00346734 0.000403575 0.0277662 0.000670222 0.108258 0.000266647 0.0275981 0.000208994 0.0336111 0.000273854 0.146416 0.00113145 0 0 0 0 5.53015 0.0233438 13.7207 0.275342
42 1.245 0.00109802 0.000446815 0.0461934 0.000872009 0.0515785 0.000288268 0.0261778 0.000223407 0.0320687 0.000302681 0 0.00113145 0 0 0 0 4.51468 0.0252366 16.3346 0.282192
43 1.275 0.00209808 0.000533295 0.0488329 0.00109542 0.0655653 0.000317094 0.0124337 0.000230614 0.061172 0.000360334 0.0665519 0.00114586 0 0 0 0 6.44517 0.0280757 9.35977 0.286301
44 1.305 0.00300275 0.000663015 0.0496422 0.00133324 0.0469767 0.000338714 0.011871 0.000237821 0.0511059 0.000410781 0.031805 0.00115307 0 0 0 0 3.41827 0.029653 8.91378 0.290411
45 1.335 0.00127759 0.000720669 0.061783 0.00164312 0.0448076 0.000360334 0.0684009 0.000281061 0.111643 0.000526088 0.0303083 0.00116028 0 0 1.07221 0.000515464 5.22997 0.0321767 17.0593 0.29863
46 1.365 0.00305062 0.000864803 0.0576774 0.00194581 0.0428474 0.000381954 0.0108504 0.000288268 0.0666479 0.000598155 0.0578746 0.00117469 0 0 0 0.000515464 13.1358 0.0388013 10.8274 0.30411
47 1.395 0.00379037 0.00105218 0.0420221 0.00217642 0.0546816 0.000410781 0.0208834 0.000302681 0.10867 0.000720669 0.0276029 0.0011819 0 0 1.95691 0.00154639 4.19515 0.0410095 20.7843 0.315068
48 1.425 0.00279813 0.00119631 0.0592862 0.00251513 0.0131613 0.000417988 0.0301041 0.000324301 0.122472 0.000864803 0.0266007 0.0011891 0 0 2.81273 0.00309278 5.17326 0.0438486 7.4553 0.319178
49 1.455 0.0056326 0.00149899 0.0531855 0.00283223 0.0503335 0.000446815 0.0383186 0.000353128 0.211559 0.00112424 0 0.0011891 0 0 6.29329 0.00670103 3.85841 0.0460568 2.37893 0.320548
50 1.485 0.0041202 0.00172961 0.0661365 0.00324301 0.0361786 0.000468435 0.0368785 0.000381954 0.124104 0.00128279 0.147342 0.00123234 0 0 1.72624 0.00773196 8.4508 0.0511041 9.19172 0.326027
51 1.515 0.00519884 0.00203229 0.0612971 0.00363938 0.0231389 0.000482848 0.0176819 0.000396368 0.227525 0.00158547 0.0703461 0.00125396 0 0 7.46021 0.0123711 8.12976 0.0561514 15.432 0.335616
52 1.545 0.00499963 0.00233497 0.0825156 0.00419429 0.0446387 0.000511675 0.0254525 0.000417988 0.239547 0.00191698 0.0226293 0.00126117 0 0 7.17673 0.0170103 6.34941 0.0602524 10.5911 0.342466
53 1.575 0.00687212 0.00276737 0.0660432 0.00465552 0.0966827 0.000576535 0.0245042 0.000439608 0.205519 0.00221245 0.0435026 0.00127558 0 0 9.20942 0.0231959 5.63908 0.0640379 12.2524 0.350685
54 1.605 0.00639789 0.00318536 0.0814807 0.00524647 0.103366 0.000648602 0.0315579 0.000468435 0.275123 0.00262323 0.0837587 0.00130441 0 0 12.5624 0.0319588 4.52328 0.0671924 9.8539 0.357534
55 1.635 0.00616691 0.00360334 0.0756475 0.0058158 0.149416 0.000756702 0.0380259 0.000504468 0.214042 0.00295474 0.0202065 0.00131162 0.0893054 6.49351e-05 10.7049 0.0396907 7.40891 0.0725552 9.47058 0.364384
56 1.665 0.00717705 0.00410781 0.0775781 0.00642116 0.259276 0.000951283 0.0293467 0.000533295 0.224395 0.00331508 0 0.00131162 0 6.49351e-05 15.7976 0.0515464 6.72662 0.0776025 5.49431 0.368493
57 1.695 0.00613068 0.00455463 0.106015 0.00727875 0.546846 0.00137648 0.0283151 0.000562122 0.220877 0.00368262 0.112866 0.00135486 0.167119 0.000194805 17.2338 0.0649485 5.26884 0.0817035 3.51606 0.371233
58 1.725 0.00821268 0.0051744 0.0851344 0.00799222 0.751847 0.00198184 0.0613339 0.000626982 0.26738 0.00414385 0.0726958 0.00138368 0 0.000194805 21.7724 0.0824742 5.87732 0.0864353 15.3167 0.383562
59 1.755 0.00719822 0.00573652 0.103875 0.00889305 0.994514 0.00281061 0.0923273 0.000727875 0.23826 0.00456904 0.0874982 0.00141972 0.234338 0.00038961 35.8809 0.112371 3.7888 0.0895899 8.22583 0.390411
60 1.785 0.00927026 0.00648602 0.106074 0.00984434 1.32931 0.00395647 0.0893395 0.000828769 0.241942 0.00501585 0.0338461 0.00143413 0.150288 0.000519481 40.0718 0.146907 3.29054 0.092429 7.94259 0.39726
61 1.815 0.0094913 0.00727875 0.123515 0.0109902 1.85952 0.00561401 0.0801826 0.000922456 0.211472 0.00541943 0.0981937 0.00147737 0.801449 0.00123377 48.0197 0.189691 2.82864 0.0949527 6.1585 0.40274
62 1.845 0.0111844 0.00824445 0.131614 0.0122514 2.23738 0.00767512 0.143099 0.00109542 0.175202 0.00576535 0.0795328 0.0015134 0.352723 0.00155844 44.7667 0.230928 2.39416 0.0971609 19.3298 0.420548
63 1.875 0.0158464 0.00965696 0.160231 0.0138368 2.31005 0.00987316 0.132965 0.00126117 0.201541 0.00617613 0.0460539 0.00153502 0.546941 0.00207792 41.7042 0.270619 3.31725 0.100315 18.7361 0.438356
64 1.905 0.0148797 0.0110262 0.184131 0.0157178 2.37735 0.0122081 0.089564 0.00137648 0.205444 0.00660853 0.0594968 0.00156385 0.462627 0.00253247 47.2625 0.31701 2.24875 0.102524 15.3568 0.453425
65 1.935 0.0229192 0.0132027 0.237216 0.0182185 2.41127 0.0146512 0.265844 0.00172961 0.232509 0.007113 0.0720987 0.00159988 0.513332 0.00305195 36.6074 0.354124 5.60095 0.108202 22.9721 0.476712
66 1.965 0.0412028 0.0172384 0.280392 0.0212669 2.56558 0.0173321 0.231622 0.0020467 0.241543 0.0076535 0.0699455 0.00163592 0.74637 0.00383117 36.5062 0.392268 2.41411 0.110726 23.6164 0.50137
67 1.995 0.0486915 0.0221534 0.357626 0.0252739 2.1348 0.019631 0.229819 0.002371 0.246786 0.00822283 0.0543486 0.00166474 0.482596 0.00435065 33.0554 0.427835 2.04822 0.112934 22.9396 0.526027
68 2.025 0.0774713 0.0302104 0.433202 0.0302753 2.1758 0.0220453 0.317305 0.00283223 0.324561 0.00899395 0.0527269 0.00169357 0.46832 0.00487013 27.8899 0.458763 3.9817 0.11735 20.9858 0.549315
69 2.055 0.114118 0.042433 0.486306 0.0360551 1.94871 0.0242721 0.360739 0.00337273 0.527223 0.0102839 0.114983 0.00175843 0.51137 0.00545455 22.5505 0.484536 3.02968 0.12082 23.975 0.576712
70 2.085 0.173498 0.0615595 0.609907 0.0435212 1.5134 0.0260522 0.383283 0.00396368 0.694949 0.0120352 0.0744848 0.00180167 0.441897 0.00597403 21.4749 0.509794 3.48771 0.124921 16.2977 0.59589
71 2.115 0.254468 0.0904295 0.719273 0.05258 1.51246 0.0278827 0.49977 0.00475641 0.809109 0.0141323 0.0844305 0.00185212 0.374934 0.00642857 15.7528 0.528866 2.86595 0.128391 16.9878 0.616438
72 2.145 0.374846 0.134174 0.87052 0.0638585 1.26159 0.0294537 0.671531 0.00585183 0.902614 0.0165393 0.0821712 0.00190257 0.260911 0.00675325 19.0388 0.552577 4.30852 0.133754 14.2955 0.634247
73 2.175 0.536758 0.198573 1.03075 0.0775872 1.19398 0.0309816 0.777092 0.00715624 1.0751 0.0194869 0.102749 0.00196743 0.304727 0.00714286 9.66788 0.564948 2.71496 0.137224 19.2672 0.658904
74 2.205 0.739588 0.289781 1.1218 0.0929447 1.2708 0.0326535 0.965419 0.00882099 1.18932 0.022838 0.121885 0.0020467 0.34587 0.0075974 14.4872 0.584021 2.87593 0.141009 19.7726 0.684932
75 2.235 1.01865 0.418853 1.27167 0.110832 0.954458 0.0339435 1.05735 0.0106947 1.32176 0.0266647 0.118875 0.00212597 0.192514 0.00785714 11.0603 0.598969 5.13877 0.14795 17.2261 0.708219
76 2.265 1.27155 0.584318 1.41083 0.131212 1.00741 0.0353416 1.20409 0.0128856 1.34981 0.0306789 0.147583 0.00222687 0.14026 0.00805195 7.80278 0.609794 3.18313 0.152366 16.7896 0.731507
77 2.295 1.55456 0.792015 1.49349 0.153358 0.819251 0.0365091 1.2767 0.015271 1.43096 0.0350461 0.276829 0.00242145 0.319064 0.00850649 6.8743 0.619588 2.87685 0.156467 17.3181 0.756164
78 2.325 1.87644 1.04932 1.55072 0.17696 0.842905 0.0377414 1.25563 0.017678 1.41671 0.0394854 0.259729 0.00260882 0.0886592 0.00863636 4.23297 0.625773 2.37357 0.159937 16.8723 0.780822
79 2.355 2.10647 1.34568 1.59081 0.201802 0.705951 0.0388008 1.44364 0.0205174 1.5223 0.0443788 0.301862 0.00283223 0.0434063 0.0087013 5.48735 0.634021 2.31168 0.163407 14.5851 0.80274
80 2.385 2.38654 1.69005 1.57435 0.227018 0.566552 0.0396728 1.52541 0.0235947 1.58037 0.0495892 0.341752 0.00309167 0.211118 0.00902597 5.02807 0.641753 3.89366 0.169401 11.5538 0.820548
81 2.415 2.58405 2.07237 1.57633 0.252904 0.570697 0.0405737 1.50128 0.0267008 1.41773 0.0543817 0.296477 0.00332228 0.37034 0.00961039 5.5505 0.650515 3.99894 0.17571 7.81162 0.832877
82 2.445 2.75737 2.49056 1.53238 0.278697 0.51657 0.0414096 1.53993 0.0299654 1.37705 0.0591525 0.514741 0.00373306 0.240946 0.01 4.7777 0.658247 5.8573 0.185174 8.46576 0.846575
83 2.475 2.84216 2.93223 1.47329 0.304108 0.591219 0.0423897 1.64527 0.0335399 1.29911 0.0637648 0.537771 0.00417267 0.117334 0.0101948 6.5253 0.669072 2.47597 0.189274 5.78979 0.856164
84 2.505 2.88911 3.39214 1.46718 0.33003 0.479767 0.0432041 1.58008 0.0370568 1.36937 0.0687446 0.671209 0.00473479 0.153017 0.0104545 2.42097 0.673196 4.45967 0.196845 6.46538 0.867123
85 2.535 2.91557 3.86745 1.43656 0.356025 0.476718 0.0440329 1.38495 0.0402133 1.27493 0.0734938 0.713961 0.00534736 0.0745787 0.0105844 4.74193 0.681443 3.62996 0.203155 6.30576 0.878082
86 2.565 2.88525 4.34902 1.34991 0.381032 0.505992 0.0449337 1.50368 0.043723 1.26811 0.0783295 0.7799 0.006032 0.182329 0.0109091 2.89344 0.686598 3.54408 0.209464 13.0723 0.90137
87 2.595 2.79811 4.82703 1.27609 0.405225 0.407457 0.045676 1.25188 0.0467138 1.17444 0.0829129 0.681219 0.00664457 0.0711699 0.011039 2.26837 0.690722 3.98632 0.216719 9.78518 0.919178
88 2.625 2.66017 5.29206 1.23295 0.429144 0.417554 0.0464543 1.10276 0.0494091 1.18935 0.0876622 0.767971 0.00735082 0.243907 0.0114935 2.48484 0.695361 3.72325 0.223659 6.6113 0.931507
89 2.655 2.51913 5.74255 1.16992 0.452364 0.483389 0.0473768 1.19041 0.0523854 1.22956 0.0926852 0.850373 0.00815076 0.136499 0.0117532 1.62214 0.698454 3.47005 0.230284 7.17841 0.945205
90 2.685 2.39816 6.18113 1.07267 0.474135 0.414016 0.0481839 1.01183 0.0549726 1.12282 0.0973768 0.688808 0.00881378 0.133101 0.012013 1.58551 0.701546 3.07574 0.236278 7.72244 0.960274
91 2.715 2.23212 6.59853 0.983392 0.494545 0.422559 0.0490271 0.942795 0.0574373 1.15047 0.102292 0.754362 0.00955607 0.195606 0.0124026 2.8409 0.707216 1.89699 0.240063 4.8159 0.969863
92 2.745 2.06181 6.99265 0.888958 0.513404 0.385382 0.0498126 0.863198 0.0597434 1.01172 0.106709 0.788563 0.0103488 0.190845 0.0127922 2.01805 0.71134 4.02229 0.248265 8.7364 0.987671
93 2.775 1.91363 7.36647 0.801764 0.530787 0.490898 0.050836 0.773019 0.061855 1.10758 0.111653 0.876784 0.0112496 0.0622366 0.0129221 4.20903 0.720103 2.42198 0.253312 4.59482 0.99726
94 2.805 1.75209 7.71619 0.725467 0.546858 0.443566 0.0517801 0.76175 0.063981 1.02734 0.116338 0.816813 0.0121072 0.183204 0.0133117 2.42261 0.725258 2.66922 0.258991 5.14643 1.00822
95 2.835 1.61332 8.04513 0.69269 0.562532 0.507208 0.0528827 0.687814 0.0659412 0.946752 0.120748 0.799133 0.0129648 0.298203 0.013961 3.07583 0.731959 1.88187 0.263091 6.27822 1.02192
96 2.865 1.46901 8.35101 0.617755 0.576809 0.561437 0.0541294 0.665876 0.0678798 0.92991 0.125173 0.836113 0.0138801 0.0878844 0.0141558 3.25187 0.739175 2.4171 0.268454 4.31422 1.03151
97 2.895 1.35521 8.63913 0.581203 0.590523 0.5592 0.0553978 0.652145 0.0698184 0.864966 0.129374 0.83749 0.014817 0.200418 0.0146104 3.18188 0.746392 2.22691 0.273502 6.65392 1.04658
98 2.925 1.21914 8.90373 0.527146 0.603221 0.53238 0.0566302 0.648451 0.0717858 0.851865 0.133598 0.877262 0.0158187 0.224446 0.0151299 3.33753 0.754124 2.58931 0.279495 7.11198 1.06301
99 2.955 1.12605 9.15316 0.490233 0.615271 0.579446 0.0579994 0.70499 0.0739694 0.740534 0.137345 0.735857 0.0166763 0.164727 0.0155195 5.23841 0.766495 3.47193 0.287697 5.2242 1.07534
100 2.985 1.00859 9.38112 0.461619 0.626852 0.550232 0.0593255 0.583753 0.0758144 0.77191 0.14133 0.830078 0.0176636 0.134985 0.0158442 2.56417 0.77268 2.6173 0.294006 5.68092 1.08904
101 3.015 0.936415 9.59705 0.408832 0.637316 0.609135 0.0608244 0.668451 0.0779692 0.700363 0.14502 0.861267 0.0187086 0.263422 0.0164935 5.45307 0.786082 3.20639 0.301893 2.78054 1.09589
102 3.045 0.84592 9.79601 0.412712 0.64809 0.657604 0.0624748 0.613564 0.079987 0.651763 0.148523 0.879503 0.0197968 0.335973 0.0173377 3.49337 0.794845 2.13975 0.307256 2.18143 1.10137
103 3.075 0.790506 9.98562 0.377656 0.658144 0.698544 0.064262 0.6575 0.0821923 0.693018 0.152321 0.742707 0.0207336 0.228421 0.0179221 4.23413 0.80567 2.83571 0.314511 2.14094 1.10685
104 3.105 0.728643 10.1638 0.362696 0.667988 0.671359 0.0660133 0.604906 0.0842606 0.639686 0.155895 0.700204 0.0216345 0.323722 0.0187662 3.75522 0.815464 3.74753 0.32429 3.67657 1.11644
105 3.135 0.668846 10.3306 0.343533 0.677494 0.696323 0.0678654 0.624416 0.086437 0.670463 0.159715 0.758141 0.022629 0.488407 0.0200649 3.10418 0.823711 3.44307 0.333438 3.08684 1.12466
106 3.165 0.618451 10.4877 0.353909 0.687475 0.795045 0.0700202 0.669429 0.0888152 0.670299 0.163606 0.689785 0.0235515 0.503193 0.0214286 4.18154 0.835052 6.28513 0.350473 4.54432 1.13699
107 3.195 0.576891 10.6371 0.332283 0.697024 0.782701 0.0721822 0.636821 0.0911214 0.665017 0.167541 0.602906 0.024373 0.494169 0.0227922 4.66382 0.847938 4.4512 0.362776 2.97848 1.14521
108 3.225 0.55282 10.7829 0.333068 0.706774 0.834861 0.0745316 0.642697 0.0934924 0.632531 0.171353 0.679972 0.0253171 0.438485 0.024026 3.29188 0.857216 5.71739 0.378864 3.89256 1.15616
109 3.255 0.534116 10.9265 0.347365 0.717138 0.877433 0.0770467 0.605967 0.0957697 0.626734 0.175202 0.616531 0.0261891 0.589206 0.0257143 2.87804 0.865464 6.15926 0.39653 2.85832 1.16438
110 3.285 0.491804 11.0611 0.314077 0.726679 0.92314 0.079742 0.609904 0.0981046 0.669537 0.179389 0.515698 0.0269314 0.534113 0.0272727 6.005 0.88299 7.67385 0.418927 3.76025 1.17534
111 3.315 0.480316 11.195 0.320296 0.736588 0.945166 0.0825526 0.635937 0.100584 0.643848 0.183489 0.501191 0.0276665 0.654749 0.0292208 3.29229 0.892784 7.53233 0.441325 1.84627 1.18082
112 3.345 0.452151 11.3233 0.322593 0.74675 0.954481 0.0854425 0.581038 0.10289 0.676798 0.187878 0.588916 0.0285457 0.772523 0.0315584 3.06863 0.902062 6.88446 0.462145 2.71219 1.18904
113 3.375 0.446123 11.4522 0.326021 0.757207 1.0056 0.0885414 0.62081 0.105398 0.66161 0.192246 0.564255 0.0294033 0.653258 0.0335714 4.84798 0.91701 9.20894 0.490536 4.44354 1.20274
114 3.405 0.443801 11.5827 0.358954 0.768925 0.94385 0.0915033 0.715062 0.108338 0.648975 0.196606 0.498198 0.0301744 0.662331 0.0356494 5.58174 0.934536 7.54312 0.514196 3.05977 1.21233
115 3.435 0.423894 11.7096 0.338841 0.780182 0.952445 0.0945445 0.690616 0.111228 0.680805 0.201261 0.512401 0.0309816 0.792836 0.0381818 3.55289 0.945876 7.60575 0.538486 1.71559 1.21781
116 3.465 0.431593 11.841 0.378454 0.792973 1.02473 0.097874 0.649899 0.113995 0.685515 0.206032 0.56208 0.0318824 0.559519 0.04 3.48957 0.957216 5.43367 0.556151 3.37279 1.22877
117 3.495 0.434026 11.9755 0.384554 0.806198 0.97024 0.101081 0.648767 0.116806 0.711613 0.211069 0.52188 0.0327328 0.844443 0.0427922 3.74704 0.969588 7.63704 0.581388 2.4865 1.23699
118 3.525 0.443498 12.1153 0.390159 0.819847 1.01999 0.104511 0.672125 0.119768 0.709639 0.216179 0.695219 0.0338858 0.8117 0.0455195 2.60843 0.978351 4.87497 0.597792 2.84921 1.24658
119 3.555 0.448659 12.2591 0.399451 0.834059 0.990583 0.107899 0.720215 0.122997 0.749853 0.221671 0.542499 0.0348011 0.911292 0.0486364 3.16491 0.989175 5.90416 0.617981 2.40587 1.25479
120 3.585 0.456542 12.4079 0.418192 0.849193 1.03627 0.111502 0.673555 0.126067 0.706348 0.226931 0.571348 0.0357812 0.971004 0.052013 2.51961 0.997938 6.8941 0.641956 1.57301 1.26027
121 3.615 0.469453 12.5636 0.438168 0.865314 0.982437 0.114975 0.77428 0.129656 0.754535 0.232646 0.598996 0.0368262 1.08412 0.0558442 2.62414 1.00722 4.27923 0.657098 1.93807 1.26712
122 3.645 0.499093 12.7318 0.446785 0.882027 1.00602 0.118593 0.746316 0.133172 0.734718 0.238304 0.589458 0.0378711 0.722265 0.0584416 3.86597 1.02113 5.26865 0.676025 1.90548 1.27397
123 3.675 0.516995 12.9089 0.464294 0.899683 0.985993 0.122197 0.761299 0.136819 0.733829 0.244047 0.763405 0.0392476 0.923721 0.0618182 2.54002 1.03041 6.38512 0.699369 4.12636 1.28904
124 3.705 0.541404 13.0974 0.502491 0.919105 0.937014 0.125677 0.765222 0.140545 0.71102 0.249705 0.65306 0.0404439 1.03216 0.0656494 3.7493 1.04433 5.60533 0.720189 3.32287 1.30137
125 3.735 0.571129 13.2995 0.49581 0.938577 0.931985 0.129194 0.799682 0.144501 0.710426 0.255448 0.607733 0.0415754 1.25643 0.0703896 2.86759 1.05515 6.10142 0.743218 5.08171 1.32055
126 3.765 0.605093 13.5171 0.537719 0.960039 0.963765 0.132891 0.842921 0.148739 0.7561 0.26166 0.548309 0.0426131 0.964584 0.0740909 2.28542 1.06392 5.59152 0.764669 1.78555 1.3274
127 3.795 0.627526 13.7463 0.566054 0.982992 0.993005 0.136761 0.846517 0.153063 0.808002 0.268406 0.686324 0.043932 1.01667 0.0780519 1.98351 1.07165 5.26237 0.785174 4.21501 1.34384
128 3.825 0.674848 13.9968 0.584378 1.00706 0.961355 0.140566 0.862316 0.157538 0.770999 0.274942 0.582917 0.0450706 1.00062 0.082013 2.08052 1.0799 6.61402 0.811356 3.46139 1.35753
129 3.855 0.707965 14.2637 0.589386 1.03172 1.01261 0.144638 0.893984 0.162251 0.777304 0.281637 0.683176 0.0464255 1.25939 0.0870779 2.05149 1.08814 5.09987 0.831861 1.02135 1.36164
130 3.885 0.749342 14.5506 0.608978 1.0576 1.00063 0.148724 0.910041 0.167123 0.794991 0.288592 0.686923 0.0478092 1.00156 0.0911688 1.89123 1.09588 5.48211 0.854259 2.01421 1.36986
131 3.915 0.785635 14.8561 0.640788 1.08526 0.959191 0.152703 0.967953 0.172384 0.798344 0.295683 0.725839 0.0492937 1.22182 0.0962338 2.85697 1.10773 5.01834 0.875079 2.9733 1.38219
132 3.945 0.846064 15.1901 0.666329 1.11445 0.95991 0.156745 0.921939 0.177472 0.84111 0.303272 0.704611 0.0507567 1.0946 0.100844 2.69089 1.11907 6.06558 0.900631 4.2263 1.4
133 3.975 0.896115 15.5493 0.671957 1.14434 0.972507 0.160904 1.0236 0.183208 0.853106 0.311084 0.649137 0.052126 0.895568 0.104675 3.37679 1.13351 5.38838 0.923659 2.56456 1.41096
134 4.005 0.934083 15.9293 0.704305 1.17615 0.958141 0.165062 0.943762 0.188577 0.854269 0.319026 0.757229 0.0537475 0.927708 0.108701 1.66202 1.14072 4.57902 0.943533 3.15004 1.42466
135 4.035 0.98399 16.3357 0.716585 1.209 0.989605 0.169422 1.03582 0.194559 0.800466 0.326578 0.845696 0.0555852 1.16359 0.113831 2.33702 1.15103 4.44017 0.963091 2.17714 1.43425
136 4.065 1.03866 16.7711 0.729608 1.24294 0.972108 0.173768 0.943167 0.200086 0.85179 0.334736 0.793998 0.0573364 0.929875 0.117987 2.18941 1.16082 4.09215 0.981388 3.06056 1.44795
137 4.095 1.07976 17.2304 0.74273 1.27801 0.948211 0.17807 1.01405 0.206118 0.809895 0.342606 0.872333 0.0592894 1.17331 0.123312 2.38768 1.17165 3.7543 0.998423 2.71917 1.46027
138 4.125 1.13042 17.7184 0.753959 1.31413 0.959385 0.182488 1.05687 0.212496 0.856414 0.351052 0.812359 0.0611343 0.945536 0.127662 1.90387 1.18041 4.11081 1.01735 3.86999 1.47808
139 4.155 1.15848 18.2258 0.763428 1.35124 0.982794 0.187078 0.988687 0.21855 0.891002 0.359967 0.860281 0.0631162 0.958494 0.132143 2.53828 1.19227 3.7154 1.0347 3.5168 1.49452
140 4.185 1.19632 18.7573 0.772625 1.38934 1.02805 0.19195 1.02338 0.224906 0.865329 0.368752 0.952741 0.065343 1.09583 0.137338 2.94002 1.20619 3.06159 1.04921 2.89214 1.50822
141 4.215 1.23503 19.3139 0.794529 1.42909 1.01344 0.196822 1.01191 0.231284 0.865799 0.377666 0.954348 0.0676059 1.16218 0.142922 2.25305 1.21701 4.39943 1.07035 3.98845 1.5274
142 4.245 1.25539 19.8878 0.798123 1.46958 1.01533 0.201773 1.01153 0.237749 0.880612 0.386862 0.982789 0.0699697 1.22574 0.148896 2.85693 1.23093 2.7815 1.08391 2.52285 1.53973
143 4.275 1.29526 20.4883 0.800549 1.51077 1.01284 0.206781 1.0051 0.244263 0.813699 0.395481 0.921819 0.0722182 1.08925 0.154286 3.02283 1.24588 2.93439 1.09842 1.10919 1.54521
144 4.305 1.30353 21.1011 0.79385 1.5522 0.958404 0.211588 0.972474 0.250656 0.853583 0.404648 0.932458 0.0745244 1.03612 0.159481 2.97964 1.26082 3.14621 1.1142 0.820276 1.54932
145 4.335 1.31245 21.7268 0.793301 1.59417 1.03477 0.216849 0.983816 0.257214 0.845066 0.413851 0.890577 0.0767584 1.05992 0.16487 2.43374 1.2732 3.53725 1.13218 3.23011 1.56575
146 4.365 1.32686 22.3681 0.778238 1.63592 1.06787 0.222355 0.957726 0.263686 0.901951 0.423811 0.949753 0.0791727 0.919415 0.16961 2.70218 1.28711 2.63117 1.14574 2.38876 1.57808
147 4.395 1.33227 23.0209 0.8039 1.67964 0.941912 0.227277 0.990873 0.270474 0.863854 0.433482 0.96164 0.0816518 1.01893 0.174935 2.26504 1.29897 2.8961 1.16088 1.83907 1.58767
148 4.425 1.33037 23.6818 0.787877 1.72308 0.941256 0.232264 0.977369 0.277263 0.901081 0.443709 1.01764 0.084311 1.04172 0.180455 2.6261 1.31289 2.32082 1.17319 1.29168 1.59452
149 4.455 1.32157 24.3472 0.799953 1.76778 1.0051 0.237662 0.972612 0.284109 0.864036 0.453647 0.957819 0.0868478 1.08822 0.186299 2.59382 1.3268 3.05556 1.18959 1.7872 1.60411
150 4.485 1.33995 25.0309 0.783889 1.81217 0.913601 0.242635 0.979743 0.2911 0.909894 0.464255 0.944997 0.0893845 0.942557 0.191429 2.17803 1.33866 2.66635 1.2041 1.26043 1.61096
151 4.515 1.32158 25.7143 0.797544 1.85795 0.913354 0.247672 0.999667 0.298328 0.865529 0.474481 0.945812 0.0919573 0.988476 0.196883 2.61693 1.35309 2.11455 1.21577 1.98867 1.62192
152 4.545 1.32022 26.4061 0.79931 1.90444 0.911555 0.252767 0.983654 0.305535 0.880089 0.485017 0.980365 0.0946598 1.03425 0.202662 1.93665 1.36392 2.59623 1.23028 2.45263 1.63562
153 4.575 1.32259 27.1084 0.813946 1.95241 0.923712 0.257999 0.967948 0.31272 0.881184 0.495705 0.928748 0.0972543 1.13552 0.209091 2.00312 1.37526 2.61706 1.24511 1.9344 1.64658
154 4.605 1.31222 27.8143 0.825657 2.0017 0.841516 0.262828 0.905438 0.31953 0.850831 0.506162 0.957152 0.099964 1.25633 0.216299 2.1574 1.38763 2.36592 1.25868 2.38297 1.66027
155 4.635 1.30101 28.5233 0.809304 2.05066 0.831719 0.267664 0.954073 0.326802 0.850131 0.516748 0.84441 0.102385 0.904659 0.221558 2.04027 1.39948 3.09496 1.27666 3.06016 1.67808
156 4.665 1.29441 29.2379 0.806133 2.10005 0.861663 0.272737 0.911337 0.333835 0.885644 0.527919 0.937956 0.10511 1.15778 0.228377 2.01434 1.41134 2.57139 1.2918 1.86153 1.68904
157 4.695 1.2924 29.9606 0.804732 2.14999 0.805858 0.277544 0.983361 0.341525 0.872721 0.539067 0.867109 0.107661 1.02305 0.234481 1.7284 1.42165 2.22264 1.30505 1.1493 1.69589
158 4.725 1.28266 30.687 0.786375 2.19942 0.838666 0.28261 0.862668 0.348357 0.866663 0.550281 1.06418 0.110832 0.827306 0.239481 2.55943 1.43711 2.92486 1.32271 2.94787 1.7137
159 4.755 1.2795 31.4209 0.79353 2.24994 0.783414 0.287403 0.951715 0.355989 0.876178 0.561761 0.929141 0.113635 1.04023 0.245844 2.19181 1.45052 2.47679 1.33785 2.68817 1.73014
160 4.785 1.2628 32.1543 0.795305 2.30121 0.759482 0.292109 0.866981 0.36303 0.861206 0.573191 0.919817 0.116446 0.996098 0.252013 1.66512 1.46082 2.19032 1.35142 2.65415 1.74658
161 4.815 1.26042 32.8956 0.794926 2.3531 0.773312 0.296959 0.855391 0.370063 0.857613 0.584715 0.938604 0.11935 0.973292 0.258117 2.30285 1.47526 2.36498 1.36625 2.40492 1.76164
162 4.845 1.2475 33.6385 0.785508 2.40502 0.761485 0.301794 0.862152 0.377241 0.86395 0.596469 0.881083 0.12211 1.11437 0.265195 2.02565 1.48814 2.2335 1.38044 1.94242 1.77397
163 4.875 1.23972 34.3859 0.769982 2.45654 0.707039 0.306342 0.908872 0.384902 0.828864 0.607884 0.813191 0.12469 1.01947 0.271753 1.76424 1.49948 2.01167 1.39338 2.34016 1.78904
164 4.905 1.23059 35.137 0.784182 2.50966 0.802578 0.311567 0.8706 0.392332 0.837219 0.619559 0.862025 0.127457 1.09752 0.278896 1.50397 1.50928 2.13045 1.40726 1.68586 1.8
165 4.935 1.22168 35.8917 0.774413 2.56276 0.791735 0.316784 0.785067 0.399114 0.825597 0.631212 0.778328 0.129987 1.20281 0.286818 1.56695 1.51959 2.15391 1.42145 2.08072 1.8137
166 4.965 1.20763 36.6469 0.762877 2.6157 0.781148 0.321995 0.830751 0.406378 0.822237 0.642959 0.82373 0.132697 1.10936 0.294221 1.39274 1.52887 2.74139 1.43975 2.051 1.8274
167 4.995 1.19419 37.4027 0.760177 2.6691 0.823141 0.327551 0.828304 0.413707 0.876774 0.655636 0.785568 0.135313 1.25049 0.302662 1.68054 1.54021 2.10352 1.45394 1.21907 1.83562
168 5.025 1.17933 38.1582 0.746803 2.7222 0.812149 0.3331 0.822364 0.421072 0.829226 0.667772 0.831811 0.138116 1.07431 0.31 1.43308 1.55 2.30776 1.46972 1.40432 1.84521
169 5.055 1.15932 38.9097 0.728313 2.7746 0.817086 0.33875 0.810292 0.428416 0.82535 0.679994 0.8009 0.140848 1.24862 0.318636 1.41577 1.55979 1.41407 1.4795 2.37808 1.86164
170 5.085 1.13538 39.6544 0.747795 2.82904 0.876635 0.344883 0.826643 0.435997 0.823283 0.692332 0.722628 0.143341 1.16896 0.326818 2.57859 1.57784 2.25467 1.49527 1.56647 1.8726
171 5.115 1.11772 40.3962 0.718963 2.882 0.796826 0.350526 0.832537 0.443723 0.822618 0.704807 0.773999 0.146044 1.14725 0.334935 1.96657 1.59175 2.31601 1.51167 2.51754 1.89041
172 5.145 1.09359 41.1306 0.720582 2.9357 0.848138 0.356601 0.785235 0.451095 0.855817 0.717937 0.760955 0.148732 1.16964 0.343312 2.01371 1.60619 2.20056 1.52744 1.72221 1.90274
173 5.175 1.07351 41.8599 0.679717 2.98696 0.853357 0.362785 0.775426 0.458461 0.824603 0.730737 0.687613 0.151189 1.30834 0.352792 1.70639 1.61856 1.47963 1.53817 0.947529 1.90959
174 5.205 1.05464 42.5847 0.68182 3.03897 0.902502 0.3694 0.808444 0.466229 0.817021 0.743564 0.733434 0.153841 1.38181 0.362922 2.17739 1.63454 1.89089 1.55205 1.12184 1.91781
175 5.235 1.02744 43.299 0.662276 3.09007 0.923955 0.376254 0.782974 0.47384 0.84581 0.756998 0.65203 0.156227 1.25195 0.372208 1.94878 1.64897 2.21116 1.56845 2.21876 1.93425
176 5.265 1.00135 44.0031 0.659857 3.14157 0.864734 0.38274 0.796053 0.481666 0.84557 0.770582 0.671917 0.158713 1.28955 0.381883 2.3375 1.66649 2.14488 1.58454 1.27746 1.94384
177 5.295 0.976824 44.6979 0.656334 3.19338 0.9005 0.389572 0.751551 0.48914 0.851568 0.784419 0.658786 0.161178 1.01833 0.38961 2.24158 1.68351 1.95408 1.59937 1.98872 1.9589
178 5.325 0.952778 45.3832 0.634422 3.24403 0.919501 0.396627 0.781782 0.497002 0.838055 0.798191 0.641455 0.163606 1.08323 0.397922 2.08356 1.69948 1.76789 1.61293 2.14361 1.97534
179 5.355 0.923824 46.0552 0.628643 3.29478 0.917567 0.403747 0.752458 0.504656 0.824256 0.811891 0.589432 0.165862 1.13836 0.406753 1.72871 1.71289 1.83004 1.62713 1.58891 1.98767
180 5.385 0.907602 46.7228 0.602803 3.344 0.988316 0.411502 0.771469 0.51259 0.858054 0.826312 0.661243 0.16842 1.19964 0.416169 2.89063 1.73557 2.09102 1.64353 1.04665 1.99589
181 5.415 0.876143 47.3745 0.625904 3.39567 0.920251 0.418802 0.753849 0.520431 0.845728 0.840682 0.662912 0.171015 1.41602 0.427403 2.1449 1.75258 1.90899 1.65868 0.519199 2
182 5.445 0.857669 48.0196 0.605482 3.44621 1.03318 0.42709 0.736169 0.528171 0.821993 0.854807 0.611839 0.173436 1.10895 0.436299 2.63528 1.77371 1.92783 1.67413 1.87817 2.01507
183 5.475 0.835926 48.6552 0.608529 3.49756 0.95884 0.434866 0.780978 0.536473 0.834987 0.869314 0.572706 0.175728 1.073 0.445 2.29037 1.79227 1.86649 1.68927 1.85511 2.03014
184 5.505 0.815274 49.2819 0.596721 3.54848 0.99849 0.443053 0.777799 0.544833 0.827558 0.88385 0.589695 0.178113 1.15556 0.454481 2.20094 1.81031 2.03964 1.70599 3.17309 2.05616
185 5.535 0.807695 49.9096 0.582467 3.59872 0.998024 0.451326 0.748073 0.552962 0.876354 0.899409 0.611751 0.180614 1.25307 0.46487 2.67215 1.83247 2.20749 1.72429 1.65299 2.06986
186 5.565 0.791778 50.5316 0.58338 3.64959 1.05352 0.460154 0.744792 0.561142 0.850798 0.91468 0.60318 0.183108 1.21683 0.475065 2.58362 1.85412 1.80618 1.73943 1.14558 2.07945
187 5.595 0.774317 51.1465 0.578189 3.70055 1.08986 0.469386 0.804878 0.570078 0.890054 0.93083 0.524167 0.185298 1.46395 0.487468 2.61462 1.87629 2.01145 1.75647 1.29506 2.09041
188 5.625 0.767657 51.7626 0.588425 3.75297 1.04711 0.478351 0.76737 0.57869 0.88114 0.946988 0.57528 0.187727 1.35736 0.499091 2.64851 1.89897 1.95344 1.77319 2.07969 2.10822
189 5.655 0.764428 52.3827 0.580143 3.8052 1.07605 0.487662 0.746591 0.587158 0.878442 0.963268 0.528502 0.189983 1.32103 0.510519 2.20293 1.91804 1.93234 1.78991 1.58223 2.12192
190 5.685 0.761833 53.0073 0.591994 3.85907 1.06136 0.496944 0.761998 0.595892 0.891072 0.979958 0.532825 0.192282 1.38114 0.522597 2.41569 1.93918 2.38058 1.81073 1.72128 2.13699
191 5.715 0.757028 53.6345 0.584492 3.91282 1.07247 0.506421 0.810591 0.605283 0.92587 0.997485 0.543792 0.194653 1.52088 0.536039 3.09381 1.96649 2.03595 1.82871 1.70598 2.15205
192 5.745 0.751205 54.2634 0.594167 3.96803 1.07651 0.516035 0.791643 0.61455 0.960323 1.01585 0.571124 0.197168 1.58534 0.550195 2.82506 1.99175 1.80123 1.84479 1.68798 2.16712
193 5.775 0.76117 54.9073 0.592601 4.02367 1.08046 0.525786 0.790134 0.623897 0.921652 1.03367 0.508261 0.199431 1.31748 0.562078 2.9144 2.01804 1.60763 1.85931 2.42654 2.18904
194 5.805 0.765003 55.5613 0.610835 4.08162 1.10257 0.535839 0.82781 0.633792 0.970112 1.05262 0.53191 0.201823 1.48856 0.575649 2.20586 2.03814 2.24902 1.87981 2.55353 2.21233
195 5.835 0.775012 56.2306 0.615883 4.14066 1.11946 0.546152 0.760993 0.642981 0.938595 1.07114 0.516995 0.204173 1.43049 0.588831 2.06965 2.05722 1.95097 1.89779 2.23024 2.23288
196 5.865 0.785609 56.9161 0.625068 4.2012 1.05609 0.555982 0.793806 0.652666 0.861437 1.08831 0.606006 0.206954 1.38843 0.601753 1.93767 2.07526 1.66126 1.91325 2.65104 2.25753
197 5.895 0.797251 57.6189 0.645543 4.26436 1.06994 0.566042 0.8455 0.663087 0.848119 1.10539 0.635266 0.209902 1.3328 0.614286 1.47977 2.08918 1.77801 1.92997 2.47709 2.28082
198 5.925 0.82654 58.3549 0.683214 4.33188 0.983986 0.575389 0.858873 0.673782 0.774681 1.12115 0.838138 0.21383 1.25088 0.626169 1.19279 2.10052 1.85978 1.94763 2.307 2.30274
199 5.955 0.848036 59.1178 0.739487 4.40571 0.944092 0.584448 0.949469 0.685724 0.773562 1.13705 0.872591 0.217959 1.42764 0.63987 1.23587 2.11237 1.7439 1.96435 3.85527 2.33973
200 5.985 0.864111 59.903 0.755711 4.48193 0.955303 0.593709 0.967047 0.698011 0.767592 1.15298 1.06707 0.223061 1.2057 0.651558 2.18074 2.13351 1.69298 1.98076 2.82735 2.36712
